delivery_id,van_id,depot_id,zone_id,dispatch_time,delivered_time,promised_window_start,promised_window_end,distance_km,package_weight_kg,shipment_volume,transport_cost,first_attempt_success,delivery_outcome
D00000,VAN-52,DEPOT-C,North Zone 1,2026-06-27 14:26:00,2026-06-27 14:44:12.723074424,2026-06-27 09:00:00,2026-06-27 16:00:00,7.88,3.67,8,79.03,True,DELIVERED
D00001,VAN-22,DEPOT-C,North Zone 2,2026-06-17 08:45:00,2026-06-17 09:12:59.532297754,2026-06-17 09:00:00,2026-06-17 10:00:00,7.3,2.95,4,76.25,True,DELIVERED
D00002,VAN-50,DEPOT-A,South Zone 1,2026-05-26 17:22:00,2026-05-26 17:39:08.539931894,2026-05-26 09:00:00,2026-05-26 19:00:00,6.54,3.05,10,76.64,True,DELIVERED
D00003,VAN-34,DEPOT-B,East Zone 1,2026-05-04 16:47:00,2026-05-04 17:03:44.916654513,2026-05-04 09:00:00,2026-05-04 18:00:00,9.58,2.57,6,78.27,True,DELIVERED
D00004,VAN-31,DEPOT-C,North Zone 1,2026-06-12 16:18:00,2026-06-12 16:25:53.525600886,2026-06-12 09:00:00,2026-06-12 18:00:00,5.13,6.08,5,76.49,True,DELIVERED
D00005,VAN-42,DEPOT-B,West Zone 1,2026-06-19 11:24:00,2026-06-19 12:16:00.189708397,2026-06-19 09:00:00,2026-06-19 13:00:00,15.14,2.48,7,97.33,True,DELIVERED
D00006,VAN-43,DEPOT-A,South Zone 2,2026-05-29 18:05:00,2026-05-29 18:27:25.975247941,2026-05-29 09:00:00,2026-05-29 20:00:00,8.69,4.48,7,78.84,True,DELIVERED
D00007,VAN-40,DEPOT-A,East Zone 1,2026-05-25 16:34:00,2026-05-25 16:43:34.300237753,2026-05-25 09:00:00,2026-05-25 18:00:00,6.51,3.52,7,80.34,True,DELIVERED
D00008,VAN-27,DEPOT-C,East Zone 1,2026-05-11 09:35:00,2026-05-11 09:46:22.852482126,2026-05-11 09:00:00,2026-05-11 11:00:00,6.4,2.42,6,81.83,True,DELIVERED
D00009,VAN-40,DEPOT-C,North Zone 1,2026-06-13 13:28:00,2026-06-13 13:36:59.034252639,2026-06-13 09:00:00,2026-06-13 15:00:00,6.67,2.37,4,64.4,True,DELIVERED
D00010,VAN-58,DEPOT-A,North Zone 1,2026-05-23 09:39:00,2026-05-23 09:58:38.258201002,2026-05-23 09:00:00,2026-05-23 11:00:00,10.42,6.57,4,85.24,True,DELIVERED
D00011,VAN-25,DEPOT-B,North Zone 2,2026-07-09 14:17:00,2026-07-09 14:41:19.507671841,2026-07-09 09:00:00,2026-07-09 16:00:00,8.61,1.91,9,77.31,True,DELIVERED
D00012,VAN-20,DEPOT-C,West Zone 1,2026-05-10 15:44:00,2026-05-10 16:35:30.001018146,2026-05-10 09:00:00,2026-05-10 17:00:00,14.46,0.9,6,87.52,True,DELIVERED
D00013,VAN-35,DEPOT-C,South Zone 1,2026-06-08 12:08:00,2026-06-08 12:23:38.886244977,2026-06-08 09:00:00,2026-06-08 14:00:00,5.84,3.57,8,70.32,True,DELIVERED
D00014,VAN-01,DEPOT-C,North Zone 1,2026-05-31 18:18:00,2026-05-31 18:37:37.049955208,2026-05-31 09:00:00,2026-05-31 20:00:00,8.51,8.12,5,87.37,True,DELIVERED
D00015,VAN-58,DEPOT-C,North Zone 1,2026-06-14 09:55:00,2026-06-14 09:59:59.368479374,2026-06-14 09:00:00,2026-06-14 11:00:00,5.28,2.03,9,60.29,True,DELIVERED
D00016,VAN-36,DEPOT-A,North Zone 2,2026-06-04 13:14:00,2026-06-04 13:26:03.553664948,2026-06-04 09:00:00,2026-06-04 15:00:00,5.78,10.68,5,81.26,True,DELIVERED
D00017,VAN-33,DEPOT-A,North Zone 1,2026-05-23 13:09:00,2026-05-23 13:13:00.000000000,2026-05-23 09:00:00,2026-05-23 15:00:00,2.56,2.69,6,58.05,True,DELIVERED
D00018,VAN-51,DEPOT-C,South Zone 1,2026-05-16 17:14:00,2026-05-16 17:35:18.739830038,2026-05-16 09:00:00,2026-05-16 19:00:00,10.23,4.43,5,88.6,True,DELIVERED
D00019,VAN-10,DEPOT-B,East Zone 1,2026-07-06 09:58:00,2026-07-06 10:15:08.003000697,2026-07-06 09:00:00,2026-07-06 11:00:00,6.82,3.47,8,70.84,True,DELIVERED
D00020,VAN-36,DEPOT-C,South Zone 2,2026-05-20 11:22:00,2026-05-20 12:15:51.273537634,2026-05-20 09:00:00,2026-05-20 13:00:00,14.16,3.18,12,101.97,True,DELIVERED
D00021,VAN-01,DEPOT-B,South Zone 2,2026-07-03 18:07:00,2026-07-03 18:55:22.522842759,2026-07-03 09:00:00,2026-07-03 20:00:00,14.93,10.59,11,113.7,True,DELIVERED
D00022,VAN-56,DEPOT-C,South Zone 1,2026-06-05 15:31:00,2026-06-05 15:40:31.657666146,2026-06-05 09:00:00,2026-06-05 17:00:00,5.18,9.49,4,80.87,True,DELIVERED
D00023,VAN-57,DEPOT-C,North Zone 2,2026-06-19 15:20:00,2026-06-19 15:44:36.037956751,2026-06-19 09:00:00,2026-06-19 17:00:00,9.58,4.08,6,91.9,True,DELIVERED
D00024,VAN-26,DEPOT-A,South Zone 1,2026-06-27 14:28:00,2026-06-27 14:40:41.777609810,2026-06-27 09:00:00,2026-06-27 16:00:00,5.03,6.07,7,79.88,True,DELIVERED
D00025,VAN-15,DEPOT-A,West Zone 1,2026-06-05 10:26:00,2026-06-05 11:22:35.578405271,2026-06-05 09:00:00,2026-06-05 12:00:00,15.1,4.1,9,102.07,False,REDELIVERY_REQUIRED
D00026,VAN-58,DEPOT-A,South Zone 1,2026-05-14 17:46:00,2026-05-14 17:56:46.133570961,2026-05-14 09:00:00,2026-05-14 19:00:00,7.05,4.87,2,64.37,True,DELIVERED
D00027,VAN-33,DEPOT-B,North Zone 2,2026-07-02 09:03:00,2026-07-02 09:32:47.541461381,2026-07-02 09:00:00,2026-07-02 11:00:00,10.87,3.87,4,86.17,True,DELIVERED
D00028,VAN-25,DEPOT-A,North Zone 1,2026-07-02 12:09:00,2026-07-02 12:13:00.000000000,2026-07-02 09:00:00,2026-07-02 14:00:00,2.3,2.49,5,56.05,True,DELIVERED
D00029,VAN-55,DEPOT-B,South Zone 1,2026-05-10 16:11:00,2026-05-10 16:15:00.000000000,2026-05-10 09:00:00,2026-05-10 18:00:00,2.33,4.56,9,59.87,True,DELIVERED
D00030,VAN-09,DEPOT-A,North Zone 1,2026-05-12 18:08:00,2026-05-12 18:27:45.085336886,2026-05-12 09:00:00,2026-05-12 20:00:00,6.4,1.59,7,66.59,True,DELIVERED
D00031,VAN-03,DEPOT-A,North Zone 1,2026-06-13 11:33:00,2026-06-13 11:41:00.194230525,2026-06-13 09:00:00,2026-06-13 13:00:00,4.98,3.84,13,62.74,True,DELIVERED
D00032,VAN-15,DEPOT-B,North Zone 1,2026-05-09 17:50:00,2026-05-09 18:01:32.635146770,2026-05-09 09:00:00,2026-05-09 19:00:00,6.92,4.65,5,83.68,True,DELIVERED
D00033,VAN-29,DEPOT-A,East Zone 1,2026-05-12 13:21:00,2026-05-12 13:48:18.718212808,2026-05-12 09:00:00,2026-05-12 15:00:00,6.64,4.59,5,79.25,True,DELIVERED
D00034,VAN-29,DEPOT-B,East Zone 1,2026-05-15 12:50:00,2026-05-15 13:11:20.716499461,2026-05-15 09:00:00,2026-05-15 14:00:00,12.07,1.53,4,87.17,True,DELIVERED
D00035,VAN-25,DEPOT-C,West Zone 1,2026-05-14 10:10:00,2026-05-14 11:05:21.211283399,2026-05-14 09:00:00,2026-05-14 12:00:00,12.88,0.7,6,88.97,True,DELIVERED
D00036,VAN-38,DEPOT-B,East Zone 1,2026-06-26 14:03:00,2026-06-26 14:17:16.522938026,2026-06-26 09:00:00,2026-06-26 16:00:00,5.48,5.35,11,71.74,True,DELIVERED
D00037,VAN-32,DEPOT-B,South Zone 1,2026-05-16 07:20:00,2026-05-16 07:29:24.781934289,2026-05-16 09:00:00,2026-05-16 09:00:00,6.85,1.92,3,71.94,True,DELIVERED
D00038,VAN-39,DEPOT-B,East Zone 1,2026-07-11 16:37:00,2026-07-11 16:58:25.853437643,2026-07-11 09:00:00,2026-07-11 18:00:00,11.12,4.36,11,99.36,True,DELIVERED
D00039,VAN-23,DEPOT-A,North Zone 1,2026-05-12 10:02:00,2026-05-12 10:11:50.512189143,2026-05-12 09:00:00,2026-05-12 12:00:00,4.94,5.9,9,61.32,False,REDELIVERY_REQUIRED
D00040,VAN-32,DEPOT-A,West Zone 1,2026-06-20 16:42:00,2026-06-20 17:31:27.856559163,2026-06-20 09:00:00,2026-06-20 18:00:00,15.12,1.0,5,96.78,True,DELIVERED
D00041,VAN-26,DEPOT-C,East Zone 1,2026-06-01 15:53:00,2026-06-01 16:15:43.479423613,2026-06-01 09:00:00,2026-06-01 17:00:00,11.41,0.2,8,85.01,True,DELIVERED
D00042,VAN-19,DEPOT-B,South Zone 2,2026-07-12 14:17:00,2026-07-12 14:53:04.816591321,2026-07-12 09:00:00,2026-07-12 16:00:00,11.16,5.19,8,93.56,False,REDELIVERY_REQUIRED
D00043,VAN-11,DEPOT-A,West Zone 1,2026-06-17 17:20:00,2026-06-17 18:14:15.683078276,2026-06-17 09:00:00,2026-06-17 19:00:00,13.19,3.29,10,85.23,True,DELIVERED
D00044,VAN-47,DEPOT-B,South Zone 1,2026-07-04 07:16:00,2026-07-04 07:26:25.867257706,2026-07-04 09:00:00,2026-07-04 09:00:00,6.05,2.92,9,66.87,True,DELIVERED
D00045,VAN-47,DEPOT-A,West Zone 1,2026-06-03 08:02:00,2026-06-03 08:37:25.298950694,2026-06-03 09:00:00,2026-06-03 10:00:00,8.37,1.69,5,68.65,True,DELIVERED
D00046,VAN-02,DEPOT-A,West Zone 1,2026-06-21 12:12:00,2026-06-21 13:11:10.308136789,2026-06-21 09:00:00,2026-06-21 14:00:00,15.4,5.3,3,102.54,True,DELIVERED
D00047,VAN-12,DEPOT-A,South Zone 1,2026-06-03 13:46:00,2026-06-03 13:50:22.622163642,2026-06-03 09:00:00,2026-06-03 15:00:00,2.44,7.18,6,59.02,True,DELIVERED
D00048,VAN-28,DEPOT-A,South Zone 2,2026-05-07 10:08:00,2026-05-07 10:53:04.848061003,2026-05-07 09:00:00,2026-05-07 12:00:00,12.7,5.77,7,101.6,True,DELIVERED
D00049,VAN-45,DEPOT-B,West Zone 1,2026-06-27 18:51:00,2026-06-27 19:38:42.235854728,2026-06-27 09:00:00,2026-06-27 20:00:00,14.03,1.34,9,96.12,False,REDELIVERY_REQUIRED
D00050,VAN-16,DEPOT-A,South Zone 1,2026-05-05 15:09:00,2026-05-05 15:19:12.193755727,2026-05-05 09:00:00,2026-05-05 17:00:00,1.8,10.09,6,69.28,True,DELIVERED
D00051,VAN-12,DEPOT-A,West Zone 1,2026-05-05 13:59:00,2026-05-05 15:13:29.460588090,2026-05-05 09:00:00,2026-05-05 15:00:00,16.24,4.02,6,106.53,True,DELIVERED
D00052,VAN-26,DEPOT-B,North Zone 1,2026-06-14 08:13:00,2026-06-14 08:30:44.348759295,2026-06-14 09:00:00,2026-06-14 10:00:00,8.56,1.59,9,71.81,True,DELIVERED
D00053,VAN-25,DEPOT-B,West Zone 1,2026-05-10 16:53:00,2026-05-10 17:44:40.031876515,2026-05-10 09:00:00,2026-05-10 18:00:00,13.0,4.09,7,94.12,True,DELIVERED
D00054,VAN-49,DEPOT-C,North Zone 1,2026-06-24 14:43:00,2026-06-24 15:06:16.015088598,2026-06-24 09:00:00,2026-06-24 16:00:00,6.99,1.19,6,80.93,True,DELIVERED
D00055,VAN-03,DEPOT-B,West Zone 1,2026-07-05 14:23:00,2026-07-05 15:33:53.430362918,2026-07-05 09:00:00,2026-07-05 16:00:00,14.91,6.05,7,105.63,True,DELIVERED
D00056,VAN-06,DEPOT-C,North Zone 1,2026-07-09 15:14:00,2026-07-09 15:19:00.329919240,2026-07-09 09:00:00,2026-07-09 17:00:00,2.39,3.55,5,60.73,True,DELIVERED
D00057,VAN-49,DEPOT-C,North Zone 2,2026-06-18 15:29:00,2026-06-18 15:40:37.436248494,2026-06-18 09:00:00,2026-06-18 17:00:00,4.1,2.79,8,60.57,True,DELIVERED
D00058,VAN-14,DEPOT-C,East Zone 1,2026-06-16 11:32:00,2026-06-16 11:50:40.877564056,2026-06-16 09:00:00,2026-06-16 13:00:00,6.98,2.59,8,68.26,True,DELIVERED
D00059,VAN-05,DEPOT-C,East Zone 1,2026-05-11 11:15:00,2026-05-11 11:24:30.477614983,2026-05-11 09:00:00,2026-05-11 13:00:00,5.31,4.47,8,68.12,True,DELIVERED
D00060,VAN-10,DEPOT-A,North Zone 1,2026-06-27 10:31:00,2026-06-27 10:49:57.699176591,2026-06-27 09:00:00,2026-06-27 12:00:00,10.71,4.52,6,90.93,True,DELIVERED
D00061,VAN-34,DEPOT-A,West Zone 1,2026-05-06 11:07:00,2026-05-06 12:17:46.063914067,2026-05-06 09:00:00,2026-05-06 13:00:00,14.53,4.77,8,102.94,True,DELIVERED
D00062,VAN-53,DEPOT-A,West Zone 1,2026-05-27 07:47:00,2026-05-27 09:17:42.623380276,2026-05-27 09:00:00,2026-05-27 09:00:00,19.61,4.5,4,107.66,True,DELIVERED
D00063,VAN-36,DEPOT-A,South Zone 1,2026-06-05 16:07:00,2026-06-05 16:13:05.956314764,2026-06-05 09:00:00,2026-06-05 18:00:00,4.29,3.94,9,70.25,True,DELIVERED
D00064,VAN-16,DEPOT-A,West Zone 1,2026-06-04 10:53:00,2026-06-04 11:46:07.798568366,2026-06-04 09:00:00,2026-06-04 12:00:00,13.24,6.12,10,95.92,True,DELIVERED
D00065,VAN-17,DEPOT-C,East Zone 1,2026-05-10 10:40:00,2026-05-10 10:58:58.528873318,2026-05-10 09:00:00,2026-05-10 12:00:00,7.06,4.41,7,73.52,True,DELIVERED
D00066,VAN-58,DEPOT-B,West Zone 1,2026-07-06 15:12:00,2026-07-06 16:06:50.373441646,2026-07-06 09:00:00,2026-07-06 17:00:00,15.54,2.48,7,96.02,True,DELIVERED
D00067,VAN-19,DEPOT-A,South Zone 1,2026-06-04 09:56:00,2026-06-04 10:03:53.898233514,2026-06-04 09:00:00,2026-06-04 11:00:00,6.69,6.53,13,79.08,True,DELIVERED
D00068,VAN-42,DEPOT-C,South Zone 1,2026-06-14 11:24:00,2026-06-14 11:36:21.405387602,2026-06-14 09:00:00,2026-06-14 13:00:00,8.64,7.19,3,94.25,True,DELIVERED
D00069,VAN-28,DEPOT-A,South Zone 2,2026-05-12 08:23:00,2026-05-12 08:50:18.520250943,2026-05-12 09:00:00,2026-05-12 10:00:00,8.02,3.95,7,78.44,True,DELIVERED
D00070,VAN-46,DEPOT-B,East Zone 1,2026-07-01 13:10:00,2026-07-01 13:27:11.510824823,2026-07-01 09:00:00,2026-07-01 15:00:00,7.31,3.36,10,78.02,True,DELIVERED
D00071,VAN-31,DEPOT-A,North Zone 2,2026-06-28 15:49:00,2026-06-28 16:12:55.980270881,2026-06-28 09:00:00,2026-06-28 17:00:00,7.01,6.01,7,80.37,False,REDELIVERY_REQUIRED
D00072,VAN-36,DEPOT-A,North Zone 2,2026-05-04 08:26:00,2026-05-04 08:48:41.540551641,2026-05-04 09:00:00,2026-05-04 10:00:00,8.41,2.68,7,75.75,True,DELIVERED
D00073,VAN-03,DEPOT-C,North Zone 2,2026-06-25 09:30:00,2026-06-25 10:02:30.259106299,2026-06-25 09:00:00,2026-06-25 11:00:00,9.01,0.22,4,71.91,True,DELIVERED
D00074,VAN-28,DEPOT-A,North Zone 1,2026-05-31 15:59:00,2026-05-31 16:10:28.303230192,2026-05-31 09:00:00,2026-05-31 17:00:00,6.68,5.48,10,90.99,True,DELIVERED
D00075,VAN-36,DEPOT-C,South Zone 2,2026-05-07 18:36:00,2026-05-07 19:00:50.678022185,2026-05-07 09:00:00,2026-05-07 20:00:00,7.23,1.36,9,70.53,True,DELIVERED
D00076,VAN-54,DEPOT-A,East Zone 1,2026-06-18 16:10:00,2026-06-18 16:34:32.101084350,2026-06-18 09:00:00,2026-06-18 18:00:00,7.65,6.67,4,75.92,True,DELIVERED
D00077,VAN-49,DEPOT-C,South Zone 1,2026-05-18 08:25:00,2026-05-18 08:34:57.768801421,2026-05-18 09:00:00,2026-05-18 10:00:00,6.05,1.92,4,73.14,True,DELIVERED
D00078,VAN-55,DEPOT-C,North Zone 1,2026-07-08 15:05:00,2026-07-08 15:09:00.000000000,2026-07-08 09:00:00,2026-07-08 17:00:00,2.55,0.25,8,50.16,True,DELIVERED
D00079,VAN-35,DEPOT-B,West Zone 1,2026-05-15 16:58:00,2026-05-15 17:38:11.451419552,2026-05-15 09:00:00,2026-05-15 18:00:00,11.04,4.25,4,95.64,True,DELIVERED
D00080,VAN-19,DEPOT-A,East Zone 1,2026-06-01 12:25:00,2026-06-01 12:42:36.550849095,2026-06-01 09:00:00,2026-06-01 14:00:00,8.17,0.51,8,71.82,True,DELIVERED
D00081,VAN-55,DEPOT-B,South Zone 2,2026-06-23 18:23:00,2026-06-23 19:15:13.752254340,2026-06-23 09:00:00,,13.99,3.21,10,91.94,True,DELIVERED
D00082,VAN-13,DEPOT-B,North Zone 1,2026-05-05 11:44:00,2026-05-05 11:48:00.000000000,2026-05-05 09:00:00,2026-05-05 13:00:00,0.57,5.84,7,54.98,True,DELIVERED
D00083,VAN-08,DEPOT-A,North Zone 2,2026-07-10 07:57:00,2026-07-10 08:10:30.723860580,2026-07-10 09:00:00,2026-07-10 09:00:00,7.35,1.41,8,54.38,True,DELIVERED
D00084,VAN-56,DEPOT-A,West Zone 1,2026-06-28 09:50:00,2026-06-28 10:50:48.731050159,2026-06-28 09:00:00,2026-06-28 11:00:00,15.01,10.68,8,118.06,True,DELIVERED
D00085,VAN-29,DEPOT-C,South Zone 1,2026-05-13 13:11:00,2026-05-13 13:15:00.000000000,2026-05-13 09:00:00,2026-05-13 15:00:00,0.5,6.15,9,54.51,True,DELIVERED
D00086,VAN-53,DEPOT-B,South Zone 2,2026-05-06 09:42:00,2026-05-06 10:37:14.374974300,2026-05-06 09:00:00,2026-05-06 11:00:00,14.29,2.72,5,93.37,True,DELIVERED
D00087,VAN-24,DEPOT-B,East Zone 1,2026-05-31 16:26:00,2026-05-31 16:42:18.440310470,2026-05-31 09:00:00,2026-05-31 18:00:00,10.29,6.09,10,91.08,True,DELIVERED
D00088,VAN-12,DEPOT-C,West Zone 1,2026-07-05 09:58:00,2026-07-05 10:53:05.940961701,2026-07-05 09:00:00,2026-07-05 11:00:00,17.07,2.58,4,106.27,True,DELIVERED
D00089,VAN-09,DEPOT-B,West Zone 1,2026-06-15 08:02:00,2026-06-15 08:56:13.187422219,2026-06-15 09:00:00,2026-06-15 10:00:00,15.16,10.82,6,110.03,True,DELIVERED
D00090,VAN-08,DEPOT-B,South Zone 1,2026-07-06 10:32:00,2026-07-06 10:42:35.192177362,2026-07-06 09:00:00,2026-07-06 12:00:00,4.98,2.36,7,65.35,True,DELIVERED
D00091,VAN-02,DEPOT-B,South Zone 1,2026-05-16 14:19:00,2026-05-16 14:23:21.482459093,2026-05-16 09:00:00,2026-05-16 16:00:00,5.45,5.95,5,63.34,True,DELIVERED
D00092,VAN-44,DEPOT-A,West Zone 1,2026-06-03 10:59:00,2026-06-03 11:53:49.817514419,2026-06-03 09:00:00,2026-06-03 12:00:00,10.88,1.89,6,81.39,True,DELIVERED
D00093,VAN-21,DEPOT-A,East Zone 1,2026-06-30 15:38:00,2026-06-30 16:02:28.975720226,2026-06-30 09:00:00,2026-06-30 17:00:00,7.01,3.05,11,64.36,True,DELIVERED
D00094,VAN-48,DEPOT-B,South Zone 1,2026-05-17 11:37:00,2026-05-17 11:41:00.000000000,2026-05-17 09:00:00,2026-05-17 13:00:00,0.5,2.93,8,47.02,True,DELIVERED
D00095,VAN-14,DEPOT-B,East Zone 1,2026-05-14 11:16:00,2026-05-14 11:31:27.417974854,2026-05-14 09:00:00,2026-05-14 13:00:00,6.46,1.97,8,77.17,True,DELIVERED
D00096,VAN-27,DEPOT-C,South Zone 1,2026-05-31 15:14:00,2026-05-31 15:30:01.507582937,2026-05-31 09:00:00,2026-05-31 17:00:00,4.89,3.69,9,59.68,True,DELIVERED
D00097,VAN-47,DEPOT-C,East Zone 1,2026-07-06 13:47:00,2026-07-06 14:17:00.534135278,2026-07-06 09:00:00,2026-07-06 15:00:00,10.7,2.91,7,88.97,True,DELIVERED
D00098,VAN-46,DEPOT-B,East Zone 1,2026-07-04 08:53:00,2026-07-04 09:14:19.811211431,2026-07-04 09:00:00,2026-07-04 10:00:00,10.1,3.07,6,78.5,True,DELIVERED
D00099,VAN-42,DEPOT-A,North Zone 1,2026-07-01 07:40:00,2026-07-01 07:53:15.675924570,2026-07-01 09:00:00,2026-07-01 09:00:00,4.18,5.89,8,73.35,True,DELIVERED
D00100,VAN-09,DEPOT-B,East Zone 1,2026-06-27 14:46:00,2026-06-27 14:56:15.904847149,2026-06-27 09:00:00,2026-06-27 16:00:00,7.97,1.02,5,75.64,True,DELIVERED
D00101,VAN-11,DEPOT-A,South Zone 1,2026-06-25 08:22:00,2026-06-25 08:30:56.330487099,2026-06-25 09:00:00,2026-06-25 10:00:00,7.36,2.29,11,80.25,True,DELIVERED
D00102,VAN-16,DEPOT-A,South Zone 1,2026-06-05 09:17:00,2026-06-05 09:24:28.170060838,2026-06-05 09:00:00,2026-06-05 11:00:00,5.49,2.44,6,56.29,True,DELIVERED
D00103,VAN-08,DEPOT-C,North Zone 1,2026-05-15 16:38:00,2026-05-15 16:57:43.060097276,2026-05-15 09:00:00,2026-05-15 18:00:00,7.9,3.86,6,78.11,True,DELIVERED
D00104,VAN-50,DEPOT-C,North Zone 1,2026-07-08 08:43:00,2026-07-08 09:03:34.341529679,2026-07-08 09:00:00,2026-07-08 10:00:00,8.43,2.83,7,84.11,True,DELIVERED
D00105,VAN-31,DEPOT-C,West Zone 1,2026-07-06 16:14:00,2026-07-06 17:14:54.973024898,2026-07-06 09:00:00,2026-07-06 18:00:00,15.34,2.76,11,99.07,True,DELIVERED
D00106,VAN-37,DEPOT-B,South Zone 2,2026-05-30 14:58:00,2026-05-30 15:36:00.996847541,2026-05-30 09:00:00,2026-05-30 16:00:00,12.34,2.78,5,83.33,True,DELIVERED
D00107,VAN-48,DEPOT-A,South Zone 1,2026-05-07 12:20:00,2026-05-07 12:27:23.325200139,2026-05-07 09:00:00,2026-05-07 14:00:00,3.65,2.98,7,64.52,True,DELIVERED
D00108,VAN-11,DEPOT-C,East Zone 1,2026-05-20 11:01:00,2026-05-20 11:12:54.125247540,2026-05-20 09:00:00,2026-05-20 13:00:00,5.18,3.71,9,67.58,True,DELIVERED
D00109,VAN-06,DEPOT-C,East Zone 1,2026-07-07 16:19:00,2026-07-07 16:38:54.451240687,2026-07-07 09:00:00,2026-07-07 18:00:00,9.52,6.83,4,82.11,True,DELIVERED
D00110,VAN-42,DEPOT-A,North Zone 1,2026-06-17 11:52:00,2026-06-17 12:05:33.935064257,2026-06-17 09:00:00,2026-06-17 13:00:00,5.92,0.82,6,74.3,True,DELIVERED
D00111,VAN-34,DEPOT-C,West Zone 1,2026-06-21 14:51:00,2026-06-21 15:41:14.365549364,2026-06-21 09:00:00,2026-06-21 16:00:00,12.56,2.22,10,82.12,True,DELIVERED
D00112,VAN-08,DEPOT-A,South Zone 2,2026-05-09 16:26:00,2026-05-09 16:55:17.952968962,2026-05-09 09:00:00,2026-05-09 18:00:00,11.64,6.01,11,86.34,True,DELIVERED
D00113,VAN-22,DEPOT-C,South Zone 1,2026-06-09 15:28:00,2026-06-09 15:35:39.464992578,2026-06-09 09:00:00,2026-06-09 17:00:00,2.54,7.55,4,66.67,True,DELIVERED
D00114,VAN-41,DEPOT-A,South Zone 2,2026-06-24 15:01:00,2026-06-24 15:43:58.446289942,2026-06-24 09:00:00,2026-06-24 17:00:00,11.18,2.08,12,86.17,True,DELIVERED
D00115,VAN-05,DEPOT-B,South Zone 2,2026-06-13 16:59:00,2026-06-13 17:43:00.302879231,2026-06-13 09:00:00,2026-06-13 18:00:00,14.33,2.7,11,89.02,True,DELIVERED
D00116,VAN-11,DEPOT-A,North Zone 2,2026-06-08 13:38:00,2026-06-08 14:07:10.970549938,2026-06-08 09:00:00,2026-06-08 15:00:00,8.35,1.51,5,74.64,True,DELIVERED
D00117,VAN-41,DEPOT-B,West Zone 1,2026-05-26 08:10:00,2026-05-26 09:15:38.909070195,2026-05-26 09:00:00,2026-05-26 10:00:00,14.58,5.39,4,92.97,True,DELIVERED
D00118,VAN-47,DEPOT-B,South Zone 1,2026-05-09 12:48:00,2026-05-09 12:57:01.867400854,2026-05-09 09:00:00,2026-05-09 14:00:00,5.72,2.82,8,72.78,True,DELIVERED
D00119,VAN-35,DEPOT-B,East Zone 1,2026-05-19 15:02:00,2026-05-19 15:30:50.885780042,2026-05-19 09:00:00,2026-05-19 17:00:00,11.56,3.6,9,86.86,True,DELIVERED
D00120,VAN-12,DEPOT-C,North Zone 1,2026-06-01 07:10:00,2026-06-01 07:14:52.558921653,2026-06-01 09:00:00,2026-06-01 09:00:00,3.31,6.94,4,68.96,True,DELIVERED
D00121,VAN-32,DEPOT-B,North Zone 2,2026-07-10 09:33:00,2026-07-10 09:46:57.820809140,2026-07-10 09:00:00,2026-07-10 11:00:00,10.38,7.45,5,97.78,True,DELIVERED
D00122,VAN-08,DEPOT-A,East Zone 1,2026-06-08 13:18:00,2026-06-08 13:29:21.121900428,2026-06-08 09:00:00,2026-06-08 15:00:00,6.54,6.11,9,72.12,True,DELIVERED
D00123,VAN-20,DEPOT-C,North Zone 1,2026-06-21 14:59:00,2026-06-21 15:03:00.000000000,2026-06-21 09:00:00,2026-06-21 16:00:00,5.05,1.74,5,60.38,True,DELIVERED
D00124,VAN-13,DEPOT-B,North Zone 1,2026-06-04 16:57:00,2026-06-04 17:06:13.111085510,2026-06-04 09:00:00,2026-06-04 18:00:00,5.28,3.78,4,70.14,True,DELIVERED
D00125,VAN-20,DEPOT-B,East Zone 1,2026-06-02 13:31:00,2026-06-02 13:50:37.237136463,2026-06-02 09:00:00,2026-06-02 15:00:00,7.23,9.91,3,95.44,True,DELIVERED
D00126,VAN-55,DEPOT-A,East Zone 1,2026-06-29 07:22:00,2026-06-29 07:36:13.671975793,2026-06-29 09:00:00,2026-06-29 09:00:00,7.37,2.64,6,79.13,True,DELIVERED
D00127,VAN-31,DEPOT-A,East Zone 1,2026-06-28 13:37:00,2026-06-28 14:00:55.587214387,2026-06-28 09:00:00,2026-06-28 15:00:00,6.67,2.3,5,63.82,True,DELIVERED
D00128,VAN-10,DEPOT-B,North Zone 1,2026-06-06 08:58:00,2026-06-06 09:11:59.317825134,2026-06-06 09:00:00,2026-06-06 10:00:00,7.65,9.36,7,85.89,True,DELIVERED
D00129,VAN-31,DEPOT-C,North Zone 1,2026-05-23 11:51:00,2026-05-23 12:01:02.255293030,2026-05-23 09:00:00,2026-05-23 13:00:00,6.51,7.98,4,77.43,True,DELIVERED
D00130,VAN-58,DEPOT-A,South Zone 1,2026-05-22 13:21:00,2026-05-22 13:38:46.307380722,2026-05-22 09:00:00,2026-05-22 15:00:00,6.65,1.73,6,62.04,True,DELIVERED
D00131,VAN-05,DEPOT-C,East Zone 1,2026-06-25 11:07:00,2026-06-25 11:27:47.626899577,2026-06-25 09:00:00,2026-06-25 13:00:00,9.46,0.5,7,81.96,False,REDELIVERY_REQUIRED
D00132,VAN-14,DEPOT-A,South Zone 2,2026-05-22 10:02:00,2026-05-22 10:19:52.260976124,2026-05-22 09:00:00,2026-05-22 12:00:00,8.48,2.7,6,79.45,False,REDELIVERY_REQUIRED
D00133,VAN-41,DEPOT-C,North Zone 2,2026-06-25 14:59:00,2026-06-25 15:29:44.838699785,2026-06-25 09:00:00,2026-06-25 16:00:00,10.94,2.27,13,79.81,False,REDELIVERY_REQUIRED
D00134,VAN-12,DEPOT-A,East Zone 1,2026-06-28 16:36:00,2026-06-28 16:44:57.679900178,2026-06-28 09:00:00,2026-06-28 18:00:00,5.38,3.91,4,67.7,True,DELIVERED
D00135,VAN-30,DEPOT-C,West Zone 1,2026-07-05 18:25:00,2026-07-05 19:25:12.097567014,2026-07-05 09:00:00,2026-07-05 20:00:00,15.39,1.65,7,111.24,True,DELIVERED
D00136,VAN-01,DEPOT-A,South Zone 2,2026-07-01 08:08:00,2026-07-01 09:00:33.869073298,2026-07-01 09:00:00,2026-07-01 10:00:00,12.62,4.23,6,87.34,True,DELIVERED
D00137,VAN-46,DEPOT-B,South Zone 2,2026-06-08 10:15:00,2026-06-08 10:59:01.548941791,2026-06-08 09:00:00,2026-06-08 12:00:00,13.83,1.26,6,85.85,True,DELIVERED
D00138,VAN-07,DEPOT-B,North Zone 2,2026-07-04 10:28:00,2026-07-04 10:58:03.680321593,2026-07-04 09:00:00,2026-07-04 12:00:00,10.51,1.77,7,84.87,False,REDELIVERY_REQUIRED
D00139,VAN-40,DEPOT-B,North Zone 1,2026-05-27 14:39:00,2026-05-27 14:43:00.000000000,2026-05-27 09:00:00,2026-05-27 16:00:00,1.34,0.56,6,44.31,True,DELIVERED
D00140,VAN-49,DEPOT-B,North Zone 2,2026-05-17 15:15:00,2026-05-17 15:38:15.235473987,2026-05-17 09:00:00,2026-05-17 17:00:00,9.04,1.64,9,81.61,True,DELIVERED
D00141,VAN-30,DEPOT-B,North Zone 1,2026-05-10 12:33:00,2026-05-10 12:45:26.082901240,2026-05-10 09:00:00,2026-05-10 14:00:00,6.03,3.09,9,82.98,True,DELIVERED
D00142,VAN-38,DEPOT-A,North Zone 1,2026-05-17 17:20:00,2026-05-17 17:36:44.904076062,2026-05-17 09:00:00,2026-05-17 19:00:00,9.96,1.3,8,75.48,True,DELIVERED
D00143,VAN-46,DEPOT-B,West Zone 1,2026-05-04 18:43:00,2026-05-04 19:29:06.659808070,2026-05-04 09:00:00,2026-05-04 20:00:00,11.41,5.4,8,92.05,True,DELIVERED
D00144,VAN-20,DEPOT-A,North Zone 1,2026-05-24 10:10:00,2026-05-24 10:14:00.000000000,2026-05-24 09:00:00,2026-05-24 12:00:00,5.46,2.29,3,67.37,True,DELIVERED
D00145,VAN-32,DEPOT-C,North Zone 1,2026-05-17 08:34:00,2026-05-17 08:41:04.525275815,2026-05-17 09:00:00,2026-05-17 10:00:00,1.04,3.37,7,57.07,True,DELIVERED
D00146,VAN-29,DEPOT-B,West Zone 1,2026-05-24 07:43:00,2026-05-24 08:56:56.902654156,2026-05-24 09:00:00,2026-05-24 09:00:00,16.32,1.75,2,95.03,True,DELIVERED
D00147,VAN-21,DEPOT-B,East Zone 1,2026-06-02 10:47:00,2026-06-02 11:21:08.116123473,2026-06-02 09:00:00,2026-06-02 12:00:00,12.84,7.9,7,102.74,True,DELIVERED
D00148,VAN-18,DEPOT-C,North Zone 2,2026-06-05 12:19:00,2026-06-05 12:48:18.705299699,2026-06-05 09:00:00,2026-06-05 14:00:00,11.85,0.2,7,83.08,False,REDELIVERY_REQUIRED
D00149,VAN-24,DEPOT-A,North Zone 2,2026-07-12 10:02:00,2026-07-12 10:36:23.942694416,2026-07-12 09:00:00,2026-07-12 12:00:00,11.62,8.8,3,92.21,True,DELIVERED
D00150,VAN-24,DEPOT-A,South Zone 2,2026-05-12 11:33:00,2026-05-12 12:28:06.712228277,2026-05-12 09:00:00,2026-05-12 13:00:00,13.63,3.24,10,109.63,True,DELIVERED
D00151,VAN-54,DEPOT-C,West Zone 1,2026-06-09 08:04:00,2026-06-09 09:12:50.125995390,2026-06-09 09:00:00,2026-06-09 10:00:00,15.97,2.75,6,100.55,True,DELIVERED
D00152,VAN-52,DEPOT-B,West Zone 1,2026-06-14 12:19:00,2026-06-14 13:17:49.522282876,2026-06-14 09:00:00,2026-06-14 14:00:00,15.71,0.67,8,93.82,True,DELIVERED
D00153,VAN-01,DEPOT-C,East Zone 1,2026-06-13 11:39:00,2026-06-13 12:01:12.884673243,2026-06-13 09:00:00,2026-06-13 13:00:00,10.45,1.84,8,91.2,True,DELIVERED
D00154,VAN-56,DEPOT-C,West Zone 1,2026-06-30 11:35:00,2026-06-30 12:28:07.575468830,2026-06-30 09:00:00,2026-06-30 13:00:00,12.14,5.19,5,99.99,True,DELIVERED
D00155,VAN-39,DEPOT-B,South Zone 1,2026-06-08 18:14:00,2026-06-08 18:20:09.482500455,2026-06-08 09:00:00,2026-06-08 20:00:00,1.19,1.33,7,50.45,True,DELIVERED
D00156,VAN-16,DEPOT-A,West Zone 1,2026-06-11 14:12:00,2026-06-11 15:29:08.241550537,2026-06-11 09:00:00,2026-06-11 16:00:00,16.05,2.45,9,97.14,True,DELIVERED
D00157,VAN-33,DEPOT-B,East Zone 1,2026-05-20 10:50:00,2026-05-20 11:05:38.296010349,2026-05-20 09:00:00,2026-05-20 12:00:00,7.61,1.83,8,67.21,True,DELIVERED
D00158,VAN-32,DEPOT-B,South Zone 2,2026-06-17 13:41:00,2026-06-17 14:32:17.556822703,2026-06-17 09:00:00,2026-06-17 15:00:00,11.3,1.54,3,84.57,True,DELIVERED
D00159,VAN-53,DEPOT-A,East Zone 1,2026-05-21 08:31:00,2026-05-21 08:53:30.242046222,2026-05-21 09:00:00,2026-05-21 10:00:00,7.99,1.83,8,75.37,True,DELIVERED
D00160,VAN-29,DEPOT-C,East Zone 1,2026-06-16 14:40:00,2026-06-16 15:12:46.289551853,2026-06-16 09:00:00,2026-06-16 16:00:00,11.8,6.26,5,90.52,True,DELIVERED
D00161,VAN-13,DEPOT-A,South Zone 1,2026-06-11 08:37:00,2026-06-11 08:51:56.402431915,2026-06-11 09:00:00,2026-06-11 10:00:00,4.46,2.81,3,62.11,True,DELIVERED
D00162,VAN-30,DEPOT-A,North Zone 2,2026-06-04 08:24:00,2026-06-04 08:51:55.458340368,2026-06-04 09:00:00,2026-06-04 10:00:00,9.61,2.9,8,85.71,True,DELIVERED
D00163,VAN-09,DEPOT-B,North Zone 1,2026-05-14 12:36:00,2026-05-14 12:41:38.231655941,2026-05-14 09:00:00,2026-05-14 14:00:00,1.66,0.61,12,58.21,True,DELIVERED
D00164,VAN-60,DEPOT-B,East Zone 1,2026-06-12 11:20:00,2026-06-12 11:48:15.619941617,2026-06-12 09:00:00,2026-06-12 13:00:00,9.17,5.27,8,89.66,True,DELIVERED
D00165,VAN-42,DEPOT-B,North Zone 2,2026-07-03 10:17:00,2026-07-03 10:45:22.598144657,2026-07-03 09:00:00,2026-07-03 12:00:00,9.21,4.2,10,78.76,True,DELIVERED
D00166,VAN-04,DEPOT-B,West Zone 1,2026-05-31 13:14:00,2026-05-31 13:55:53.237475768,2026-05-31 09:00:00,2026-05-31 15:00:00,11.76,2.85,9,83.12,True,DELIVERED
D00167,VAN-57,DEPOT-B,South Zone 2,2026-06-29 13:51:00,2026-06-29 14:31:44.836429110,2026-06-29 09:00:00,2026-06-29 15:00:00,12.53,2.95,10,97.64,False,REDELIVERY_REQUIRED
D00168,VAN-58,DEPOT-A,West Zone 1,2026-07-03 17:41:00,2026-07-03 18:36:29.344165570,2026-07-03 09:00:00,2026-07-03 19:00:00,15.47,1.4,8,98.01,True,DELIVERED
D00169,VAN-54,DEPOT-A,North Zone 2,2026-06-08 13:59:00,2026-06-08 14:22:08.210758031,2026-06-08 09:00:00,2026-06-08 15:00:00,9.67,2.89,6,78.75,True,DELIVERED
D00170,VAN-11,DEPOT-A,East Zone 1,2026-05-24 09:33:00,2026-05-24 09:57:18.997551999,2026-05-24 09:00:00,2026-05-24 11:00:00,11.59,4.75,7,96.61,True,DELIVERED
D00171,VAN-36,DEPOT-C,East Zone 1,2026-05-17 16:29:00,2026-05-17 16:50:51.626899977,2026-05-17 09:00:00,2026-05-17 18:00:00,7.4,0.43,10,62.79,True,DELIVERED
D00172,VAN-48,DEPOT-A,South Zone 2,2026-06-04 08:40:00,2026-06-04 09:14:04.293343897,2026-06-04 09:00:00,2026-06-04 10:00:00,13.0,4.18,7,95.09,True,DELIVERED
D00173,VAN-21,DEPOT-C,North Zone 1,2026-06-17 09:21:00,2026-06-17 09:25:46.161460530,2026-06-17 09:00:00,2026-06-17 11:00:00,1.66,2.04,10,48.33,True,DELIVERED
D00174,VAN-27,DEPOT-A,North Zone 1,2026-06-07 14:03:00,2026-06-07 14:15:18.955559150,2026-06-07 09:00:00,2026-06-07 16:00:00,7.62,0.53,4,74.83,False,REDELIVERY_REQUIRED
D00175,VAN-52,DEPOT-B,South Zone 1,2026-06-12 13:16:00,2026-06-12 13:22:54.444919567,2026-06-12 09:00:00,2026-06-12 15:00:00,7.7,5.27,8,68.19,True,DELIVERED
D00176,VAN-54,DEPOT-A,South Zone 2,2026-06-05 09:49:00,2026-06-05 10:28:52.622888627,2026-06-05 09:00:00,2026-06-05 11:00:00,13.44,2.93,6,89.32,True,DELIVERED
D00177,VAN-51,DEPOT-A,South Zone 2,2026-05-08 07:46:00,2026-05-08 08:22:19.717124385,2026-05-08 09:00:00,2026-05-08 09:00:00,12.03,2.06,10,83.32,True,DELIVERED
D00178,VAN-09,DEPOT-B,West Zone 1,2026-06-01 14:33:00,2026-06-01 15:21:43.606290077,2026-06-01 09:00:00,2026-06-01 16:00:00,11.86,10.07,3,97.28,True,DELIVERED
D00179,VAN-54,DEPOT-C,North Zone 2,2026-06-10 13:00:00,2026-06-10 13:18:24.305980815,2026-06-10 09:00:00,2026-06-10 15:00:00,7.66,5.78,5,79.98,True,DELIVERED
D00180,VAN-37,DEPOT-C,South Zone 2,2026-06-16 14:36:00,2026-06-16 15:42:44.982442431,2026-06-16 09:00:00,2026-06-16 16:00:00,18.23,6.56,10,119.55,True,DELIVERED
D00181,VAN-37,DEPOT-A,West Zone 1,2026-05-14 13:32:00,2026-05-14 14:42:16.937531235,2026-05-14 09:00:00,2026-05-14 15:00:00,15.97,2.95,5,102.15,True,DELIVERED
D00182,VAN-10,DEPOT-C,North Zone 2,2026-06-14 10:41:00,2026-06-14 11:12:01.895359829,2026-06-14 09:00:00,2026-06-14 12:00:00,7.04,1.24,7,58.4,False,REDELIVERY_REQUIRED
D00183,VAN-20,DEPOT-A,West Zone 1,2026-05-19 08:48:00,2026-05-19 09:44:15.055057108,2026-05-19 09:00:00,2026-05-19 10:00:00,11.92,4.19,9,93.21,False,REDELIVERY_REQUIRED
D00184,VAN-16,DEPOT-C,East Zone 1,2026-07-06 08:47:00,2026-07-06 08:57:06.782029928,2026-07-06 09:00:00,2026-07-06 10:00:00,6.34,6.55,6,74.64,True,DELIVERED
D00185,VAN-58,DEPOT-B,West Zone 1,2026-06-08 11:49:00,2026-06-08 12:49:35.755922259,2026-06-08 09:00:00,2026-06-08 13:00:00,15.36,10.97,5,107.78,False,REDELIVERY_REQUIRED
D00186,VAN-05,DEPOT-A,West Zone 1,2026-05-15 09:36:00,2026-05-15 10:18:00.561931127,2026-05-15 09:00:00,2026-05-15 11:00:00,12.39,6.23,8,79.43,True,DELIVERED
D00187,VAN-36,DEPOT-B,South Zone 1,2026-06-27 14:35:00,2026-06-27 14:53:25.591097725,2026-06-27 09:00:00,2026-06-27 16:00:00,9.11,3.4,9,78.29,True,DELIVERED
D00188,VAN-44,DEPOT-B,North Zone 1,2026-06-12 09:18:00,2026-06-12 09:30:40.529755436,2026-06-12 09:00:00,2026-06-12 11:00:00,6.28,11.33,5,93.97,True,DELIVERED
D00189,VAN-37,DEPOT-B,West Zone 1,2026-05-04 10:11:00,2026-05-04 11:07:20.068656695,2026-05-04 09:00:00,2026-05-04 12:00:00,13.87,2.04,9,91.87,True,DELIVERED
D00190,VAN-20,DEPOT-A,West Zone 1,2026-06-07 12:37:00,2026-06-07 13:40:00.488358619,2026-06-07 09:00:00,2026-06-07 14:00:00,14.53,3.94,7,112.56,True,DELIVERED
D00191,VAN-33,DEPOT-A,South Zone 2,2026-07-10 07:48:00,2026-07-10 08:33:13.223396405,2026-07-10 09:00:00,2026-07-10 09:00:00,16.92,2.69,6,101.45,True,DELIVERED
D00192,VAN-04,DEPOT-C,West Zone 1,2026-05-18 12:27:00,2026-05-18 13:36:16.514027761,2026-05-18 09:00:00,2026-05-18 14:00:00,16.64,8.91,4,118.7,True,DELIVERED
D00193,VAN-60,DEPOT-A,East Zone 1,2026-06-26 10:38:00,2026-06-26 10:52:47.146636514,2026-06-26 09:00:00,2026-06-26 12:00:00,9.43,4.34,8,80.04,True,DELIVERED
D00194,VAN-31,DEPOT-C,South Zone 2,2026-05-15 18:19:00,2026-05-15 19:07:55.283366120,2026-05-15 09:00:00,2026-05-15 20:00:00,14.22,6.62,7,100.54,True,DELIVERED
D00195,VAN-49,DEPOT-A,South Zone 2,2026-07-02 13:03:00,2026-07-02 13:42:29.483587432,2026-07-02 09:00:00,2026-07-02 15:00:00,11.27,4.04,9,78.0,True,DELIVERED
D00196,VAN-18,DEPOT-C,South Zone 1,2026-05-17 12:19:00,2026-05-17 12:26:03.882915862,2026-05-17 09:00:00,2026-05-17 14:00:00,5.57,2.26,8,77.86,True,DELIVERED
D00197,VAN-46,DEPOT-A,South Zone 2,2026-06-20 09:42:00,2026-06-20 10:17:30.016851713,2026-06-20 09:00:00,2026-06-20 11:00:00,13.48,2.16,2,92.28,True,DELIVERED
D00198,VAN-13,DEPOT-B,East Zone 1,2026-06-07 16:10:00,2026-06-07 16:34:15.371001317,2026-06-07 09:00:00,2026-06-07 18:00:00,8.59,9.49,4,84.62,True,DELIVERED
D00199,VAN-59,DEPOT-A,East Zone 1,2026-05-31 10:33:00,2026-05-31 10:55:07.239103549,2026-05-31 09:00:00,2026-05-31 12:00:00,9.37,4.99,6,80.2,True,DELIVERED
D00200,VAN-33,DEPOT-C,South Zone 2,2026-05-28 09:42:00,2026-05-28 10:36:36.398453869,2026-05-28 09:00:00,2026-05-28 11:00:00,13.34,2.87,3,90.48,True,DELIVERED
D00201,VAN-27,DEPOT-C,North Zone 1,2026-06-26 10:41:00,2026-06-26 10:54:36.915372315,2026-06-26 09:00:00,2026-06-26 12:00:00,6.6,1.49,6,64.61,True,DELIVERED
D00202,VAN-25,DEPOT-A,North Zone 2,2026-05-23 09:21:00,2026-05-23 09:39:58.916208554,2026-05-23 09:00:00,2026-05-23 11:00:00,7.39,1.54,7,60.85,True,DELIVERED
D00203,VAN-51,DEPOT-B,West Zone 1,2026-06-07 15:02:00,2026-06-07 15:40:59.586732966,2026-06-07 09:00:00,2026-06-07 17:00:00,11.53,1.81,3,80.83,True,DELIVERED
D00204,VAN-03,DEPOT-A,North Zone 1,2026-05-19 12:11:00,2026-05-19 12:21:16.679988905,2026-05-19 09:00:00,2026-05-19 14:00:00,6.22,3.04,9,68.31,False,REDELIVERY_REQUIRED
D00205,VAN-27,DEPOT-A,North Zone 1,2026-05-10 08:11:00,2026-05-10 08:23:17.022130052,2026-05-10 09:00:00,2026-05-10 10:00:00,6.1,5.5,11,70.88,True,DELIVERED
D00206,VAN-06,DEPOT-A,West Zone 1,2026-07-12 08:43:00,2026-07-12 09:37:48.187966170,2026-07-12 09:00:00,2026-07-12 10:00:00,15.54,2.3,7,91.96,True,DELIVERED
D00207,VAN-12,DEPOT-B,East Zone 1,2026-05-25 10:00:00,2026-05-25 10:23:03.823649854,2026-05-25 09:00:00,2026-05-25 12:00:00,9.21,1.59,8,73.47,True,DELIVERED
D00208,VAN-32,DEPOT-A,South Zone 1,2026-06-09 13:52:00,2026-06-09 13:57:42.228317386,2026-06-09 09:00:00,2026-06-09 15:00:00,2.27,9.47,7,68.24,False,REDELIVERY_REQUIRED
D00209,VAN-24,DEPOT-A,West Zone 1,2026-05-06 07:19:00,2026-05-06 07:56:18.221930996,2026-05-06 09:00:00,2026-05-06 09:00:00,8.73,2.4,8,71.08,True,DELIVERED
D00210,VAN-09,DEPOT-C,South Zone 1,2026-06-03 07:53:00,2026-06-03 08:02:22.960890766,2026-06-03 09:00:00,2026-06-03 09:00:00,3.54,4.61,4,70.27,True,DELIVERED
D00211,VAN-52,DEPOT-A,South Zone 1,2026-07-07 14:33:00,2026-07-07 14:42:00.929836123,2026-07-07 09:00:00,2026-07-07 16:00:00,6.76,2.31,6,66.78,True,DELIVERED
D00212,VAN-29,DEPOT-A,East Zone 1,2026-05-11 07:41:00,2026-05-11 08:03:56.869241893,2026-05-11 09:00:00,2026-05-11 09:00:00,8.41,6.28,9,81.54,False,REDELIVERY_REQUIRED
D00213,VAN-26,DEPOT-C,South Zone 2,2026-05-20 12:37:00,2026-05-20 13:23:25.177334473,2026-05-20 09:00:00,2026-05-20 14:00:00,11.13,9.86,6,98.76,True,DELIVERED
D00214,VAN-46,DEPOT-A,East Zone 1,2026-06-12 09:33:00,2026-06-12 09:37:00.000000000,2026-06-12 09:00:00,2026-06-12 11:00:00,1.24,2.15,2,39.29,True,DELIVERED
D00215,VAN-39,DEPOT-C,North Zone 1,2026-05-06 17:21:00,2026-05-06 17:34:39.648553990,2026-05-06 09:00:00,2026-05-06 19:00:00,6.08,4.18,5,68.31,True,DELIVERED
D00216,VAN-05,DEPOT-B,North Zone 2,2026-07-08 09:54:00,2026-07-08 10:25:34.684196460,2026-07-08 09:00:00,2026-07-08 11:00:00,9.56,10.92,2,95.11,True,DELIVERED
D00217,VAN-38,DEPOT-B,South Zone 1,2026-05-25 12:18:00,2026-05-25 12:22:00.000000000,2026-05-25 09:00:00,2026-05-25 14:00:00,0.68,1.29,14,59.54,True,DELIVERED
D00218,VAN-02,DEPOT-B,North Zone 2,2026-06-14 18:00:00,2026-06-14 18:04:00.000000000,2026-06-14 09:00:00,2026-06-14 20:00:00,3.51,3.68,7,62.17,True,DELIVERED
D00219,VAN-60,DEPOT-B,East Zone 1,2026-06-07 12:48:00,2026-06-07 13:10:19.037637555,2026-06-07 09:00:00,2026-06-07 14:00:00,8.95,10.91,11,93.56,True,DELIVERED
D00220,VAN-44,DEPOT-B,East Zone 1,2026-05-11 18:09:00,2026-05-11 18:29:17.318036601,2026-05-11 09:00:00,2026-05-11 20:00:00,6.95,2.13,7,65.4,True,DELIVERED
D00221,VAN-33,DEPOT-C,South Zone 2,2026-07-05 12:13:00,2026-07-05 12:36:05.673168667,2026-07-05 09:00:00,2026-07-05 14:00:00,8.71,4.77,7,84.77,True,DELIVERED
D00222,VAN-09,DEPOT-C,South Zone 2,2026-06-16 12:30:00,2026-06-16 13:27:23.674364352,2026-06-16 09:00:00,2026-06-16 14:00:00,14.84,2.2,10,94.78,True,DELIVERED
D00223,VAN-35,DEPOT-C,South Zone 1,2026-05-21 15:44:00,2026-05-21 15:56:33.038126432,2026-05-21 09:00:00,2026-05-21 17:00:00,7.7,5.12,11,75.09,True,DELIVERED
D00224,VAN-37,DEPOT-A,East Zone 1,2026-07-04 10:57:00,2026-07-04 11:13:23.666313817,2026-07-04 09:00:00,2026-07-04 12:00:00,7.24,3.18,3,72.02,True,DELIVERED
D00225,VAN-25,DEPOT-C,North Zone 2,2026-05-19 11:39:00,2026-05-19 11:50:41.592797468,2026-05-19 09:00:00,2026-05-19 13:00:00,5.69,3.05,7,73.88,True,DELIVERED
D00226,VAN-39,DEPOT-A,South Zone 1,2026-06-12 16:53:00,2026-06-12 17:01:04.185356376,2026-06-12 09:00:00,2026-06-12 18:00:00,6.01,1.92,7,73.26,True,DELIVERED
D00227,VAN-53,DEPOT-A,East Zone 1,2026-05-06 08:48:00,2026-05-06 09:06:45.981546492,2026-05-06 09:00:00,2026-05-06 10:00:00,5.93,3.63,6,75.64,True,DELIVERED
D00228,VAN-51,DEPOT-B,South Zone 2,2026-05-15 17:25:00,2026-05-15 17:58:41.810466502,2026-05-15 09:00:00,2026-05-15 19:00:00,11.89,3.84,5,91.8,True,DELIVERED
D00229,VAN-06,DEPOT-A,East Zone 1,2026-05-24 07:20:00,2026-05-24 07:34:46.806918505,2026-05-24 09:00:00,2026-05-24 09:00:00,6.63,8.16,4,77.49,True,DELIVERED
D00230,VAN-45,DEPOT-C,East Zone 1,2026-05-10 14:20:00,2026-05-10 14:36:03.264354144,2026-05-10 09:00:00,2026-05-10 16:00:00,4.53,3.52,7,63.04,True,DELIVERED
D00231,VAN-52,DEPOT-C,North Zone 1,2026-05-21 12:34:00,2026-05-21 12:50:50.555412961,2026-05-21 09:00:00,2026-05-21 14:00:00,8.98,4.32,17,89.52,True,DELIVERED
D00232,VAN-49,DEPOT-B,South Zone 2,2026-05-21 13:42:00,2026-05-21 14:20:38.014676555,2026-05-21 09:00:00,2026-05-21 15:00:00,11.77,2.67,8,91.23,True,DELIVERED
D00233,VAN-01,DEPOT-C,North Zone 1,2026-05-10 08:43:00,2026-05-10 08:55:23.995384234,2026-05-10 09:00:00,2026-05-10 10:00:00,6.01,4.48,6,73.13,True,DELIVERED
D00234,VAN-40,DEPOT-A,North Zone 2,2026-05-15 08:59:00,2026-05-15 09:20:43.013382183,2026-05-15 09:00:00,2026-05-15 10:00:00,5.6,1.29,13,64.73,True,DELIVERED
D00235,VAN-07,DEPOT-B,South Zone 1,2026-07-01 10:55:00,2026-07-01 11:00:40.342919797,2026-07-01 09:00:00,2026-07-01 12:00:00,3.25,1.27,5,56.31,True,DELIVERED
D00236,VAN-48,DEPOT-B,North Zone 1,2026-06-18 13:38:00,2026-06-18 13:56:22.542784936,2026-06-18 09:00:00,2026-06-18 15:00:00,7.18,2.97,4,76.04,True,DELIVERED
D00237,VAN-18,DEPOT-A,South Zone 2,2026-07-08 10:47:00,2026-07-08 11:42:13.634940232,2026-07-08 09:00:00,2026-07-08 12:00:00,14.28,8.35,10,114.99,True,DELIVERED
D00238,VAN-22,DEPOT-C,North Zone 1,2026-05-26 16:56:00,2026-05-26 17:02:41.992016550,2026-05-26 09:00:00,2026-05-26 18:00:00,1.73,17.05,5,77.43,True,DELIVERED
D00239,VAN-41,DEPOT-C,West Zone 1,2026-06-17 13:39:00,2026-06-17 14:36:23.232732732,2026-06-17 09:00:00,2026-06-17 15:00:00,13.5,4.47,7,98.93,True,DELIVERED
D00240,VAN-35,DEPOT-C,South Zone 1,2026-05-09 07:28:00,2026-05-09 07:39:03.918122201,2026-05-09 09:00:00,2026-05-09 09:00:00,6.05,7.02,7,85.1,True,DELIVERED
D00241,VAN-29,DEPOT-B,South Zone 2,2026-06-01 09:00:00,2026-06-01 09:54:26.342443849,2026-06-01 09:00:00,2026-06-01 11:00:00,16.45,2.25,9,99.78,True,DELIVERED
D00242,VAN-32,DEPOT-B,East Zone 1,2026-06-09 17:55:00,2026-06-09 17:59:00.000000000,2026-06-09 09:00:00,2026-06-09 19:00:00,1.44,3.76,7,51.98,True,DELIVERED
D00243,VAN-19,DEPOT-B,East Zone 1,2026-06-30 08:30:00,2026-06-30 09:02:31.709552005,2026-06-30 09:00:00,2026-06-30 10:00:00,10.4,3.17,8,82.91,True,DELIVERED
D00244,VAN-25,DEPOT-B,North Zone 2,2026-06-10 15:49:00,2026-06-10 16:15:07.428904495,2026-06-10 09:00:00,2026-06-10 17:00:00,8.65,2.91,4,63.94,True,DELIVERED
D00245,VAN-46,DEPOT-C,East Zone 1,2026-05-10 11:04:00,2026-05-10 11:22:26.163314755,2026-05-10 09:00:00,2026-05-10 13:00:00,9.48,0.92,6,69.69,True,DELIVERED
D00246,VAN-05,DEPOT-A,North Zone 1,2026-05-08 07:35:00,2026-05-08 07:42:52.712421626,2026-05-08 09:00:00,2026-05-08 09:00:00,3.27,9.74,6,75.4,True,DELIVERED
D00247,VAN-04,DEPOT-B,South Zone 2,2026-07-09 13:08:00,2026-07-09 13:51:21.771421371,2026-07-09 09:00:00,2026-07-09 15:00:00,10.78,4.24,4,85.55,True,DELIVERED
D00248,VAN-44,DEPOT-B,North Zone 2,2026-05-20 07:22:00,2026-05-20 07:44:38.453959921,2026-05-20 09:00:00,2026-05-20 09:00:00,6.36,4.23,3,63.26,True,DELIVERED
D00249,VAN-60,DEPOT-A,North Zone 1,2026-05-16 14:42:00,2026-05-16 14:51:33.216807747,2026-05-16 09:00:00,2026-05-16 16:00:00,2.26,14.32,4,74.09,True,DELIVERED
D00250,VAN-16,DEPOT-C,North Zone 2,2026-07-08 13:02:00,2026-07-08 13:24:26.156333152,2026-07-08 09:00:00,2026-07-08 15:00:00,6.25,3.37,5,75.58,True,DELIVERED
D00251,VAN-31,DEPOT-C,South Zone 1,2026-06-18 15:39:00,2026-06-18 15:54:52.938989474,2026-06-18 09:00:00,2026-06-18 17:00:00,8.0,3.51,7,84.77,True,DELIVERED
D00252,VAN-27,DEPOT-B,East Zone 1,2026-05-13 15:55:00,2026-05-13 16:32:07.690522772,2026-05-13 09:00:00,2026-05-13 17:00:00,13.96,2.39,13,87.7,True,DELIVERED
D00253,VAN-27,DEPOT-B,North Zone 2,2026-05-12 08:47:00,2026-05-12 09:23:52.748419547,2026-05-12 09:00:00,2026-05-12 10:00:00,9.59,1.89,5,77.54,True,DELIVERED
D00254,VAN-35,DEPOT-C,North Zone 1,2026-05-14 18:27:00,2026-05-14 18:35:44.415782134,2026-05-14 09:00:00,2026-05-14 20:00:00,3.19,7.48,6,74.73,True,DELIVERED
D00255,VAN-30,DEPOT-B,South Zone 1,2026-05-17 08:13:00,2026-05-17 08:25:58.878747725,2026-05-17 09:00:00,2026-05-17 10:00:00,7.24,13.1,8,102.08,True,DELIVERED
D00256,VAN-31,DEPOT-C,North Zone 2,2026-05-26 14:49:00,2026-05-26 15:14:44.349477472,2026-05-26 09:00:00,2026-05-26 16:00:00,8.2,3.86,11,81.76,True,DELIVERED
D00257,VAN-26,DEPOT-A,South Zone 2,2026-06-24 16:37:00,2026-06-24 17:16:18.448004659,2026-06-24 09:00:00,2026-06-24 18:00:00,10.27,3.58,7,84.66,True,DELIVERED
D00258,VAN-40,DEPOT-B,North Zone 1,2026-05-06 08:41:00,2026-05-06 09:00:35.791776925,2026-05-06 09:00:00,2026-05-06 10:00:00,7.43,6.11,4,75.85,True,DELIVERED
D00259,VAN-21,DEPOT-B,South Zone 2,2026-05-23 13:51:00,2026-05-23 14:25:18.016942143,2026-05-23 09:00:00,2026-05-23 15:00:00,11.81,0.26,14,83.15,True,DELIVERED
D00260,VAN-54,DEPOT-A,South Zone 1,2026-07-07 18:48:00,2026-07-07 19:08:53.270356127,2026-07-07 09:00:00,2026-07-07 20:00:00,10.69,1.72,7,83.34,True,DELIVERED
D00261,VAN-04,DEPOT-B,East Zone 1,2026-05-18 07:48:00,2026-05-18 07:57:42.628676200,2026-05-18 09:00:00,2026-05-18 09:00:00,1.95,8.75,4,62.14,True,DELIVERED
D00262,VAN-50,DEPOT-A,North Zone 2,2026-05-11 13:34:00,2026-05-11 13:51:22.812414732,2026-05-11 09:00:00,2026-05-11 15:00:00,7.17,5.61,3,84.08,True,DELIVERED
D00263,VAN-49,DEPOT-C,South Zone 2,2026-07-04 15:36:00,2026-07-04 16:06:59.932894153,2026-07-04 09:00:00,,10.08,3.15,4,84.77,True,DELIVERED
D00264,VAN-17,DEPOT-A,South Zone 1,2026-06-10 14:39:00,2026-06-10 14:52:34.013637894,2026-06-10 09:00:00,2026-06-10 16:00:00,4.05,0.48,5,61.08,True,DELIVERED
D00265,VAN-06,DEPOT-A,North Zone 1,2026-05-17 12:31:00,2026-05-17 12:54:23.784265371,2026-05-17 09:00:00,2026-05-17 14:00:00,9.35,4.65,14,78.81,True,DELIVERED
D00266,VAN-12,DEPOT-A,West Zone 1,2026-05-06 13:24:00,2026-05-06 14:01:20.549023816,2026-05-06 09:00:00,2026-05-06 15:00:00,8.75,7.51,7,99.25,True,DELIVERED
D00267,VAN-11,DEPOT-B,North Zone 2,2026-05-08 09:04:00,2026-05-08 09:30:44.391887904,2026-05-08 09:00:00,2026-05-08 11:00:00,12.19,4.12,8,91.49,True,DELIVERED
D00268,VAN-02,DEPOT-C,East Zone 1,2026-07-08 07:37:00,2026-07-08 08:02:39.465679030,2026-07-08 09:00:00,2026-07-08 09:00:00,8.75,3.0,2,85.66,True,DELIVERED
D00269,VAN-53,DEPOT-B,East Zone 1,2026-05-31 14:49:00,2026-05-31 15:23:12.832462813,2026-05-31 09:00:00,2026-05-31 16:00:00,9.36,1.11,6,81.16,True,DELIVERED
D00270,VAN-60,DEPOT-C,North Zone 1,2026-07-01 15:04:00,2026-07-01 15:20:45.555213950,2026-07-01 09:00:00,2026-07-01 17:00:00,6.51,3.13,4,65.18,True,DELIVERED
D00271,VAN-54,DEPOT-C,South Zone 1,2026-07-04 15:31:00,2026-07-04 15:37:40.011438771,2026-07-04 09:00:00,2026-07-04 17:00:00,6.25,8.73,8,78.5,True,DELIVERED
D00272,VAN-44,DEPOT-A,West Zone 1,2026-06-25 14:07:00,2026-06-25 15:11:32.500015941,2026-06-25 09:00:00,2026-06-25 16:00:00,16.17,2.25,5,103.15,True,DELIVERED
D00273,VAN-03,DEPOT-B,East Zone 1,2026-07-05 09:01:00,2026-07-05 09:16:12.088573249,2026-07-05 09:00:00,2026-07-05 11:00:00,7.4,1.42,8,73.72,True,DELIVERED
D00274,VAN-29,DEPOT-B,South Zone 2,2026-06-03 14:10:00,2026-06-03 14:59:17.234136070,2026-06-03 09:00:00,2026-06-03 16:00:00,12.19,2.7,4,84.53,True,DELIVERED
D00275,VAN-18,DEPOT-A,South Zone 1,2026-07-04 16:09:00,2026-07-04 16:25:21.504170726,2026-07-04 09:00:00,2026-07-04 18:00:00,10.23,0.2,4,77.92,True,DELIVERED
D00276,VAN-49,DEPOT-C,South Zone 2,2026-05-16 13:36:00,2026-05-16 14:30:33.095598345,2026-05-16 09:00:00,2026-05-16 15:00:00,19.56,3.6,3,120.34,True,DELIVERED
D00277,VAN-30,DEPOT-B,North Zone 1,2026-05-30 15:34:00,2026-05-30 15:45:39.322482778,2026-05-30 09:00:00,2026-05-30 17:00:00,3.02,6.73,6,73.51,True,DELIVERED
D00278,VAN-40,DEPOT-B,North Zone 2,2026-06-11 15:01:00,2026-06-11 15:11:13.518378125,2026-06-11 09:00:00,2026-06-11 17:00:00,6.77,4.5,5,70.24,True,
D00279,VAN-23,DEPOT-B,South Zone 1,2026-05-26 09:58:00,2026-05-26 10:10:42.630869254,2026-05-26 09:00:00,2026-05-26 11:00:00,5.88,2.47,6,58.93,True,DELIVERED
D00280,VAN-53,DEPOT-C,West Zone 1,2026-05-20 14:49:00,2026-05-20 15:22:14.470728179,2026-05-20 09:00:00,2026-05-20 16:00:00,8.49,3.0,6,75.3,True,DELIVERED
D00281,VAN-48,DEPOT-B,North Zone 2,2026-07-12 15:06:00,2026-07-12 15:36:21.682600446,2026-07-12 09:00:00,2026-07-12 17:00:00,9.46,1.26,6,77.23,True,DELIVERED
D00282,VAN-59,DEPOT-A,West Zone 1,2026-05-17 11:45:00,2026-05-17 12:49:51.804091409,2026-05-17 09:00:00,2026-05-17 13:00:00,17.18,4.01,4,102.66,True,DELIVERED
D00283,VAN-26,DEPOT-C,East Zone 1,2026-05-09 13:24:00,2026-05-09 13:47:25.761931153,2026-05-09 09:00:00,2026-05-09 15:00:00,8.92,7.3,9,76.74,True,DELIVERED
D00284,VAN-29,DEPOT-C,East Zone 1,2026-05-13 08:21:00,2026-05-13 08:46:24.922575170,2026-05-13 09:00:00,2026-05-13 10:00:00,10.12,5.92,7,90.59,False,REDELIVERY_REQUIRED
D00285,VAN-31,DEPOT-A,South Zone 1,2026-05-21 08:44:00,2026-05-21 08:48:00.000000000,2026-05-21 09:00:00,2026-05-21 10:00:00,4.38,4.5,8,63.42,True,DELIVERED
D00286,VAN-45,DEPOT-C,North Zone 1,2026-07-04 16:09:00,2026-07-04 16:27:52.191418148,2026-07-04 09:00:00,2026-07-04 18:00:00,12.07,4.16,4,92.65,True,DELIVERED
D00287,VAN-01,DEPOT-B,East Zone 1,2026-06-20 13:46:00,2026-06-20 14:03:39.448809692,2026-06-20 09:00:00,2026-06-20 15:00:00,7.9,3.96,7,72.98,True,DELIVERED
D00288,VAN-35,DEPOT-A,South Zone 1,2026-06-16 11:55:00,2026-06-16 11:59:00.000000000,2026-06-16 09:00:00,2026-06-16 13:00:00,0.5,2.2,8,54.2,True,DELIVERED
D00289,VAN-38,DEPOT-A,South Zone 1,2026-06-11 13:26:00,2026-06-11 13:38:58.255257089,2026-06-11 09:00:00,2026-06-11 15:00:00,5.23,5.89,7,72.78,True,DELIVERED
D00290,VAN-21,DEPOT-A,South Zone 2,2026-05-22 15:38:00,2026-05-22 16:14:50.863586733,2026-05-22 09:00:00,2026-05-22 17:00:00,10.24,6.27,3,91.26,False,REDELIVERY_REQUIRED
D00291,VAN-18,DEPOT-C,South Zone 2,2026-07-12 15:55:00,2026-07-12 16:44:11.695653757,2026-07-12 09:00:00,2026-07-12 17:00:00,14.64,0.47,7,98.68,True,DELIVERED
D00292,VAN-41,DEPOT-A,East Zone 1,2026-07-07 11:27:00,2026-07-07 12:00:27.080488721,2026-07-07 09:00:00,2026-07-07 13:00:00,12.06,4.68,6,90.64,True,DELIVERED
D00293,VAN-23,DEPOT-C,North Zone 1,2026-05-11 11:07:00,2026-05-11 11:25:04.857681125,2026-05-11 09:00:00,2026-05-11 13:00:00,7.61,3.08,9,79.44,True,DELIVERED
D00294,VAN-05,DEPOT-B,South Zone 1,2026-06-01 09:28:00,2026-06-01 09:37:10.600405116,2026-06-01 09:00:00,2026-06-01 11:00:00,4.26,4.82,5,68.75,True,DELIVERED
D00295,VAN-47,DEPOT-B,South Zone 1,2026-06-28 12:14:00,2026-06-28 12:24:20.430285530,2026-06-28 09:00:00,2026-06-28 14:00:00,7.17,4.26,7,69.27,True,DELIVERED
D00296,VAN-36,DEPOT-A,East Zone 1,2026-06-29 10:15:00,2026-06-29 10:43:53.940730453,2026-06-29 09:00:00,2026-06-29 12:00:00,12.98,1.89,6,89.68,True,DELIVERED
D00297,VAN-13,DEPOT-B,North Zone 1,2026-05-19 12:46:00,2026-05-19 13:00:22.295958979,2026-05-19 09:00:00,2026-05-19 14:00:00,4.65,1.84,6,44.32,True,DELIVERED
D00298,VAN-02,DEPOT-B,South Zone 1,2026-06-02 14:59:00,2026-06-02 15:09:12.939144660,2026-06-02 09:00:00,2026-06-02 16:00:00,3.47,3.28,9,62.88,False,REDELIVERY_REQUIRED
D00299,VAN-56,DEPOT-C,West Zone 1,2026-05-04 16:04:00,2026-05-04 16:44:53.451248268,2026-05-04 09:00:00,2026-05-04 18:00:00,11.64,2.49,11,87.63,True,DELIVERED
D00300,VAN-05,DEPOT-B,South Zone 2,2026-05-26 09:10:00,2026-05-26 09:42:53.067648543,2026-05-26 09:00:00,2026-05-26 11:00:00,9.65,9.48,4,85.25,True,DELIVERED
D00301,VAN-55,DEPOT-B,East Zone 1,2026-06-14 12:26:00,2026-06-14 12:46:46.964440849,2026-06-14 09:00:00,2026-06-14 14:00:00,8.73,1.76,4,76.16,True,DELIVERED
D00302,VAN-25,DEPOT-A,South Zone 1,2026-06-23 12:16:00,2026-06-23 12:31:27.336104914,2026-06-23 09:00:00,2026-06-23 14:00:00,6.81,4.55,9,72.84,True,DELIVERED
D00303,VAN-23,DEPOT-C,East Zone 1,2026-05-12 16:09:00,2026-05-12 16:28:28.404369563,2026-05-12 09:00:00,2026-05-12 18:00:00,7.87,4.01,5,75.67,True,DELIVERED
D00304,VAN-55,DEPOT-A,North Zone 1,2026-06-29 10:07:00,2026-06-29 10:19:16.305255762,2026-06-29 09:00:00,2026-06-29 12:00:00,4.05,5.9,5,70.09,True,DELIVERED
D00305,VAN-22,DEPOT-B,South Zone 2,2026-05-24 11:14:00,2026-05-24 12:01:32.086139633,2026-05-24 09:00:00,2026-05-24 13:00:00,14.17,4.82,9,108.64,True,DELIVERED
D00306,VAN-43,DEPOT-C,East Zone 1,2026-07-03 08:50:00,2026-07-03 09:05:17.639887629,2026-07-03 09:00:00,2026-07-03 10:00:00,4.25,3.88,7,65.16,True,DELIVERED
D00307,VAN-55,DEPOT-C,East Zone 1,2026-06-07 14:17:00,2026-06-07 14:37:06.406172676,2026-06-07 09:00:00,2026-06-07 16:00:00,8.78,0.71,5,78.79,True,DELIVERED
D00308,VAN-22,DEPOT-A,West Zone 1,2026-05-26 07:48:00,2026-05-26 09:00:06.280636252,2026-05-26 09:00:00,2026-05-26 09:00:00,16.12,2.35,6,112.66,True,DELIVERED
D00309,VAN-57,DEPOT-B,South Zone 2,2026-06-26 17:37:00,2026-06-26 18:10:27.863595845,2026-06-26 09:00:00,2026-06-26 19:00:00,11.03,3.23,6,82.09,True,DELIVERED
D00310,VAN-14,DEPOT-A,South Zone 2,2026-06-29 07:35:00,2026-06-29 08:11:16.863934244,2026-06-29 09:00:00,2026-06-29 09:00:00,10.87,7.87,7,87.83,True,DELIVERED
D00311,VAN-56,DEPOT-B,East Zone 1,2026-05-15 07:29:00,2026-05-15 07:33:08.129868615,2026-05-15 09:00:00,2026-05-15 09:00:00,4.16,3.22,5,62.91,True,DELIVERED
D00312,VAN-13,DEPOT-C,South Zone 1,2026-06-01 07:27:00,2026-06-01 07:31:00.000000000,2026-06-01 09:00:00,2026-06-01 09:00:00,1.34,2.15,5,53.65,True,DELIVERED
D00313,VAN-39,DEPOT-A,North Zone 2,2026-05-11 12:00:00,2026-05-11 12:17:31.349733936,2026-05-11 09:00:00,2026-05-11 14:00:00,6.03,0.92,6,62.71,True,DELIVERED
D00314,VAN-30,DEPOT-B,West Zone 1,2026-05-07 14:26:00,2026-05-07 15:21:29.139612671,2026-05-07 09:00:00,2026-05-07 16:00:00,13.13,9.37,6,103.33,True,DELIVERED
D00315,VAN-05,DEPOT-A,West Zone 1,2026-06-03 14:55:00,2026-06-03 15:35:58.309783149,2026-06-03 09:00:00,2026-06-03 16:00:00,8.79,3.4,5,78.69,True,DELIVERED
D00316,VAN-49,DEPOT-C,East Zone 1,2026-06-09 10:36:00,2026-06-09 11:05:35.364445974,2026-06-09 09:00:00,2026-06-09 12:00:00,10.99,0.57,6,72.7,True,DELIVERED
D00317,VAN-55,DEPOT-A,West Zone 1,2026-05-15 14:58:00,2026-05-15 16:00:47.864753187,2026-05-15 09:00:00,2026-05-15 16:00:00,16.64,1.49,6,95.21,True,DELIVERED
D00318,VAN-55,DEPOT-C,South Zone 1,2026-05-14 09:55:00,2026-05-14 10:10:36.286605272,2026-05-14 09:00:00,2026-05-14 11:00:00,4.6,8.34,8,75.2,True,DELIVERED
D00319,VAN-37,DEPOT-C,West Zone 1,2026-05-16 11:34:00,2026-05-16 12:29:16.782817042,2026-05-16 09:00:00,2026-05-16 13:00:00,15.57,2.23,10,95.1,True,DELIVERED
D00320,VAN-21,DEPOT-C,West Zone 1,2026-07-03 09:33:00,2026-07-03 10:29:36.324064192,2026-07-03 09:00:00,2026-07-03 11:00:00,15.47,0.58,6,86.17,True,DELIVERED
D00321,VAN-47,DEPOT-C,North Zone 1,2026-05-12 07:55:00,2026-05-12 08:14:36.464089707,2026-05-12 09:00:00,2026-05-12 09:00:00,8.69,5.78,6,73.68,True,DELIVERED
D00322,VAN-43,DEPOT-B,South Zone 2,2026-07-11 09:17:00,2026-07-11 09:52:52.319985855,2026-07-11 09:00:00,2026-07-11 11:00:00,13.95,0.86,3,85.58,True,DELIVERED
D00323,VAN-26,DEPOT-A,North Zone 1,2026-06-12 13:19:00,2026-06-12 13:33:59.296384516,2026-06-12 09:00:00,2026-06-12 15:00:00,8.73,1.3,7,82.8,False,REDELIVERY_REQUIRED
D00324,VAN-43,DEPOT-C,South Zone 2,2026-06-14 10:27:00,2026-06-14 10:53:28.795773344,2026-06-14 09:00:00,2026-06-14 12:00:00,10.07,1.19,7,73.08,True,DELIVERED
D00325,VAN-08,DEPOT-C,West Zone 1,2026-05-07 15:10:00,2026-05-07 16:16:40.007527312,2026-05-07 09:00:00,2026-05-07 17:00:00,16.74,3.41,4,98.42,False,REDELIVERY_REQUIRED
D00326,VAN-18,DEPOT-B,North Zone 2,2026-05-05 15:31:00,2026-05-05 15:53:34.096010363,2026-05-05 09:00:00,2026-05-05 17:00:00,9.9,6.2,9,92.92,True,DELIVERED
D00327,VAN-30,DEPOT-A,South Zone 1,2026-05-15 14:01:00,2026-05-15 14:10:36.033715307,2026-05-15 09:00:00,2026-05-15 16:00:00,4.45,7.96,8,72.05,True,DELIVERED
D00328,VAN-02,DEPOT-C,South Zone 1,2026-06-12 17:05:00,2026-06-12 17:15:41.305439741,2026-06-12 09:00:00,2026-06-12 19:00:00,2.81,6.81,2,71.58,True,DELIVERED
D00329,VAN-03,DEPOT-B,North Zone 2,2026-06-01 10:24:00,2026-06-01 10:47:28.641544901,2026-06-01 09:00:00,2026-06-01 12:00:00,8.41,5.84,6,73.89,True,DELIVERED
D00330,VAN-16,DEPOT-A,South Zone 1,2026-05-18 13:06:00,2026-05-18 13:22:07.234875496,2026-05-18 09:00:00,2026-05-18 15:00:00,6.2,4.06,10,71.06,True,DELIVERED
D00331,VAN-11,DEPOT-C,East Zone 1,2026-05-26 17:52:00,2026-05-26 18:20:19.574483239,2026-05-26 09:00:00,2026-05-26 19:00:00,8.28,1.73,12,65.73,True,DELIVERED
D00332,VAN-46,DEPOT-C,South Zone 2,2026-06-11 17:18:00,2026-06-11 17:39:04.696371603,2026-06-11 09:00:00,2026-06-11 19:00:00,7.28,6.71,7,88.72,True,DELIVERED
D00333,VAN-46,DEPOT-A,South Zone 2,2026-05-27 08:00:00,2026-05-27 08:58:09.119108286,2026-05-27 09:00:00,2026-05-27 10:00:00,11.85,1.25,7,87.14,True,DELIVERED
D00334,VAN-20,DEPOT-C,South Zone 1,2026-05-10 16:38:00,2026-05-10 16:42:00.000000000,2026-05-10 09:00:00,2026-05-10 18:00:00,2.07,2.8,8,48.65,True,DELIVERED
D00335,VAN-32,DEPOT-B,East Zone 1,2026-06-19 10:49:00,2026-06-19 11:05:40.078244624,2026-06-19 09:00:00,2026-06-19 12:00:00,9.34,1.69,7,80.27,True,DELIVERED
D00336,VAN-02,DEPOT-A,South Zone 2,2026-06-18 16:54:00,2026-06-18 17:37:15.860883812,2026-06-18 09:00:00,2026-06-18 18:00:00,14.17,2.12,8,98.89,True,DELIVERED
D00337,VAN-40,DEPOT-A,South Zone 2,2026-05-14 12:59:00,2026-05-14 13:43:12.842716706,2026-05-14 09:00:00,2026-05-14 14:00:00,11.42,4.24,8,80.27,True,DELIVERED
D00338,VAN-38,DEPOT-B,North Zone 2,2026-05-17 11:27:00,2026-05-17 11:50:37.738124724,2026-05-17 09:00:00,2026-05-17 13:00:00,10.33,3.07,7,79.61,True,DELIVERED
D00339,VAN-03,DEPOT-B,East Zone 1,2026-05-14 08:33:00,2026-05-14 08:58:02.382123911,2026-05-14 09:00:00,2026-05-14 10:00:00,12.94,4.42,8,88.98,True,DELIVERED
D00340,VAN-03,DEPOT-C,West Zone 1,2026-05-30 18:29:00,2026-05-30 19:11:10.875199402,2026-05-30 09:00:00,2026-05-30 20:00:00,12.15,5.2,10,87.35,True,DELIVERED
D00341,VAN-54,DEPOT-A,East Zone 1,2026-05-14 07:07:00,2026-05-14 07:35:44.791990717,2026-05-14 09:00:00,2026-05-14 09:00:00,10.68,8.08,6,103.49,True,DELIVERED
D00342,VAN-28,DEPOT-A,West Zone 1,2026-07-08 14:31:00,2026-07-08 15:41:51.241793977,2026-07-08 09:00:00,2026-07-08 16:00:00,14.97,4.18,5,107.21,True,DELIVERED
D00343,VAN-57,DEPOT-B,West Zone 1,2026-06-09 15:05:00,2026-06-09 16:05:35.996539317,2026-06-09 09:00:00,2026-06-09 17:00:00,13.8,1.11,7,91.13,True,DELIVERED
D00344,VAN-51,DEPOT-A,North Zone 1,2026-07-04 10:54:00,2026-07-04 11:02:23.247209839,2026-07-04 09:00:00,2026-07-04 12:00:00,5.67,3.7,8,71.63,True,DELIVERED
D00345,VAN-29,DEPOT-A,South Zone 2,2026-06-08 14:06:00,2026-06-08 14:45:45.838933701,2026-06-08 09:00:00,2026-06-08 16:00:00,11.97,2.73,6,80.69,True,DELIVERED
D00346,VAN-28,DEPOT-A,South Zone 1,2026-05-14 14:34:00,2026-05-14 14:38:00.000000000,2026-05-14 09:00:00,2026-05-14 16:00:00,1.44,1.62,9,44.59,True,DELIVERED
D00347,VAN-14,DEPOT-B,North Zone 2,2026-06-15 12:22:00,2026-06-15 12:42:56.679416477,2026-06-15 09:00:00,2026-06-15 14:00:00,9.08,4.82,9,88.37,True,DELIVERED
D00348,VAN-45,DEPOT-A,North Zone 2,2026-07-04 17:18:00,2026-07-04 17:32:59.431808302,2026-07-04 09:00:00,2026-07-04 19:00:00,7.43,3.6,5,69.63,True,DELIVERED
D00349,VAN-05,DEPOT-A,South Zone 2,2026-07-04 07:08:00,2026-07-04 07:46:45.090570735,2026-07-04 09:00:00,2026-07-04 09:00:00,13.21,0.94,10,82.79,True,DELIVERED
D00350,VAN-32,DEPOT-B,South Zone 2,2026-06-07 18:36:00,2026-06-07 19:24:08.482493757,2026-06-07 09:00:00,2026-06-07 20:00:00,13.56,4.99,8,95.6,True,DELIVERED
D00351,VAN-33,DEPOT-B,South Zone 1,2026-06-11 07:03:00,2026-06-11 07:07:00.000000000,2026-06-11 09:00:00,2026-06-11 09:00:00,2.35,5.26,9,56.06,True,DELIVERED
D00352,VAN-31,DEPOT-A,North Zone 1,2026-06-16 18:00:00,2026-06-16 18:14:19.766800216,2026-06-16 09:00:00,2026-06-16 20:00:00,4.64,4.33,5,61.09,True,DELIVERED
D00353,VAN-08,DEPOT-B,North Zone 1,2026-06-22 12:02:00,2026-06-22 12:08:58.639616567,2026-06-22 09:00:00,2026-06-22 14:00:00,2.94,4.56,6,60.18,True,DELIVERED
D00354,VAN-03,DEPOT-A,East Zone 1,2026-06-14 09:21:00,2026-06-14 09:45:27.490959171,2026-06-14 09:00:00,2026-06-14 11:00:00,9.7,1.66,4,77.64,True,DELIVERED
D00355,VAN-52,DEPOT-A,West Zone 1,2026-06-21 18:15:00,2026-06-21 19:12:39.766097706,2026-06-21 09:00:00,2026-06-21 20:00:00,14.42,1.15,9,103.49,True,DELIVERED
D00356,VAN-36,DEPOT-A,East Zone 1,2026-06-13 17:25:00,2026-06-13 17:42:35.376940156,2026-06-13 09:00:00,2026-06-13 19:00:00,7.6,1.95,8,75.53,True,DELIVERED
D00357,VAN-14,DEPOT-C,South Zone 1,2026-06-30 07:05:00,2026-06-30 07:09:00.000000000,2026-06-30 09:00:00,2026-06-30 09:00:00,1.97,3.87,9,60.58,True,DELIVERED
D00358,VAN-58,DEPOT-C,North Zone 1,2026-05-10 18:06:00,2026-05-10 18:16:52.297670834,2026-05-10 09:00:00,2026-05-10 20:00:00,6.39,5.79,11,86.03,True,DELIVERED
D00359,VAN-20,DEPOT-C,North Zone 1,2026-07-06 09:22:00,2026-07-06 09:27:14.186038469,2026-07-06 09:00:00,2026-07-06 11:00:00,2.85,3.6,7,59.95,True,DELIVERED
D00360,VAN-49,DEPOT-C,North Zone 2,2026-05-10 10:36:00,2026-05-10 11:03:56.229017753,2026-05-10 09:00:00,2026-05-10 12:00:00,9.47,0.6,8,85.51,True,DELIVERED
D00361,VAN-60,DEPOT-B,North Zone 1,2026-07-04 17:14:00,2026-07-04 17:31:39.443649279,2026-07-04 09:00:00,2026-07-04 19:00:00,7.12,4.36,10,77.98,True,DELIVERED
D00362,VAN-47,DEPOT-A,East Zone 1,2026-06-30 08:41:00,2026-06-30 08:53:17.587777631,2026-06-30 09:00:00,2026-06-30 10:00:00,7.57,2.55,13,73.97,True,DELIVERED
D00363,VAN-21,DEPOT-B,South Zone 2,2026-06-20 13:42:00,2026-06-20 14:20:57.659841766,2026-06-20 09:00:00,2026-06-20 15:00:00,12.96,6.04,8,91.97,True,DELIVERED
D00364,VAN-39,DEPOT-B,South Zone 2,2026-06-28 11:40:00,2026-06-28 12:33:38.038156874,2026-06-28 09:00:00,2026-06-28 13:00:00,13.65,4.02,6,89.93,True,DELIVERED
D00365,VAN-18,DEPOT-B,North Zone 1,2026-06-05 08:53:00,2026-06-05 09:04:04.894328799,2026-06-05 09:00:00,2026-06-05 10:00:00,4.01,2.75,6,81.85,False,REDELIVERY_REQUIRED
D00366,VAN-33,DEPOT-B,East Zone 1,2026-06-24 18:40:00,2026-06-24 19:03:46.252219091,2026-06-24 09:00:00,2026-06-24 20:00:00,10.87,0.29,5,84.27,True,DELIVERED
D00367,VAN-08,DEPOT-C,South Zone 1,2026-05-16 07:42:00,2026-05-16 07:54:05.661826631,2026-05-16 09:00:00,2026-05-16 09:00:00,6.46,4.87,5,76.38,True,DELIVERED
D00368,VAN-50,DEPOT-B,West Zone 1,2026-06-14 10:31:00,2026-06-14 11:16:35.399204594,2026-06-14 09:00:00,2026-06-14 12:00:00,11.88,4.24,5,91.44,True,DELIVERED
D00369,VAN-48,DEPOT-C,North Zone 2,2026-07-04 13:38:00,2026-07-04 14:08:59.001615131,2026-07-04 09:00:00,2026-07-04 15:00:00,12.01,3.19,5,85.59,True,DELIVERED
D00370,VAN-06,DEPOT-A,North Zone 2,2026-05-24 13:27:00,2026-05-24 13:57:43.423573561,2026-05-24 09:00:00,2026-05-24 15:00:00,8.86,4.92,7,84.56,True,DELIVERED
D00371,VAN-32,DEPOT-B,North Zone 2,2026-06-11 07:14:00,2026-06-11 07:40:38.431630613,2026-06-11 09:00:00,2026-06-11 09:00:00,10.03,0.87,5,75.28,True,DELIVERED
D00372,VAN-10,DEPOT-A,East Zone 1,2026-06-18 17:20:00,2026-06-18 17:47:39.383908516,2026-06-18 09:00:00,2026-06-18 19:00:00,10.21,2.38,6,80.72,True,DELIVERED
D00373,VAN-51,DEPOT-A,West Zone 1,2026-06-21 09:14:00,2026-06-21 10:02:38.472359908,2026-06-21 09:00:00,2026-06-21 11:00:00,13.02,1.21,6,88.64,True,DELIVERED
D00374,VAN-28,DEPOT-C,North Zone 1,2026-06-19 17:30:00,2026-06-19 17:49:25.928656550,2026-06-19 09:00:00,2026-06-19 19:00:00,7.2,5.61,6,69.4,True,DELIVERED
D00375,VAN-59,DEPOT-C,West Zone 1,2026-06-13 08:22:00,2026-06-13 09:25:58.163109327,2026-06-13 09:00:00,2026-06-13 10:00:00,16.84,7.49,5,102.48,True,DELIVERED
D00376,VAN-43,DEPOT-C,South Zone 1,2026-06-27 08:51:00,2026-06-27 09:08:46.802457329,2026-06-27 09:00:00,2026-06-27 10:00:00,5.44,3.81,3,65.4,True,DELIVERED
D00377,VAN-17,DEPOT-A,South Zone 1,2026-07-11 13:53:00,2026-07-11 13:59:54.723869223,2026-07-11 09:00:00,2026-07-11 15:00:00,4.87,5.79,5,81.25,True,DELIVERED
D00378,VAN-35,DEPOT-A,West Zone 1,2026-07-12 11:52:00,2026-07-12 12:46:48.125443634,2026-07-12 09:00:00,2026-07-12 13:00:00,13.46,9.79,3,104.72,True,DELIVERED
D00379,VAN-15,DEPOT-C,North Zone 2,2026-05-22 12:30:00,2026-05-22 12:49:44.955304529,2026-05-22 09:00:00,2026-05-22 14:00:00,6.84,8.25,2,80.81,True,DELIVERED
D00380,VAN-07,DEPOT-C,North Zone 1,2026-07-05 15:38:00,2026-07-05 15:51:27.672141170,2026-07-05 09:00:00,2026-07-05 17:00:00,7.13,2.75,7,73.79,True,DELIVERED
D00381,VAN-32,DEPOT-B,North Zone 1,2026-06-09 15:37:00,2026-06-09 15:41:00.000000000,2026-06-09 09:00:00,2026-06-09 17:00:00,2.04,1.2,3,44.78,True,DELIVERED
D00382,VAN-33,DEPOT-C,North Zone 1,2026-05-20 17:20:00,2026-05-20 17:36:11.435297181,2026-05-20 09:00:00,2026-05-20 19:00:00,8.11,6.84,7,77.79,True,DELIVERED
D00383,VAN-41,DEPOT-A,North Zone 2,2026-07-01 15:25:00,2026-07-01 15:48:46.178502268,2026-07-01 09:00:00,2026-07-01 17:00:00,5.49,3.16,6,69.33,True,DELIVERED
D00384,VAN-07,DEPOT-A,South Zone 2,2026-07-03 12:00:00,2026-07-03 12:31:12.775796336,2026-07-03 09:00:00,2026-07-03 14:00:00,11.01,2.1,4,88.24,True,DELIVERED
D00385,VAN-42,DEPOT-B,North Zone 2,2026-06-17 10:43:00,2026-06-17 11:10:56.393068299,2026-06-17 09:00:00,2026-06-17 12:00:00,9.45,4.0,4,83.67,True,DELIVERED
D00386,VAN-19,DEPOT-C,South Zone 1,2026-06-27 15:19:00,2026-06-27 15:23:00.000000000,2026-06-27 09:00:00,2026-06-27 17:00:00,6.52,4.95,5,79.34,False,REDELIVERY_REQUIRED
D00387,VAN-36,DEPOT-B,North Zone 1,2026-06-21 07:33:00,2026-06-21 07:41:49.177885994,2026-06-21 09:00:00,2026-06-21 09:00:00,2.22,2.92,9,44.16,True,DELIVERED
D00388,VAN-47,DEPOT-A,West Zone 1,2026-05-30 18:25:00,2026-05-30 19:08:37.739414347,2026-05-30 09:00:00,2026-05-30 20:00:00,13.25,2.61,8,97.35,True,DELIVERED
D00389,VAN-09,DEPOT-C,North Zone 1,2026-06-02 12:47:00,2026-06-02 12:54:16.344493698,2026-06-02 09:00:00,2026-06-02 14:00:00,5.0,11.56,6,88.41,False,REDELIVERY_REQUIRED
D00390,VAN-40,DEPOT-A,South Zone 2,2026-05-06 12:44:00,2026-05-06 13:33:37.666175539,2026-05-06 09:00:00,2026-05-06 14:00:00,12.23,9.63,7,103.19,True,DELIVERED
D00391,VAN-30,DEPOT-B,West Zone 1,2026-06-06 08:18:00,2026-06-06 09:18:53.085171416,2026-06-06 09:00:00,2026-06-06 10:00:00,19.13,1.64,5,113.44,True,DELIVERED
D00392,VAN-06,DEPOT-C,West Zone 1,2026-06-17 07:10:00,2026-06-17 08:08:49.425460138,2026-06-17 09:00:00,2026-06-17 09:00:00,13.16,4.68,12,103.38,True,DELIVERED
D00393,VAN-37,DEPOT-B,South Zone 1,2026-05-13 14:03:00,2026-05-13 14:11:04.838196500,2026-05-13 09:00:00,2026-05-13 16:00:00,3.25,8.66,3,82.98,True,DELIVERED
D00394,VAN-47,DEPOT-B,East Zone 1,2026-05-05 07:02:00,2026-05-05 07:16:43.787585696,2026-05-05 09:00:00,2026-05-05 09:00:00,4.37,4.77,5,58.75,True,DELIVERED
D00395,VAN-21,DEPOT-C,North Zone 2,2026-07-10 10:20:00,2026-07-10 10:47:10.416908980,2026-07-10 09:00:00,2026-07-10 12:00:00,8.66,9.8,9,88.55,True,DELIVERED
D00396,VAN-17,DEPOT-A,West Zone 1,2026-05-10 07:41:00,2026-05-10 09:01:11.017568046,2026-05-10 09:00:00,2026-05-10 09:00:00,18.41,0.62,10,104.63,True,DELIVERED
D00397,VAN-60,DEPOT-C,South Zone 2,2026-06-14 11:11:00,2026-06-14 11:47:23.746582751,2026-06-14 09:00:00,2026-06-14 13:00:00,9.0,4.0,9,87.05,True,DELIVERED
D00398,VAN-09,DEPOT-B,North Zone 1,2026-07-04 11:27:00,2026-07-04 11:36:15.950924527,2026-07-04 09:00:00,2026-07-04 13:00:00,5.42,6.06,11,82.22,True,DELIVERED
D00399,VAN-16,DEPOT-A,West Zone 1,2026-06-09 12:07:00,2026-06-09 12:58:08.692955650,2026-06-09 09:00:00,2026-06-09 14:00:00,9.92,1.71,8,78.1,True,DELIVERED
D00400,VAN-12,DEPOT-A,East Zone 1,2026-06-05 13:42:00,2026-06-05 14:05:12.686473386,2026-06-05 09:00:00,2026-06-05 15:00:00,11.71,3.39,6,88.64,True,DELIVERED
D00401,VAN-08,DEPOT-C,South Zone 1,2026-06-15 07:45:00,2026-06-15 07:51:52.119355221,2026-06-15 09:00:00,2026-06-15 09:00:00,4.41,0.96,3,57.92,True,DELIVERED
D00402,VAN-42,DEPOT-C,South Zone 2,2026-07-10 08:12:00,2026-07-10 08:51:57.849201290,2026-07-10 09:00:00,2026-07-10 10:00:00,10.76,4.0,8,80.73,True,DELIVERED
D00403,VAN-08,DEPOT-B,South Zone 1,2026-06-27 10:04:00,2026-06-27 10:08:00.000000000,2026-06-27 09:00:00,2026-06-27 12:00:00,5.13,4.57,5,88.25,True,DELIVERED
D00404,VAN-27,DEPOT-A,West Zone 1,2026-05-25 17:51:00,2026-05-25 18:49:18.081139847,2026-05-25 09:00:00,2026-05-25 19:00:00,16.44,5.01,8,103.34,True,DELIVERED
D00405,VAN-46,DEPOT-C,North Zone 2,2026-06-19 18:44:00,2026-06-19 18:49:39.892169649,2026-06-19 09:00:00,2026-06-19 20:00:00,4.32,3.63,10,63.28,True,DELIVERED
D00406,VAN-40,DEPOT-B,East Zone 1,2026-06-12 13:06:00,2026-06-12 13:25:19.571073382,2026-06-12 09:00:00,2026-06-12 15:00:00,8.2,10.26,9,105.08,True,DELIVERED
D00407,VAN-41,DEPOT-B,North Zone 2,2026-07-02 13:09:00,2026-07-02 13:45:29.821411322,2026-07-02 09:00:00,2026-07-02 15:00:00,12.6,2.73,8,93.97,False,REDELIVERY_REQUIRED
D00408,VAN-09,DEPOT-C,West Zone 1,2026-06-13 16:47:00,2026-06-13 17:36:19.178219700,2026-06-13 09:00:00,2026-06-13 18:00:00,13.41,3.36,8,88.92,True,DELIVERED
D00409,VAN-56,DEPOT-C,North Zone 2,2026-05-25 10:01:00,2026-05-25 10:24:13.160698146,2026-05-25 09:00:00,2026-05-25 12:00:00,9.09,2.52,5,75.9,True,DELIVERED
D00410,VAN-49,DEPOT-A,North Zone 2,2026-07-05 09:14:00,2026-07-05 09:43:53.088678357,2026-07-05 09:00:00,2026-07-05 11:00:00,10.71,3.19,6,75.99,True,DELIVERED
D00411,VAN-02,DEPOT-B,North Zone 1,2026-05-30 12:51:00,2026-05-30 13:03:44.100195433,2026-05-30 09:00:00,2026-05-30 14:00:00,6.96,11.12,8,86.21,True,DELIVERED
D00412,VAN-20,DEPOT-B,West Zone 1,2026-06-18 10:36:00,2026-06-18 11:34:29.997719855,2026-06-18 09:00:00,2026-06-18 12:00:00,12.38,3.53,8,94.8,True,DELIVERED
D00413,VAN-23,DEPOT-A,East Zone 1,2026-05-21 15:41:00,2026-05-21 16:01:31.595766643,2026-05-21 09:00:00,2026-05-21 17:00:00,10.41,7.68,3,101.37,True,DELIVERED
D00414,VAN-57,DEPOT-A,East Zone 1,2026-06-24 07:06:00,2026-06-24 07:38:21.270483411,2026-06-24 09:00:00,2026-06-24 09:00:00,9.96,5.16,6,83.44,True,DELIVERED
D00415,VAN-14,DEPOT-C,North Zone 1,2026-05-22 13:48:00,2026-05-22 14:00:53.159264116,2026-05-22 09:00:00,2026-05-22 15:00:00,6.83,1.9,7,70.73,True,DELIVERED
D00416,VAN-11,DEPOT-A,South Zone 1,2026-05-22 12:07:00,2026-05-22 12:22:58.767512736,2026-05-22 09:00:00,2026-05-22 14:00:00,8.64,4.02,6,78.41,True,DELIVERED
D00417,VAN-58,DEPOT-B,East Zone 1,2026-06-19 13:59:00,2026-06-19 14:16:56.054946585,2026-06-19 09:00:00,2026-06-19 15:00:00,9.66,3.16,9,86.79,True,DELIVERED
D00418,VAN-09,DEPOT-C,North Zone 1,2026-05-17 17:50:00,2026-05-17 18:19:43.359081751,2026-05-17 09:00:00,2026-05-17 19:00:00,13.0,3.77,5,89.27,True,DELIVERED
D00419,VAN-29,DEPOT-A,South Zone 1,2026-06-14 07:49:00,2026-06-14 07:53:00.000000000,2026-06-14 09:00:00,2026-06-14 09:00:00,2.13,4.52,7,62.22,True,DELIVERED
D00420,VAN-53,DEPOT-A,South Zone 1,2026-06-23 13:33:00,2026-06-23 13:54:30.150484154,2026-06-23 09:00:00,2026-06-23 15:00:00,7.88,0.82,6,75.77,True,DELIVERED
D00421,VAN-16,DEPOT-A,North Zone 1,2026-06-17 07:37:00,2026-06-17 07:50:33.002109901,2026-06-17 09:00:00,2026-06-17 09:00:00,10.22,1.42,6,78.85,False,REDELIVERY_REQUIRED
D00422,VAN-24,DEPOT-A,North Zone 1,2026-06-25 07:34:00,2026-06-25 07:47:51.014906818,2026-06-25 09:00:00,2026-06-25 09:00:00,7.15,7.77,3,74.42,True,DELIVERED
D00423,VAN-36,DEPOT-C,North Zone 2,2026-06-14 08:21:00,2026-06-14 08:41:39.482028276,2026-06-14 09:00:00,2026-06-14 10:00:00,7.85,5.09,5,81.78,True,DELIVERED
D00424,VAN-03,DEPOT-B,South Zone 1,2026-06-03 17:04:00,2026-06-03 17:10:44.416558435,2026-06-03 09:00:00,2026-06-03 19:00:00,3.38,4.42,8,69.09,True,DELIVERED
D00425,VAN-06,DEPOT-B,North Zone 1,2026-06-13 17:27:00,2026-06-13 17:31:15.562450589,2026-06-13 09:00:00,2026-06-13 19:00:00,2.64,3.19,7,59.67,True,DELIVERED
D00426,VAN-51,DEPOT-B,South Zone 2,2026-06-23 15:45:00,2026-06-23 16:26:29.796143754,2026-06-23 09:00:00,2026-06-23 17:00:00,9.28,4.45,7,79.98,True,DELIVERED
D00427,VAN-47,DEPOT-B,North Zone 1,2026-07-04 10:46:00,2026-07-04 11:00:54.688518415,2026-07-04 09:00:00,2026-07-04 12:00:00,6.5,5.49,4,75.79,True,DELIVERED
D00428,VAN-06,DEPOT-C,South Zone 2,2026-05-17 08:07:00,2026-05-17 08:51:14.994995434,2026-05-17 09:00:00,2026-05-17 10:00:00,14.05,1.61,4,99.28,True,DELIVERED
D00429,VAN-35,DEPOT-A,East Zone 1,2026-06-07 13:37:00,2026-06-07 13:51:38.431026548,2026-06-07 09:00:00,2026-06-07 15:00:00,7.76,2.7,10,89.28,True,DELIVERED
D00430,VAN-23,DEPOT-A,South Zone 1,2026-07-09 11:59:00,2026-07-09 12:03:00.000000000,2026-07-09 09:00:00,2026-07-09 13:00:00,1.2,2.41,5,51.69,True,DELIVERED
D00431,VAN-59,DEPOT-A,North Zone 1,2026-05-26 12:31:00,2026-05-26 12:37:45.779752027,2026-05-26 09:00:00,2026-05-26 14:00:00,3.28,2.27,8,57.53,True,DELIVERED
D00432,VAN-07,DEPOT-A,West Zone 1,2026-05-08 17:39:00,2026-05-08 18:28:03.814785944,2026-05-08 09:00:00,2026-05-08 19:00:00,14.46,1.37,7,85.36,True,DELIVERED
D00433,VAN-43,DEPOT-B,East Zone 1,2026-07-07 14:00:00,2026-07-07 14:26:28.989270197,2026-07-07 09:00:00,2026-07-07 16:00:00,12.58,6.31,15,98.59,True,DELIVERED
D00434,VAN-39,DEPOT-A,South Zone 2,2026-06-25 08:47:00,2026-06-25 09:34:31.795151132,2026-06-25 09:00:00,2026-06-25 10:00:00,13.74,1.67,10,89.85,True,DELIVERED
D00435,VAN-15,DEPOT-C,West Zone 1,2026-05-22 10:42:00,2026-05-22 11:21:59.055208470,2026-05-22 09:00:00,2026-05-22 12:00:00,10.5,12.05,12,93.67,True,DELIVERED
D00436,VAN-50,DEPOT-A,North Zone 2,2026-05-28 11:10:00,2026-05-28 11:39:23.673347838,2026-05-28 09:00:00,2026-05-28 13:00:00,10.86,4.34,7,84.7,True,DELIVERED
D00437,VAN-56,DEPOT-A,East Zone 1,2026-06-30 17:11:00,2026-06-30 17:33:36.134271826,2026-06-30 09:00:00,2026-06-30 19:00:00,6.87,1.73,6,70.36,False,REDELIVERY_REQUIRED
D00438,VAN-33,DEPOT-A,North Zone 1,2026-05-22 16:54:00,2026-05-22 17:00:45.834792364,2026-05-22 09:00:00,2026-05-22 18:00:00,5.68,13.8,11,88.09,True,DELIVERED
D00439,VAN-31,DEPOT-C,West Zone 1,2026-07-11 14:00:00,2026-07-11 15:01:06.045180975,2026-07-11 09:00:00,2026-07-11 16:00:00,18.44,5.64,2,112.36,True,DELIVERED
D00440,VAN-28,DEPOT-A,East Zone 1,2026-05-27 18:28:00,2026-05-27 19:01:59.869857025,2026-05-27 09:00:00,2026-05-27 20:00:00,12.72,0.99,1,81.43,True,DELIVERED
D00441,VAN-25,DEPOT-B,South Zone 2,2026-05-15 13:37:00,2026-05-15 14:09:49.102035021,2026-05-15 09:00:00,2026-05-15 15:00:00,8.76,3.53,6,78.78,True,DELIVERED
D00442,VAN-09,DEPOT-A,South Zone 1,2026-05-24 18:58:00,2026-05-24 19:05:49.707047700,2026-05-24 09:00:00,2026-05-24 20:00:00,6.9,,6,72.06,True,DELIVERED
D00443,VAN-18,DEPOT-C,South Zone 1,2026-05-30 08:48:00,2026-05-30 08:52:00.000000000,2026-05-30 09:00:00,2026-05-30 10:00:00,2.37,0.89,7,47.79,True,DELIVERED
D00444,VAN-38,DEPOT-B,East Zone 1,2026-06-29 10:50:00,2026-06-29 11:09:13.718322742,2026-06-29 09:00:00,2026-06-29 12:00:00,9.9,3.44,8,80.36,True,DELIVERED
D00445,VAN-10,DEPOT-B,North Zone 2,2026-05-27 07:14:00,2026-05-27 07:45:05.390351596,2026-05-27 09:00:00,2026-05-27 09:00:00,8.5,3.26,3,79.29,True,DELIVERED
D00446,VAN-14,DEPOT-A,South Zone 1,2026-05-14 18:57:00,2026-05-14 19:10:18.507864984,2026-05-14 09:00:00,2026-05-14 20:00:00,8.6,1.79,7,82.95,True,DELIVERED
D00447,VAN-49,DEPOT-A,West Zone 1,2026-07-12 17:19:00,2026-07-12 18:37:41.357264235,2026-07-12 09:00:00,2026-07-12 19:00:00,18.27,,6,100.94,True,DELIVERED
D00448,VAN-11,DEPOT-B,South Zone 2,2026-06-02 11:42:00,2026-06-02 12:37:00.728317539,2026-06-02 09:00:00,2026-06-02 13:00:00,12.75,1.05,14,80.35,True,DELIVERED
D00449,VAN-53,DEPOT-C,South Zone 1,2026-06-28 07:55:00,2026-06-28 07:59:00.000000000,2026-06-28 09:00:00,2026-06-28 09:00:00,3.34,2.15,6,60.02,True,DELIVERED
D00450,VAN-22,DEPOT-B,West Zone 1,2026-07-07 14:19:00,2026-07-07 15:17:46.086576769,2026-07-07 09:00:00,2026-07-07 16:00:00,13.48,5.51,4,94.42,True,DELIVERED
D00451,VAN-60,DEPOT-B,South Zone 1,2026-05-22 15:33:00,2026-05-22 15:48:09.948519062,2026-05-22 09:00:00,2026-05-22 17:00:00,8.69,1.65,6,84.75,True,DELIVERED
D00452,VAN-10,DEPOT-B,South Zone 2,2026-06-11 07:02:00,2026-06-11 07:49:09.332534609,2026-06-11 09:00:00,2026-06-11 09:00:00,11.55,3.54,8,75.42,True,DELIVERED
D00453,VAN-50,DEPOT-B,East Zone 1,2026-05-13 13:39:00,2026-05-13 14:06:23.237714539,2026-05-13 09:00:00,2026-05-13 15:00:00,9.82,6.63,7,97.31,True,DELIVERED
D00454,VAN-54,DEPOT-C,South Zone 1,2026-07-02 18:34:00,2026-07-02 18:47:57.648554589,2026-07-02 09:00:00,2026-07-02 20:00:00,4.37,4.6,11,61.78,True,DELIVERED
D00455,VAN-14,DEPOT-C,South Zone 1,2026-05-07 16:53:00,2026-05-07 17:09:03.465777559,2026-05-07 09:00:00,2026-05-07 18:00:00,7.19,3.11,8,81.05,True,DELIVERED
D00456,VAN-12,DEPOT-B,North Zone 1,2026-05-31 11:39:00,2026-05-31 11:52:21.635460388,2026-05-31 09:00:00,2026-05-31 13:00:00,9.1,5.03,6,77.28,True,DELIVERED
D00457,VAN-47,DEPOT-A,North Zone 2,2026-05-22 08:49:00,2026-05-22 09:11:17.671731455,2026-05-22 09:00:00,2026-05-22 10:00:00,8.71,1.17,9,70.35,True,DELIVERED
D00458,VAN-59,DEPOT-C,North Zone 2,2026-05-31 09:23:00,2026-05-31 09:42:47.427470822,2026-05-31 09:00:00,2026-05-31 11:00:00,7.94,14.91,6,102.7,True,DELIVERED
D00459,VAN-30,DEPOT-A,East Zone 1,2026-06-24 13:20:00,2026-06-24 13:49:41.073970900,2026-06-24 09:00:00,2026-06-24 15:00:00,10.43,2.31,9,83.87,True,DELIVERED
D00460,VAN-42,DEPOT-B,South Zone 2,2026-07-04 09:03:00,2026-07-04 09:43:45.588301882,2026-07-04 09:00:00,2026-07-04 11:00:00,13.66,0.9,3,87.4,True,DELIVERED
D00461,VAN-55,DEPOT-C,North Zone 1,2026-06-07 17:23:00,2026-06-07 17:38:47.469046505,2026-06-07 09:00:00,2026-06-07 19:00:00,7.55,2.87,7,70.88,True,DELIVERED
D00462,VAN-32,DEPOT-A,South Zone 1,2026-05-24 07:50:00,2026-05-24 08:00:21.839850363,2026-05-24 09:00:00,2026-05-24 09:00:00,3.25,2.07,6,55.98,True,DELIVERED
D00463,VAN-28,DEPOT-B,North Zone 2,2026-06-28 12:32:00,2026-06-28 12:55:05.156381224,2026-06-28 09:00:00,2026-06-28 14:00:00,9.1,1.19,3,66.87,True,DELIVERED
D00464,VAN-49,DEPOT-C,South Zone 2,2026-05-26 14:59:00,2026-05-26 15:49:08.378317268,2026-05-26 09:00:00,2026-05-26 16:00:00,12.31,3.17,5,84.47,True,DELIVERED
D00465,VAN-10,DEPOT-C,North Zone 2,2026-06-24 15:05:00,2026-06-24 15:29:39.047217402,2026-06-24 09:00:00,2026-06-24 17:00:00,7.31,7.36,5,84.15,True,DELIVERED
D00466,VAN-29,DEPOT-B,South Zone 1,2026-05-17 15:59:00,2026-05-17 16:12:35.466366006,2026-05-17 09:00:00,2026-05-17 17:00:00,6.07,2.2,4,66.54,True,DELIVERED
D00467,VAN-17,DEPOT-B,North Zone 1,2026-05-19 12:54:00,2026-05-19 13:13:39.089526923,2026-05-19 09:00:00,2026-05-19 14:00:00,6.18,7.19,6,88.9,True,DELIVERED
D00468,VAN-57,DEPOT-C,North Zone 1,2026-06-15 15:57:00,2026-06-15 16:08:15.335632712,2026-06-15 09:00:00,2026-06-15 17:00:00,7.15,2.03,7,62.17,True,DELIVERED
D00469,VAN-51,DEPOT-A,North Zone 2,2026-06-14 11:10:00,2026-06-14 11:48:08.256909188,2026-06-14 09:00:00,2026-06-14 13:00:00,11.63,1.58,10,81.73,True,DELIVERED
D00470,VAN-23,DEPOT-B,South Zone 1,2026-05-15 08:01:00,2026-05-15 08:05:00.000000000,2026-05-15 09:00:00,2026-05-15 10:00:00,0.5,2.66,5,44.1,True,DELIVERED
D00471,VAN-33,DEPOT-B,West Zone 1,2026-06-10 14:44:00,2026-06-10 15:41:34.963674953,2026-06-10 09:00:00,2026-06-10 16:00:00,11.18,5.97,9,90.58,False,REDELIVERY_REQUIRED
D00472,VAN-16,DEPOT-B,North Zone 1,2026-06-05 18:10:00,2026-06-05 18:14:00.000000000,2026-06-05 09:00:00,2026-06-05 20:00:00,3.42,5.37,4,63.51,False,REDELIVERY_REQUIRED
D00473,VAN-19,DEPOT-C,East Zone 1,2026-07-10 14:30:00,2026-07-10 14:35:51.079101444,2026-07-10 09:00:00,2026-07-10 16:00:00,2.69,3.88,7,68.01,False,REDELIVERY_REQUIRED
D00474,VAN-40,DEPOT-B,South Zone 2,2026-06-19 15:17:00,2026-06-19 16:06:18.984108043,2026-06-19 09:00:00,2026-06-19 17:00:00,15.37,5.44,8,103.57,False,REDELIVERY_REQUIRED
D00475,VAN-09,DEPOT-A,North Zone 1,2026-07-06 11:58:00,2026-07-06 12:12:46.596844528,2026-07-06 09:00:00,2026-07-06 13:00:00,5.6,3.89,4,72.19,True,DELIVERED
D00476,VAN-03,DEPOT-B,East Zone 1,2026-07-02 13:09:00,2026-07-02 13:30:39.671061576,2026-07-02 09:00:00,2026-07-02 15:00:00,10.27,3.38,13,73.44,True,DELIVERED
D00477,VAN-41,DEPOT-A,South Zone 1,2026-06-13 12:53:00,2026-06-13 12:57:00.000000000,2026-06-13 09:00:00,2026-06-13 14:00:00,1.84,2.96,12,43.11,True,DELIVERED
D00478,VAN-34,DEPOT-B,West Zone 1,2026-06-02 11:03:00,2026-06-02 11:55:37.297983412,2026-06-02 09:00:00,2026-06-02 13:00:00,11.85,4.88,6,77.67,True,DELIVERED
D00479,VAN-51,DEPOT-A,South Zone 1,2026-05-30 08:01:00,2026-05-30 08:15:27.526985774,2026-05-30 09:00:00,2026-05-30 10:00:00,5.85,2.06,4,62.62,True,DELIVERED
D00480,VAN-26,DEPOT-B,South Zone 1,2026-06-09 18:02:00,2026-06-09 18:16:18.128897807,2026-06-09 09:00:00,2026-06-09 20:00:00,7.1,5.81,8,74.74,True,DELIVERED
D00481,VAN-21,DEPOT-C,South Zone 2,2026-06-08 13:59:00,2026-06-08 14:38:08.026330105,2026-06-08 09:00:00,2026-06-08 15:00:00,11.02,4.68,10,85.61,True,DELIVERED
D00482,VAN-56,DEPOT-B,South Zone 2,2026-05-30 11:22:00,2026-05-30 11:57:44.765419839,2026-05-30 09:00:00,2026-05-30 13:00:00,11.86,1.79,6,87.13,True,DELIVERED
D00483,VAN-46,DEPOT-C,North Zone 1,2026-06-02 16:30:00,2026-06-02 16:41:05.342799227,2026-06-02 09:00:00,2026-06-02 18:00:00,7.09,4.58,4,79.48,True,DELIVERED
D00484,VAN-09,DEPOT-B,South Zone 1,2026-06-03 12:11:00,2026-06-03 12:29:59.196234853,2026-06-03 09:00:00,2026-06-03 14:00:00,8.88,4.65,5,79.36,True,DELIVERED
D00485,VAN-36,DEPOT-C,South Zone 2,2026-05-20 07:49:00,2026-05-20 08:36:35.331391838,2026-05-20 09:00:00,2026-05-20 09:00:00,11.44,4.7,12,87.94,True,DELIVERED
D00486,VAN-16,DEPOT-C,West Zone 1,2026-06-02 07:54:00,2026-06-02 09:14:55.443315531,2026-06-02 09:00:00,2026-06-02 09:00:00,17.16,2.09,4,111.76,True,DELIVERED
D00487,VAN-16,DEPOT-B,West Zone 1,2026-06-21 12:03:00,2026-06-21 12:44:39.269159377,2026-06-21 09:00:00,2026-06-21 14:00:00,9.53,2.29,7,79.35,True,DELIVERED
D00488,VAN-39,DEPOT-C,West Zone 1,2026-07-10 12:41:00,2026-07-10 13:40:53.710100507,2026-07-10 09:00:00,2026-07-10 14:00:00,16.31,0.78,8,96.18,True,DELIVERED
D00489,VAN-49,DEPOT-B,West Zone 1,2026-05-28 15:29:00,2026-05-28 16:44:19.538497609,2026-05-28 09:00:00,2026-05-28 17:00:00,17.32,2.72,4,100.31,True,DELIVERED
D00490,VAN-10,DEPOT-C,South Zone 2,2026-05-26 07:33:00,2026-05-26 08:20:31.362540856,2026-05-26 09:00:00,2026-05-26 09:00:00,11.24,0.48,7,79.71,True,DELIVERED
D00491,VAN-08,DEPOT-B,South Zone 1,2026-06-21 11:05:00,2026-06-21 11:09:26.242321855,2026-06-21 09:00:00,2026-06-21 13:00:00,8.06,8.29,7,79.08,True,DELIVERED
D00492,VAN-54,DEPOT-B,West Zone 1,2026-05-24 12:12:00,2026-05-24 13:12:54.977161600,2026-05-24 09:00:00,2026-05-24 14:00:00,16.25,1.55,8,96.18,True,
D00493,VAN-28,DEPOT-B,North Zone 1,2026-06-25 15:27:00,2026-06-25 15:36:30.203756609,2026-06-25 09:00:00,2026-06-25 17:00:00,5.49,2.4,2,66.16,True,DELIVERED
D00494,VAN-22,DEPOT-A,West Zone 1,2026-05-12 07:38:00,2026-05-12 08:48:59.427387472,2026-05-12 09:00:00,2026-05-12 09:00:00,15.26,1.69,4,102.55,True,DELIVERED
D00495,VAN-24,DEPOT-B,North Zone 2,2026-06-22 12:39:00,2026-06-22 12:59:37.041489891,2026-06-22 09:00:00,2026-06-22 14:00:00,7.72,0.2,7,76.26,True,DELIVERED
D00496,VAN-35,DEPOT-B,South Zone 2,2026-07-09 11:11:00,2026-07-09 12:08:55.891868326,2026-07-09 09:00:00,2026-07-09 13:00:00,15.27,3.07,8,103.27,True,DELIVERED
D00497,VAN-05,DEPOT-B,East Zone 1,2026-05-31 17:48:00,2026-05-31 18:06:37.087084235,2026-05-31 09:00:00,2026-05-31 19:00:00,5.58,1.39,2,68.72,True,DELIVERED
D00498,VAN-01,DEPOT-B,East Zone 1,2026-05-08 16:10:00,2026-05-08 16:14:00.000000000,2026-05-08 09:00:00,2026-05-08 18:00:00,1.83,6.06,7,61.68,True,DELIVERED
D00499,VAN-54,DEPOT-C,West Zone 1,2026-05-24 12:54:00,2026-05-24 13:35:35.042837954,2026-05-24 09:00:00,2026-05-24 14:00:00,12.65,3.69,7,91.75,True,DELIVERED
D00500,VAN-49,DEPOT-C,South Zone 1,2026-05-15 08:48:00,2026-05-15 08:52:00.000000000,2026-05-15 09:00:00,2026-05-15 10:00:00,4.77,15.22,4,86.54,True,DELIVERED
D00501,VAN-30,DEPOT-B,South Zone 2,2026-07-10 11:54:00,2026-07-10 12:33:40.164702625,2026-07-10 09:00:00,2026-07-10 13:00:00,13.49,2.5,12,98.49,True,DELIVERED
D00502,VAN-11,DEPOT-C,North Zone 2,2026-05-20 14:57:00,2026-05-20 15:17:04.954735850,2026-05-20 09:00:00,2026-05-20 16:00:00,5.85,3.64,11,76.24,True,DELIVERED
D00503,VAN-43,DEPOT-C,North Zone 2,2026-05-27 13:37:00,2026-05-27 14:10:03.414558461,2026-05-27 09:00:00,2026-05-27 15:00:00,10.68,7.28,9,90.93,False,REDELIVERY_REQUIRED
D00504,VAN-54,DEPOT-C,East Zone 1,2026-06-03 07:29:00,2026-06-03 08:00:33.434844083,2026-06-03 09:00:00,2026-06-03 09:00:00,10.3,5.06,14,80.9,True,DELIVERED
D00505,VAN-12,DEPOT-B,South Zone 2,2026-07-04 08:38:00,2026-07-04 09:10:56.887675928,2026-07-04 09:00:00,2026-07-04 10:00:00,10.03,3.18,4,87.11,True,DELIVERED
D00506,VAN-13,DEPOT-A,West Zone 1,2026-05-19 11:26:00,2026-05-19 12:26:57.219114376,2026-05-19 09:00:00,2026-05-19 13:00:00,12.55,3.49,7,88.57,True,DELIVERED
D00507,VAN-48,DEPOT-A,South Zone 2,2026-06-05 09:06:00,2026-06-05 09:35:36.624546052,2026-06-05 09:00:00,2026-06-05 11:00:00,8.69,2.81,4,73.42,True,DELIVERED
D00508,VAN-48,DEPOT-B,East Zone 1,2026-05-16 12:44:00,2026-05-16 12:49:43.764901646,2026-05-16 09:00:00,2026-05-16 14:00:00,1.66,2.7,8,61.86,True,DELIVERED
D00509,VAN-27,DEPOT-C,North Zone 2,2026-05-31 11:43:00,2026-05-31 12:03:59.802924248,2026-05-31 09:00:00,2026-05-31 13:00:00,9.04,0.41,12,79.12,False,REDELIVERY_REQUIRED
D00510,VAN-42,DEPOT-B,North Zone 2,2026-05-26 08:16:00,2026-05-26 08:42:54.736742005,2026-05-26 09:00:00,2026-05-26 10:00:00,9.11,7.84,5,87.41,True,DELIVERED
D00511,VAN-34,DEPOT-C,South Zone 2,2026-07-04 09:37:00,2026-07-04 10:09:07.168872896,2026-07-04 09:00:00,2026-07-04 11:00:00,8.15,1.23,6,76.05,True,DELIVERED
D00512,VAN-14,DEPOT-A,West Zone 1,2026-05-18 08:23:00,2026-05-18 09:35:09.577317482,2026-05-18 09:00:00,2026-05-18 10:00:00,18.32,5.72,7,113.52,True,DELIVERED
D00513,VAN-51,DEPOT-A,South Zone 2,2026-05-31 08:55:00,2026-05-31 09:50:35.959760261,2026-05-31 09:00:00,2026-05-31 10:00:00,18.64,2.04,9,109.49,True,DELIVERED
D00514,VAN-08,DEPOT-B,East Zone 1,2026-06-14 17:18:00,2026-06-14 17:28:10.253307186,2026-06-14 09:00:00,2026-06-14 19:00:00,3.79,0.59,7,67.18,True,DELIVERED
D00515,VAN-19,DEPOT-B,East Zone 1,2026-06-29 18:18:00,2026-06-29 18:44:15.475926266,2026-06-29 09:00:00,2026-06-29 20:00:00,9.54,6.3,6,77.09,True,DELIVERED
D00516,VAN-03,DEPOT-A,West Zone 1,2026-07-05 07:06:00,2026-07-05 07:56:29.804877725,2026-07-05 09:00:00,2026-07-05 09:00:00,12.81,5.69,7,101.55,True,DELIVERED
D00517,VAN-35,DEPOT-C,South Zone 2,2026-05-31 08:08:00,2026-05-31 08:47:16.755494649,2026-05-31 09:00:00,2026-05-31 10:00:00,10.42,9.01,7,90.75,True,DELIVERED
D00518,VAN-35,DEPOT-A,South Zone 2,2026-07-08 18:11:00,2026-07-08 19:16:28.551468286,2026-07-08 09:00:00,2026-07-08 20:00:00,16.08,0.89,10,96.86,True,DELIVERED
D00519,VAN-09,DEPOT-B,South Zone 2,2026-05-15 08:24:00,2026-05-15 09:02:16.469471109,2026-05-15 09:00:00,2026-05-15 10:00:00,10.99,3.6,4,97.32,True,DELIVERED
D00520,VAN-22,DEPOT-C,West Zone 1,2026-05-19 13:27:00,2026-05-19 14:23:43.575030944,2026-05-19 09:00:00,2026-05-19 15:00:00,13.88,5.53,6,103.73,True,DELIVERED
D00521,VAN-18,DEPOT-C,North Zone 1,2026-07-03 15:18:00,2026-07-03 15:33:59.666792625,2026-07-03 09:00:00,2026-07-03 17:00:00,7.89,6.33,10,75.86,True,DELIVERED
D00522,VAN-25,DEPOT-C,North Zone 2,2026-06-30 11:06:00,2026-06-30 11:43:50.325169386,2026-06-30 09:00:00,2026-06-30 13:00:00,10.14,5.03,7,90.29,True,DELIVERED
D00523,VAN-19,DEPOT-C,East Zone 1,2026-06-29 15:11:00,2026-06-29 15:27:50.616777001,2026-06-29 09:00:00,2026-06-29 17:00:00,8.87,2.86,7,91.66,True,DELIVERED
D00524,VAN-21,DEPOT-B,South Zone 2,2026-05-27 10:07:00,2026-05-27 10:46:59.867318715,2026-05-27 09:00:00,2026-05-27 12:00:00,10.97,1.8,9,85.86,True,DELIVERED
D00525,VAN-32,DEPOT-C,North Zone 1,2026-07-11 10:34:00,2026-07-11 10:42:44.626256796,2026-07-11 09:00:00,2026-07-11 12:00:00,3.33,3.88,9,64.83,True,DELIVERED
D00526,VAN-01,DEPOT-C,East Zone 1,2026-07-08 18:49:00,2026-07-08 19:03:34.661855592,2026-07-08 09:00:00,2026-07-08 20:00:00,7.12,3.53,9,79.16,True,DELIVERED
D00527,VAN-52,DEPOT-C,South Zone 2,2026-06-18 14:58:00,2026-06-18 15:59:11.142016675,2026-06-18 09:00:00,2026-06-18 16:00:00,16.44,2.36,4,101.27,True,DELIVERED
D00528,VAN-18,DEPOT-A,South Zone 2,2026-06-27 10:25:00,2026-06-27 10:58:01.471121315,2026-06-27 09:00:00,2026-06-27 12:00:00,10.93,4.51,5,85.64,True,DELIVERED
D00529,VAN-46,DEPOT-B,North Zone 2,2026-06-28 18:56:00,2026-06-28 19:29:30.047446877,2026-06-28 09:00:00,2026-06-28 20:00:00,12.27,1.89,12,87.88,True,DELIVERED
D00530,VAN-48,DEPOT-B,North Zone 2,2026-06-04 09:48:00,2026-06-04 10:20:15.998375466,2026-06-04 09:00:00,2026-06-04 11:00:00,10.67,4.67,5,91.8,True,DELIVERED
D00531,VAN-52,DEPOT-C,South Zone 1,2026-06-27 15:50:00,2026-06-27 15:59:34.589052451,2026-06-27 09:00:00,2026-06-27 17:00:00,4.55,6.01,9,69.94,False,REDELIVERY_REQUIRED
D00532,VAN-29,DEPOT-B,East Zone 1,2026-05-15 17:35:00,2026-05-15 17:50:51.320196565,2026-05-15 09:00:00,2026-05-15 19:00:00,6.5,4.21,10,76.12,True,DELIVERED
D00533,VAN-39,DEPOT-A,North Zone 2,2026-05-29 15:58:00,2026-05-29 16:23:57.222825536,2026-05-29 09:00:00,2026-05-29 17:00:00,10.74,0.47,6,85.41,True,DELIVERED
D00534,VAN-22,DEPOT-C,East Zone 1,2026-05-11 09:56:00,2026-05-11 10:22:02.109892565,2026-05-11 09:00:00,2026-05-11 11:00:00,11.19,7.34,12,95.45,True,DELIVERED
D00535,VAN-01,DEPOT-A,West Zone 1,2026-06-24 12:17:00,2026-06-24 12:45:25.173017072,2026-06-24 09:00:00,2026-06-24 14:00:00,8.03,10.47,13,90.3,True,DELIVERED
D00536,VAN-14,DEPOT-A,South Zone 1,2026-06-13 08:21:00,2026-06-13 08:26:43.403689813,2026-06-13 09:00:00,2026-06-13 10:00:00,3.82,11.17,6,86.74,True,DELIVERED
D00537,VAN-16,DEPOT-A,North Zone 2,2026-06-27 18:39:00,2026-06-27 18:54:28.973377862,2026-06-27 09:00:00,2026-06-27 20:00:00,8.44,4.74,6,78.18,True,DELIVERED
D00538,VAN-38,DEPOT-C,North Zone 2,2026-06-24 15:38:00,2026-06-24 15:57:21.707362860,2026-06-24 09:00:00,2026-06-24 17:00:00,4.84,3.11,8,68.63,True,DELIVERED
D00539,VAN-14,DEPOT-A,North Zone 2,2026-06-01 16:51:00,2026-06-01 17:17:49.113264114,2026-06-01 09:00:00,2026-06-01 18:00:00,8.86,3.45,6,81.44,True,DELIVERED
D00540,VAN-03,DEPOT-B,North Zone 2,2026-05-26 09:19:00,2026-05-26 09:42:35.502871028,2026-05-26 09:00:00,2026-05-26 11:00:00,8.78,8.11,7,94.08,True,DELIVERED
D00541,VAN-03,DEPOT-C,West Zone 1,2026-06-02 10:16:00,2026-06-02 11:26:57.062744279,2026-06-02 09:00:00,2026-06-02 12:00:00,14.82,2.07,9,96.27,True,DELIVERED
D00542,VAN-35,DEPOT-A,North Zone 2,2026-06-20 16:46:00,2026-06-20 17:17:14.618412184,2026-06-20 09:00:00,2026-06-20 18:00:00,12.76,0.64,6,93.82,True,DELIVERED
D00543,VAN-09,DEPOT-B,North Zone 2,2026-05-04 15:02:00,2026-05-04 15:15:08.561937955,2026-05-04 09:00:00,2026-05-04 17:00:00,7.33,4.1,5,87.87,True,DELIVERED
D00544,VAN-36,DEPOT-A,South Zone 2,2026-05-13 13:02:00,2026-05-13 13:35:37.337645801,2026-05-13 09:00:00,2026-05-13 15:00:00,10.12,1.19,3,77.6,True,DELIVERED
D00545,VAN-45,DEPOT-B,North Zone 1,2026-06-10 18:02:00,2026-06-10 18:14:38.435429417,2026-06-10 09:00:00,2026-06-10 20:00:00,8.32,0.39,7,70.36,True,DELIVERED
D00546,VAN-44,DEPOT-B,West Zone 1,2026-06-26 07:16:00,2026-06-26 08:15:17.199445564,2026-06-26 09:00:00,2026-06-26 09:00:00,15.62,4.14,3,114.59,True,DELIVERED
D00547,VAN-55,DEPOT-B,East Zone 1,2026-06-21 16:51:00,2026-06-21 17:11:23.242607568,2026-06-21 09:00:00,2026-06-21 18:00:00,7.35,8.84,6,82.59,True,DELIVERED
D00548,VAN-31,DEPOT-B,North Zone 1,2026-05-11 16:16:00,2026-05-11 16:33:14.469281194,2026-05-11 09:00:00,2026-05-11 18:00:00,8.29,2.21,7,69.71,True,DELIVERED
D00549,VAN-23,DEPOT-B,North Zone 1,2026-06-28 10:51:00,2026-06-28 10:55:00.000000000,2026-06-28 09:00:00,2026-06-28 12:00:00,3.47,4.54,10,59.98,True,DELIVERED
D00550,VAN-56,DEPOT-C,South Zone 1,2026-06-06 14:36:00,2026-06-06 14:42:48.875597497,2026-06-06 09:00:00,2026-06-06 16:00:00,5.2,2.98,5,71.95,True,DELIVERED
D00551,VAN-35,DEPOT-B,West Zone 1,2026-06-30 11:59:00,2026-06-30 13:18:31.549856505,2026-06-30 09:00:00,2026-06-30 13:00:00,18.51,2.52,15,113.38,False,REDELIVERY_REQUIRED
D00552,VAN-42,DEPOT-C,West Zone 1,2026-05-31 11:04:00,2026-05-31 12:06:21.726571782,2026-05-31 09:00:00,2026-05-31 13:00:00,14.45,1.75,4,95.9,True,DELIVERED
D00553,VAN-25,DEPOT-B,North Zone 2,2026-06-14 16:47:00,2026-06-14 17:00:46.350555264,2026-06-14 09:00:00,2026-06-14 18:00:00,4.41,2.55,8,64.54,True,DELIVERED
D00554,VAN-03,DEPOT-C,North Zone 1,2026-05-08 13:28:00,2026-05-08 13:38:49.437161456,2026-05-08 09:00:00,2026-05-08 15:00:00,5.08,3.84,5,65.71,True,DELIVERED
D00555,VAN-18,DEPOT-C,South Zone 2,2026-05-16 11:29:00,2026-05-16 12:19:47.926513986,2026-05-16 09:00:00,2026-05-16 13:00:00,15.77,3.04,4,102.26,False,REDELIVERY_REQUIRED
D00556,VAN-43,DEPOT-A,North Zone 1,2026-06-22 15:45:00,2026-06-22 16:11:00.207875685,2026-06-22 09:00:00,2026-06-22 17:00:00,11.7,0.97,6,89.05,True,DELIVERED
D00557,VAN-17,DEPOT-A,West Zone 1,2026-06-01 07:48:00,2026-06-01 08:25:33.775261683,2026-06-01 09:00:00,2026-06-01 09:00:00,10.59,1.08,8,77.4,True,
D00558,VAN-19,DEPOT-C,North Zone 1,2026-05-28 15:26:00,2026-05-28 15:41:36.461378593,2026-05-28 09:00:00,2026-05-28 17:00:00,4.54,8.43,8,76.6,True,DELIVERED
D00559,VAN-11,DEPOT-C,South Zone 2,2026-05-13 08:07:00,2026-05-13 08:55:54.378007173,2026-05-13 09:00:00,2026-05-13 10:00:00,12.7,2.73,5,90.6,True,DELIVERED
D00560,VAN-44,DEPOT-C,East Zone 1,2026-06-06 15:22:00,2026-06-06 15:46:43.165086645,2026-06-06 09:00:00,2026-06-06 17:00:00,11.52,3.26,6,88.06,True,DELIVERED
D00561,VAN-18,DEPOT-B,East Zone 1,2026-06-10 12:51:00,2026-06-10 13:17:05.943537148,2026-06-10 09:00:00,2026-06-10 14:00:00,8.11,1.86,2,75.1,True,DELIVERED
D00562,VAN-03,DEPOT-B,East Zone 1,2026-06-10 17:34:00,2026-06-10 17:48:04.999907094,2026-06-10 09:00:00,2026-06-10 19:00:00,7.49,0.61,6,71.02,True,DELIVERED
D00563,VAN-53,DEPOT-B,East Zone 1,2026-07-08 08:50:00,2026-07-08 09:17:16.206261014,2026-07-08 09:00:00,2026-07-08 10:00:00,12.22,2.51,4,96.89,True,DELIVERED
D00564,VAN-32,DEPOT-C,West Zone 1,2026-06-21 14:01:00,2026-06-21 15:06:21.368323929,2026-06-21 09:00:00,2026-06-21 16:00:00,15.92,2.86,15,92.16,True,DELIVERED
D00565,VAN-43,DEPOT-B,South Zone 1,2026-05-31 08:53:00,2026-05-31 08:59:47.738723220,2026-05-31 09:00:00,2026-05-31 10:00:00,6.9,3.89,3,73.39,True,DELIVERED
D00566,VAN-34,DEPOT-C,North Zone 1,2026-05-25 07:03:00,2026-05-25 07:14:55.003044593,2026-05-25 09:00:00,2026-05-25 09:00:00,6.33,0.76,9,75.46,True,DELIVERED
D00567,VAN-45,DEPOT-A,South Zone 1,2026-06-06 09:47:00,2026-06-06 09:55:46.036881054,2026-06-06 09:00:00,2026-06-06 11:00:00,9.83,1.16,8,86.94,True,DELIVERED
D00568,VAN-06,DEPOT-A,West Zone 1,2026-05-27 16:28:00,2026-05-27 17:42:11.014946298,2026-05-27 09:00:00,2026-05-27 18:00:00,17.66,4.96,7,111.51,True,DELIVERED
D00569,VAN-04,DEPOT-B,East Zone 1,2026-06-14 16:27:00,2026-06-14 16:41:58.070700576,2026-06-14 09:00:00,2026-06-14 18:00:00,7.6,10.25,11,78.6,True,DELIVERED
D00570,VAN-08,DEPOT-B,South Zone 1,2026-07-02 08:09:00,2026-07-02 08:14:08.582679017,2026-07-02 09:00:00,2026-07-02 10:00:00,7.5,2.2,10,76.35,True,DELIVERED
D00571,VAN-04,DEPOT-B,North Zone 1,2026-05-05 11:41:00,2026-05-05 11:59:38.370115171,2026-05-05 09:00:00,2026-05-05 13:00:00,7.73,2.24,6,80.07,True,DELIVERED
D00572,VAN-60,DEPOT-B,North Zone 2,2026-05-11 08:20:00,2026-05-11 08:27:13.343176137,2026-05-11 09:00:00,2026-05-11 10:00:00,2.7,7.15,6,74.29,True,DELIVERED
D00573,VAN-03,DEPOT-B,South Zone 1,2026-06-07 09:23:00,2026-06-07 09:27:00.000000000,2026-06-07 09:00:00,2026-06-07 11:00:00,0.82,6.8,4,50.55,True,DELIVERED
D00574,VAN-17,DEPOT-A,South Zone 2,2026-06-27 11:02:00,2026-06-27 11:35:20.672787716,2026-06-27 09:00:00,2026-06-27 13:00:00,12.9,4.24,11,95.15,True,DELIVERED
D00575,VAN-47,DEPOT-B,North Zone 2,2026-05-24 15:29:00,2026-05-24 15:41:58.891024442,2026-05-24 09:00:00,2026-05-24 17:00:00,6.51,5.62,5,66.33,True,DELIVERED
D00576,VAN-56,DEPOT-A,East Zone 1,2026-05-13 12:06:00,2026-05-13 12:23:31.218081119,2026-05-13 09:00:00,2026-05-13 14:00:00,8.25,4.75,8,77.52,True,DELIVERED
D00577,VAN-12,DEPOT-B,South Zone 2,2026-06-28 16:35:00,2026-06-28 17:24:27.991973448,2026-06-28 09:00:00,2026-06-28 18:00:00,12.46,4.6,6,93.38,True,DELIVERED
D00578,VAN-24,DEPOT-A,South Zone 1,2026-06-05 18:21:00,2026-06-05 18:29:32.992631516,2026-06-05 09:00:00,2026-06-05 20:00:00,9.41,8.27,10,85.58,True,DELIVERED
D00579,VAN-34,DEPOT-C,North Zone 2,2026-06-23 09:28:00,2026-06-23 09:57:55.718346822,2026-06-23 09:00:00,2026-06-23 11:00:00,10.13,11.53,7,103.69,True,DELIVERED
D00580,VAN-46,DEPOT-A,North Zone 2,2026-07-12 12:28:00,2026-07-12 12:46:54.449493763,2026-07-12 09:00:00,2026-07-12 14:00:00,11.06,4.77,7,87.35,True,DELIVERED
D00581,VAN-41,DEPOT-B,East Zone 1,2026-07-08 08:39:00,2026-07-08 08:54:12.456695284,2026-07-08 09:00:00,2026-07-08 10:00:00,6.56,0.59,6,65.45,True,DELIVERED
D00582,VAN-45,DEPOT-B,North Zone 1,2026-05-21 17:34:00,2026-05-21 17:46:35.634127023,2026-05-21 09:00:00,2026-05-21 19:00:00,7.14,3.76,5,77.9,True,DELIVERED
D00583,VAN-22,DEPOT-A,South Zone 1,2026-06-09 18:03:00,2026-06-09 18:07:00.000000000,2026-06-09 09:00:00,2026-06-09 20:00:00,2.82,1.63,6,56.75,True,DELIVERED
D00584,VAN-02,DEPOT-B,East Zone 1,2026-06-17 07:34:00,2026-06-17 07:54:54.580133557,2026-06-17 09:00:00,2026-06-17 09:00:00,6.85,1.33,10,66.83,True,DELIVERED
D00585,VAN-52,DEPOT-B,South Zone 2,2026-06-08 07:45:00,2026-06-08 08:20:16.094347864,2026-06-08 09:00:00,2026-06-08 09:00:00,11.55,4.55,9,100.11,True,DELIVERED
D00586,VAN-08,DEPOT-A,South Zone 1,2026-06-02 18:29:00,2026-06-02 18:38:52.588657866,2026-06-02 09:00:00,2026-06-02 20:00:00,7.31,2.99,4,80.91,True,DELIVERED
D00587,VAN-43,DEPOT-B,North Zone 2,2026-06-24 09:40:00,2026-06-24 10:23:04.461361114,2026-06-24 09:00:00,2026-06-24 11:00:00,11.62,1.71,9,83.49,True,DELIVERED
D00588,VAN-18,DEPOT-B,North Zone 1,2026-05-21 14:57:00,2026-05-21 15:01:00.000000000,2026-05-21 09:00:00,2026-05-21 16:00:00,3.3,4.04,4,57.18,True,DELIVERED
D00589,VAN-32,DEPOT-C,West Zone 1,2026-06-27 13:08:00,2026-06-27 13:54:29.665283544,2026-06-27 09:00:00,2026-06-27 15:00:00,12.35,7.5,9,96.61,True,DELIVERED
D00590,VAN-23,DEPOT-C,South Zone 1,2026-05-24 12:42:00,2026-05-24 12:50:13.013147665,2026-05-24 09:00:00,2026-05-24 14:00:00,3.95,3.65,8,67.9,True,DELIVERED
D00591,VAN-55,DEPOT-B,South Zone 1,2026-07-04 11:01:00,2026-07-04 11:06:50.910932223,2026-07-04 09:00:00,2026-07-04 13:00:00,4.42,7.93,6,73.03,True,DELIVERED
D00592,VAN-47,DEPOT-A,North Zone 2,2026-07-11 15:32:00,2026-07-11 15:59:22.743723737,2026-07-11 09:00:00,2026-07-11 17:00:00,9.1,0.86,13,65.55,True,DELIVERED
D00593,VAN-09,DEPOT-A,South Zone 2,2026-05-11 16:58:00,2026-05-11 17:29:33.267522201,2026-05-11 09:00:00,2026-05-11 18:00:00,7.56,3.76,7,69.23,True,DELIVERED
D00594,VAN-07,DEPOT-B,North Zone 1,2026-06-29 12:10:00,2026-06-29 12:25:28.814301865,2026-06-29 09:00:00,2026-06-29 14:00:00,7.44,1.44,5,68.92,True,DELIVERED
D00595,VAN-17,DEPOT-B,North Zone 1,2026-05-09 13:48:00,2026-05-09 14:00:50.394377736,2026-05-09 09:00:00,2026-05-09 15:00:00,5.4,3.84,7,82.2,True,DELIVERED
D00596,VAN-43,DEPOT-B,South Zone 1,2026-06-09 07:35:00,2026-06-09 07:43:12.783126305,2026-06-09 09:00:00,2026-06-09 09:00:00,5.39,1.64,5,62.74,False,REDELIVERY_REQUIRED
D00597,VAN-24,DEPOT-B,North Zone 2,2026-06-17 09:31:00,2026-06-17 09:52:22.844713400,2026-06-17 09:00:00,2026-06-17 11:00:00,7.35,2.95,7,67.66,True,DELIVERED
D00598,VAN-21,DEPOT-C,North Zone 2,2026-06-23 15:03:00,2026-06-23 15:25:50.904626114,2026-06-23 09:00:00,2026-06-23 17:00:00,7.74,2.07,4,81.5,True,DELIVERED
D00599,VAN-59,DEPOT-B,North Zone 1,2026-05-26 09:31:00,2026-05-26 09:44:37.926216808,2026-05-26 09:00:00,2026-05-26 11:00:00,5.35,6.15,9,78.57,True,DELIVERED
D00600,VAN-56,DEPOT-C,East Zone 1,2026-05-16 13:56:00,2026-05-16 14:10:34.419750849,2026-05-16 09:00:00,2026-05-16 15:00:00,7.83,16.14,6,99.0,True,DELIVERED
D00601,VAN-41,DEPOT-C,North Zone 1,2026-05-15 15:43:00,2026-05-15 15:47:00.000000000,2026-05-15 09:00:00,2026-05-15 17:00:00,2.68,2.78,9,57.31,True,DELIVERED
D00602,VAN-28,DEPOT-A,South Zone 2,2026-06-15 16:17:00,2026-06-15 16:49:45.160934123,2026-06-15 09:00:00,2026-06-15 18:00:00,9.93,2.78,9,75.92,True,DELIVERED
D00603,VAN-15,DEPOT-C,East Zone 1,2026-07-08 13:23:00,2026-07-08 13:51:56.238968819,2026-07-08 09:00:00,2026-07-08 15:00:00,10.48,3.08,11,96.58,True,DELIVERED
D00604,VAN-30,DEPOT-A,South Zone 1,2026-06-01 08:24:00,2026-06-01 08:33:44.283523620,2026-06-01 09:00:00,2026-06-01 10:00:00,6.49,9.56,2,93.44,True,DELIVERED
D00605,VAN-01,DEPOT-A,North Zone 1,2026-05-14 07:26:00,2026-05-14 07:30:00.000000000,2026-05-14 09:00:00,2026-05-14 09:00:00,4.12,5.32,6,83.21,True,DELIVERED
D00606,VAN-39,DEPOT-A,South Zone 2,2026-05-25 10:07:00,2026-05-25 10:47:34.877942841,2026-05-25 09:00:00,2026-05-25 12:00:00,12.33,4.9,5,82.29,True,DELIVERED
D00607,VAN-01,DEPOT-A,South Zone 2,2026-07-02 08:00:00,2026-07-02 09:02:30.079047060,2026-07-02 09:00:00,2026-07-02 10:00:00,16.63,1.28,8,107.15,True,DELIVERED
D00608,VAN-38,DEPOT-B,South Zone 2,2026-06-14 14:01:00,2026-06-14 14:25:21.577791629,2026-06-14 09:00:00,2026-06-14 16:00:00,10.86,5.25,12,90.61,True,DELIVERED
D00609,VAN-05,DEPOT-C,West Zone 1,2026-06-25 07:31:00,2026-06-25 08:33:49.496385975,2026-06-25 09:00:00,2026-06-25 09:00:00,13.56,3.04,8,100.03,True,DELIVERED
D00610,VAN-41,DEPOT-C,South Zone 1,2026-06-11 12:46:00,2026-06-11 13:10:33.800131290,2026-06-11 09:00:00,2026-06-11 14:00:00,7.86,2.27,8,74.26,True,DELIVERED
D00611,VAN-33,DEPOT-B,South Zone 2,2026-05-20 17:07:00,2026-05-20 17:58:57.319286430,2026-05-20 09:00:00,2026-05-20 19:00:00,13.59,6.33,3,103.91,False,REDELIVERY_REQUIRED
D00612,VAN-12,DEPOT-A,North Zone 2,2026-06-21 07:43:00,2026-06-21 07:55:43.785506922,2026-06-21 09:00:00,2026-06-21 09:00:00,6.39,5.68,6,71.69,True,DELIVERED
D00613,VAN-12,DEPOT-A,East Zone 1,2026-05-04 14:23:00,2026-05-04 14:47:44.852760916,2026-05-04 09:00:00,2026-05-04 16:00:00,7.79,,6,74.75,True,DELIVERED
D00614,VAN-24,DEPOT-B,East Zone 1,2026-06-22 18:42:00,2026-06-22 19:09:25.801645076,2026-06-22 09:00:00,2026-06-22 20:00:00,11.92,0.95,8,81.55,True,DELIVERED
D00615,VAN-26,DEPOT-C,North Zone 1,2026-05-06 16:15:00,2026-05-06 16:24:24.624780684,2026-05-06 09:00:00,2026-05-06 18:00:00,8.34,3.85,6,78.59,False,REDELIVERY_REQUIRED
D00616,VAN-42,DEPOT-A,East Zone 1,2026-05-08 18:25:00,2026-05-08 18:40:20.090288340,2026-05-08 09:00:00,2026-05-08 20:00:00,8.03,2.07,7,84.13,True,DELIVERED
D00617,VAN-58,DEPOT-C,West Zone 1,2026-06-18 12:20:00,2026-06-18 13:34:34.895655452,2026-06-18 09:00:00,2026-06-18 14:00:00,15.77,6.04,5,103.06,True,DELIVERED
D00618,VAN-24,DEPOT-B,South Zone 1,2026-06-21 10:55:00,2026-06-21 11:03:12.647132664,2026-06-21 09:00:00,2026-06-21 12:00:00,7.75,0.59,10,77.72,True,DELIVERED
D00619,VAN-46,DEPOT-A,N. Zone 2,2026-06-01 11:06:00,2026-06-01 11:33:43.317255884,2026-06-01 09:00:00,2026-06-01 13:00:00,8.25,5.06,5,86.25,True,DELIVERED
D00620,VAN-02,DEPOT-B,East Zone 1,2026-06-20 11:29:00,2026-06-20 11:48:00.446521863,2026-06-20 09:00:00,2026-06-20 13:00:00,9.48,4.94,9,89.27,True,DELIVERED
D00621,VAN-38,DEPOT-A,North Zone 2,2026-06-11 18:00:00,2026-06-11 18:31:52.414714218,2026-06-11 09:00:00,2026-06-11 20:00:00,12.36,0.35,7,85.7,True,DELIVERED
D00622,VAN-04,DEPOT-A,South Zone 2,2026-05-04 07:22:00,2026-05-04 08:25:22.972949181,2026-05-04 09:00:00,2026-05-04 09:00:00,19.06,2.21,5,115.4,True,DELIVERED
D00623,VAN-02,DEPOT-A,East Zone 1,2026-05-12 12:16:00,2026-05-12 12:41:34.914279206,2026-05-12 09:00:00,2026-05-12 14:00:00,7.35,5.57,9,85.15,True,DELIVERED
D00624,VAN-17,DEPOT-A,East Zone 1,2026-05-15 08:22:00,2026-05-15 08:33:20.435503427,2026-05-15 09:00:00,2026-05-15 10:00:00,9.03,7.19,3,88.29,True,DELIVERED
D00625,VAN-04,DEPOT-C,South Zone 2,2026-05-26 12:43:00,2026-05-26 13:27:18.836943842,2026-05-26 09:00:00,2026-05-26 14:00:00,11.7,4.09,6,92.43,True,DELIVERED
D00626,VAN-07,DEPOT-A,South Zone 2,2026-05-19 07:07:00,2026-05-19 07:53:44.817923019,2026-05-19 09:00:00,2026-05-19 09:00:00,11.51,3.39,11,78.04,True,DELIVERED
D00627,VAN-46,DEPOT-C,East Zone 1,2026-06-05 15:38:00,2026-06-05 15:59:24.350274347,2026-06-05 09:00:00,2026-06-05 17:00:00,9.4,5.14,5,84.88,True,DELIVERED
D00628,VAN-42,DEPOT-C,South Zone 1,2026-07-11 16:53:00,2026-07-11 16:57:00.000000000,2026-07-11 09:00:00,2026-07-11 18:00:00,1.44,2.52,8,52.73,True,DELIVERED
D00629,VAN-33,DEPOT-B,North Zone 2,2026-06-11 13:10:00,2026-06-11 13:46:10.873260122,2026-06-11 09:00:00,2026-06-11 15:00:00,10.87,2.87,9,80.34,True,DELIVERED
D00630,VAN-27,DEPOT-A,North Zone 1,2026-07-03 10:39:00,2026-07-03 10:55:23.383126808,2026-07-03 09:00:00,2026-07-03 12:00:00,7.29,3.65,12,83.93,True,DELIVERED
D00631,VAN-08,DEPOT-C,North Zone 1,2026-06-03 14:56:00,2026-06-03 15:07:14.428587957,2026-06-03 09:00:00,2026-06-03 16:00:00,7.18,2.06,4,67.95,False,REDELIVERY_REQUIRED
D00632,VAN-42,DEPOT-A,East Zone 1,2026-05-12 10:22:00,2026-05-12 10:49:04.382213621,2026-05-12 09:00:00,2026-05-12 12:00:00,7.9,2.11,6,73.71,True,DELIVERED
D00633,VAN-05,DEPOT-C,West Zone 1,2026-05-13 15:31:00,2026-05-13 16:28:41.755460049,2026-05-13 09:00:00,2026-05-13 17:00:00,12.26,4.61,6,104.47,True,DELIVERED
D00634,VAN-15,DEPOT-A,South Zone 1,2026-05-26 17:44:00,2026-05-26 17:57:03.565265815,2026-05-26 09:00:00,2026-05-26 19:00:00,4.11,3.33,8,62.97,True,DELIVERED
D00635,VAN-60,DEPOT-B,East Zone 1,2026-06-21 11:05:00,2026-06-21 11:18:25.720129289,2026-06-21 09:00:00,2026-06-21 13:00:00,5.44,3.09,4,74.24,True,DELIVERED
D00636,VAN-26,DEPOT-C,South Zone 1,2026-05-21 13:13:00,2026-05-21 13:34:23.036335574,2026-05-21 09:00:00,2026-05-21 15:00:00,6.59,1.69,1,67.49,True,DELIVERED
D00637,VAN-02,DEPOT-B,West Zone 1,2026-06-17 07:48:00,2026-06-17 08:57:47.724749729,2026-06-17 09:00:00,2026-06-17 09:00:00,15.31,2.53,7,94.51,False,REDELIVERY_REQUIRED
D00638,VAN-55,DEPOT-C,North Zone 2,2026-06-22 10:33:00,2026-06-22 10:51:19.186944475,2026-06-22 09:00:00,2026-06-22 12:00:00,6.58,6.46,9,87.38,True,DELIVERED
D00639,VAN-13,DEPOT-A,South Zone 1,2026-05-27 15:16:00,2026-05-27 15:30:11.732079537,2026-05-27 09:00:00,2026-05-27 17:00:00,5.44,0.79,2,72.64,True,DELIVERED
D00640,VAN-48,DEPOT-B,South Zone 2,2026-06-27 18:02:00,2026-06-27 18:37:24.499913396,2026-06-27 09:00:00,2026-06-27 20:00:00,11.52,5.65,12,82.48,True,DELIVERED
D00641,VAN-39,DEPOT-C,North Zone 1,2026-06-06 09:17:00,2026-06-06 09:38:53.146119910,2026-06-06 09:00:00,2026-06-06 11:00:00,7.38,1.75,6,74.79,True,DELIVERED
D00642,VAN-52,DEPOT-B,North Zone 2,2026-07-02 16:26:00,2026-07-02 16:35:30.395175204,2026-07-02 09:00:00,2026-07-02 18:00:00,4.4,4.86,8,70.2,True,DELIVERED
D00643,VAN-33,DEPOT-C,North Zone 2,2026-06-13 17:59:00,2026-06-13 18:19:22.722410126,2026-06-13 09:00:00,2026-06-13 19:00:00,10.05,5.45,6,76.46,True,DELIVERED
D00644,VAN-28,DEPOT-B,North Zone 2,2026-06-22 07:50:00,2026-06-22 08:18:20.855366051,2026-06-22 09:00:00,2026-06-22 09:00:00,9.98,0.72,6,67.69,True,DELIVERED
D00645,VAN-59,DEPOT-C,North Zone 2,2026-07-05 16:23:00,2026-07-05 16:46:46.268965132,2026-07-05 09:00:00,2026-07-05 18:00:00,7.74,3.54,8,64.72,True,DELIVERED
D00646,VAN-46,DEPOT-A,South Zone 1,2026-06-11 07:33:00,2026-06-11 07:47:31.460161553,2026-06-11 09:00:00,2026-06-11 09:00:00,10.76,2.96,11,89.56,True,DELIVERED
D00647,VAN-28,DEPOT-C,West Zone 1,2026-06-28 11:26:00,2026-06-28 12:38:09.475527786,2026-06-28 09:00:00,2026-06-28 13:00:00,17.08,4.9,6,109.2,False,REDELIVERY_REQUIRED
D00648,VAN-26,DEPOT-B,South Zone 1,2026-06-16 16:01:00,2026-06-16 16:08:57.054645274,2026-06-16 09:00:00,2026-06-16 18:00:00,3.89,2.02,8,67.3,False,REDELIVERY_REQUIRED
D00649,VAN-41,DEPOT-B,South Zone 2,2026-07-06 15:48:00,2026-07-06 16:18:31.282232135,2026-07-06 09:00:00,2026-07-06 17:00:00,9.74,3.2,7,79.86,True,DELIVERED
D00650,VAN-37,DEPOT-C,North Zone 2,2026-05-25 14:57:00,2026-05-25 15:21:11.129949847,2026-05-25 09:00:00,2026-05-25 16:00:00,11.7,2.83,5,89.54,True,DELIVERED
D00651,VAN-42,DEPOT-C,South Zone 1,2026-06-02 17:36:00,2026-06-02 17:45:14.234933370,2026-06-02 09:00:00,2026-06-02 19:00:00,4.8,2.43,10,70.97,False,REDELIVERY_REQUIRED
D00652,VAN-43,DEPOT-B,West Zone 1,2026-05-09 09:02:00,2026-05-09 09:55:13.068341758,2026-05-09 09:00:00,2026-05-09 11:00:00,13.38,2.98,6,93.32,True,DELIVERED
D00653,VAN-45,DEPOT-A,North Zone 1,2026-05-05 13:42:00,2026-05-05 13:52:45.265769091,2026-05-05 09:00:00,2026-05-05 15:00:00,6.02,3.2,8,76.1,True,DELIVERED
D00654,VAN-40,DEPOT-B,West Zone 1,2026-07-05 09:58:00,2026-07-05 11:00:46.287140356,2026-07-05 09:00:00,2026-07-05 11:00:00,15.32,2.28,6,89.91,True,DELIVERED
D00655,VAN-21,DEPOT-B,East Zone 1,2026-07-06 16:52:00,2026-07-06 17:19:06.403262910,2026-07-06 09:00:00,2026-07-06 18:00:00,10.52,4.42,4,90.03,True,DELIVERED
D00656,VAN-38,DEPOT-C,West Zone 1,2026-05-09 11:01:00,2026-05-09 11:56:11.558253718,2026-05-09 09:00:00,2026-05-09 13:00:00,15.33,2.0,6,108.34,True,DELIVERED
D00657,VAN-58,DEPOT-B,North Zone 2,2026-05-05 15:28:00,2026-05-05 15:50:05.341142440,2026-05-05 09:00:00,2026-05-05 17:00:00,8.15,2.03,5,72.38,True,DELIVERED
D00658,VAN-13,DEPOT-C,North Zone 2,2026-06-21 09:46:00,2026-06-21 10:13:31.549875748,2026-06-21 09:00:00,2026-06-21 11:00:00,9.44,2.44,8,76.42,True,DELIVERED
D00659,VAN-16,DEPOT-C,North Zone 1,2026-05-06 08:46:00,2026-05-06 08:55:35.461267809,2026-05-06 09:00:00,2026-05-06 10:00:00,4.36,7.17,8,78.85,True,DELIVERED
D00660,VAN-11,DEPOT-B,South Zone 1,2026-06-12 13:30:00,2026-06-12 13:34:03.154739807,2026-06-12 09:00:00,2026-06-12 15:00:00,3.11,5.97,6,65.22,True,DELIVERED
D00661,VAN-26,DEPOT-C,North Zone 2,2026-06-20 08:36:00,2026-06-20 08:48:22.617166559,2026-06-20 09:00:00,2026-06-20 10:00:00,5.49,1.83,8,64.53,True,DELIVERED
D00662,VAN-29,DEPOT-C,North Zone 2,2026-07-04 11:47:00,2026-07-04 12:21:05.066753856,2026-07-04 09:00:00,2026-07-04 13:00:00,11.57,1.58,6,87.26,True,DELIVERED
D00663,VAN-15,DEPOT-B,North Zone 1,2026-06-27 17:29:00,2026-06-27 17:44:00.559719021,2026-06-27 09:00:00,2026-06-27 19:00:00,7.58,1.39,6,67.73,True,DELIVERED
D00664,VAN-14,DEPOT-C,North Zone 1,2026-06-17 12:04:00,2026-06-17 12:23:21.919871216,2026-06-17 09:00:00,2026-06-17 14:00:00,8.28,4.98,10,78.02,True,DELIVERED
D00665,VAN-40,DEPOT-A,South Zone 2,2026-05-14 14:20:00,2026-05-14 15:02:30.697156551,2026-05-14 09:00:00,2026-05-14 16:00:00,12.75,3.69,8,88.64,True,DELIVERED
D00666,VAN-43,DEPOT-B,East Zone 1,2026-05-17 15:47:00,2026-05-17 16:01:11.922702299,2026-05-17 09:00:00,2026-05-17 17:00:00,6.09,5.21,10,77.56,True,DELIVERED
D00667,VAN-01,DEPOT-B,North Zone 2,2026-07-11 15:52:00,2026-07-11 16:11:30.209028617,2026-07-11 09:00:00,2026-07-11 17:00:00,9.5,5.73,8,82.65,True,DELIVERED
D00668,VAN-26,DEPOT-A,South Zone 2,2026-07-11 16:33:00,2026-07-11 17:09:34.035497502,2026-07-11 09:00:00,2026-07-11 18:00:00,13.15,6.81,7,102.45,True,DELIVERED
D00669,VAN-53,DEPOT-B,East Zone 1,2026-05-06 17:10:00,2026-05-06 17:29:12.889002737,2026-05-06 09:00:00,2026-05-06 19:00:00,4.69,2.12,7,70.59,True,DELIVERED
D00670,VAN-51,DEPOT-B,North Zone 1,2026-06-23 14:22:00,2026-06-23 14:28:45.372780129,2026-06-23 09:00:00,2026-06-23 16:00:00,3.11,5.09,8,68.11,True,DELIVERED
D00671,VAN-14,DEPOT-A,South Zone 2,2026-06-05 13:50:00,2026-06-05 14:30:29.440988038,2026-06-05 09:00:00,2026-06-05 15:00:00,14.04,4.78,7,99.45,True,DELIVERED
D00672,VAN-51,DEPOT-A,South Zone 1,2026-05-25 09:25:00,2026-05-25 09:34:15.170232354,2026-05-25 09:00:00,2026-05-25 11:00:00,6.68,0.82,10,66.89,False,REDELIVERY_REQUIRED
D00673,VAN-25,DEPOT-B,North Zone 1,2026-07-08 10:48:00,2026-07-08 11:03:59.952357546,2026-07-08 09:00:00,2026-07-08 12:00:00,5.72,2.81,6,60.41,False,REDELIVERY_REQUIRED
D00674,VAN-08,DEPOT-A,South Zone 2,2026-06-13 07:17:00,2026-06-13 07:49:06.847454843,2026-06-13 09:00:00,2026-06-13 09:00:00,9.69,,5,65.79,True,DELIVERED
D00675,VAN-37,DEPOT-A,East Zone 1,2026-05-28 18:57:00,2026-05-28 19:24:31.308320836,2026-05-28 09:00:00,2026-05-28 20:00:00,9.68,1.8,7,82.69,True,DELIVERED
D00676,VAN-15,DEPOT-B,North Zone 1,2026-05-09 18:20:00,2026-05-09 18:30:44.534691755,2026-05-09 09:00:00,2026-05-09 20:00:00,7.69,1.33,7,73.81,True,DELIVERED
D00677,VAN-06,DEPOT-A,North Zone 2,2026-06-02 08:36:00,2026-06-02 08:56:14.569638172,2026-06-02 09:00:00,2026-06-02 10:00:00,6.17,2.48,8,67.28,False,REDELIVERY_REQUIRED
D00678,VAN-54,DEPOT-A,North Zone 2,2026-06-21 16:58:00,2026-06-21 17:33:30.281921858,2026-06-21 09:00:00,2026-06-21 18:00:00,12.87,2.05,7,96.19,True,DELIVERED
D00679,VAN-33,DEPOT-A,North Zone 1,2026-06-09 16:50:00,2026-06-09 17:01:36.699470577,2026-06-09 09:00:00,2026-06-09 18:00:00,6.04,1.35,7,75.05,True,DELIVERED
D00680,VAN-09,DEPOT-C,East Zone 1,2026-06-01 11:28:00,2026-06-01 11:36:30.322269562,2026-06-01 09:00:00,2026-06-01 13:00:00,2.2,2.46,12,51.72,True,DELIVERED
D00681,VAN-57,DEPOT-B,South Zone 1,2026-05-29 16:17:00,2026-05-29 16:21:00.000000000,2026-05-29 09:00:00,2026-05-29 18:00:00,3.83,5.51,7,64.87,True,DELIVERED
D00682,VAN-57,DEPOT-A,North Zone 1,2026-07-07 08:39:00,2026-07-07 08:51:49.194771943,2026-07-07 09:00:00,2026-07-07 10:00:00,7.72,2.28,14,79.78,True,DELIVERED
D00683,VAN-05,DEPOT-B,West Zone 1,2026-07-10 10:41:00,2026-07-10 11:36:12.347223224,2026-07-10 09:00:00,2026-07-10 12:00:00,15.37,3.82,10,103.56,True,DELIVERED
D00684,VAN-11,DEPOT-C,West Zone 1,2026-05-23 11:09:00,2026-05-23 11:52:14.462564393,2026-05-23 09:00:00,2026-05-23 13:00:00,13.69,1.18,11,89.86,True,DELIVERED
D00685,VAN-35,DEPOT-B,South Zone 2,2026-05-06 15:52:00,2026-05-06 16:22:43.333488671,2026-05-06 09:00:00,2026-05-06 17:00:00,9.27,0.77,11,76.72,True,DELIVERED
D00686,VAN-18,DEPOT-A,South Zone 1,2026-07-08 15:57:00,2026-07-08 16:12:07.343992774,2026-07-08 09:00:00,2026-07-08 17:00:00,5.87,5.38,12,82.06,True,DELIVERED
D00687,VAN-10,DEPOT-A,North Zone 1,2026-06-24 07:17:00,2026-06-24 07:41:30.134192292,2026-06-24 09:00:00,2026-06-24 09:00:00,10.6,3.57,6,79.78,True,DELIVERED
D00688,VAN-08,DEPOT-C,North Zone 1,2026-05-21 14:56:00,2026-05-21 15:04:02.609781957,2026-05-21 09:00:00,2026-05-21 16:00:00,4.71,2.25,7,77.07,True,DELIVERED
D00689,VAN-58,DEPOT-B,South Zone 1,2026-05-26 14:57:00,2026-05-26 15:10:09.674551403,2026-05-26 09:00:00,2026-05-26 16:00:00,7.64,3.99,12,62.05,True,DELIVERED
D00690,VAN-06,DEPOT-B,South Zone 1,2026-05-07 18:48:00,2026-05-07 18:55:46.407975907,2026-05-07 09:00:00,2026-05-07 20:00:00,6.06,2.28,8,74.74,True,DELIVERED
D00691,VAN-11,DEPOT-A,East Zone 1,2026-06-09 15:06:00,2026-06-09 15:32:20.063475016,2026-06-09 09:00:00,2026-06-09 17:00:00,9.74,5.31,8,68.47,True,DELIVERED
D00692,VAN-31,DEPOT-A,West Zone 1,2026-06-28 18:14:00,2026-06-28 19:09:51.812206929,2026-06-28 09:00:00,2026-06-28 20:00:00,13.46,0.47,9,87.51,True,DELIVERED
D00693,VAN-11,DEPOT-C,East Zone 1,2026-05-07 09:06:00,2026-05-07 09:22:32.983342741,2026-05-07 09:00:00,2026-05-07 11:00:00,7.05,3.71,6,73.01,True,DELIVERED
D00694,VAN-12,DEPOT-A,North Zone 2,2026-05-21 16:55:00,2026-05-21 17:19:07.226151280,2026-05-21 09:00:00,2026-05-21 18:00:00,6.94,3.53,10,79.34,True,DELIVERED
D00695,VAN-19,DEPOT-B,West Zone 1,2026-05-05 12:37:00,2026-05-05 14:04:04.425790792,2026-05-05 09:00:00,2026-05-05 14:00:00,18.44,4.29,5,107.03,True,DELIVERED
D00696,VAN-59,DEPOT-B,North Zone 1,2026-06-15 07:01:00,2026-06-15 07:13:05.779977878,2026-06-15 09:00:00,2026-06-15 09:00:00,4.73,11.52,4,86.84,True,DELIVERED
D00697,VAN-51,DEPOT-A,East Zone 1,2026-06-29 18:07:00,2026-06-29 18:29:53.782427690,2026-06-29 09:00:00,2026-06-29 20:00:00,10.11,7.38,6,74.86,True,DELIVERED
D00698,VAN-55,DEPOT-B,East Zone 1,2026-06-06 08:05:00,2026-06-06 08:24:29.347064398,2026-06-06 09:00:00,2026-06-06 10:00:00,10.13,1.35,5,89.8,True,DELIVERED
D00699,VAN-41,DEPOT-B,North Zone 1,2026-06-25 15:44:00,2026-06-25 15:59:46.087103698,2026-06-25 09:00:00,2026-06-25 17:00:00,6.07,3.0,8,80.37,True,DELIVERED
D00700,VAN-14,DEPOT-A,East Zone 1,2026-05-07 16:13:00,2026-05-07 16:50:17.171918676,2026-05-07 09:00:00,2026-05-07 18:00:00,12.11,2.77,5,83.43,True,DELIVERED
D00701,VAN-16,DEPOT-B,South Zone 1,2026-05-16 10:19:00,2026-05-16 10:31:47.445574008,2026-05-16 09:00:00,2026-05-16 12:00:00,6.05,1.57,4,73.97,True,DELIVERED
D00702,VAN-42,DEPOT-C,South Zone 1,2026-06-08 15:04:00,2026-06-08 15:24:14.854660178,2026-06-08 09:00:00,2026-06-08 17:00:00,9.81,2.29,7,76.07,True,DELIVERED
D00703,VAN-03,DEPOT-B,West Zone 1,2026-06-24 10:38:00,2026-06-24 11:38:34.046508441,2026-06-24 09:00:00,2026-06-24 12:00:00,14.01,4.21,5,104.05,True,DELIVERED
D00704,VAN-30,DEPOT-A,West Zone 1,2026-06-12 12:10:00,2026-06-12 13:15:51.828467325,2026-06-12 09:00:00,2026-06-12 14:00:00,16.81,10.34,7,112.21,True,DELIVERED
D00705,VAN-60,DEPOT-A,South Zone 1,2026-07-01 17:57:00,2026-07-01 18:13:19.099590566,2026-07-01 09:00:00,2026-07-01 19:00:00,7.67,2.42,3,88.42,True,DELIVERED
D00706,VAN-26,DEPOT-A,South Zone 1,2026-06-15 10:10:00,2026-06-15 10:20:04.654298102,2026-06-15 09:00:00,2026-06-15 12:00:00,6.87,1.06,5,66.42,False,REDELIVERY_REQUIRED
D00707,VAN-17,DEPOT-C,North Zone 1,2026-06-05 15:09:00,2026-06-05 15:22:23.073851597,2026-06-05 09:00:00,2026-06-05 17:00:00,6.58,7.31,11,84.48,True,DELIVERED
D00708,VAN-28,DEPOT-A,West Zone 1,2026-05-08 16:03:00,2026-05-08 16:57:55.690075505,2026-05-08 09:00:00,2026-05-08 18:00:00,14.64,0.85,7,88.3,True,DELIVERED
D00709,VAN-25,DEPOT-C,East Zone 1,2026-05-27 11:27:00,2026-05-27 11:36:28.026877397,2026-05-27 09:00:00,2026-05-27 13:00:00,4.16,0.96,8,70.2,True,DELIVERED
D00710,VAN-18,DEPOT-C,South Zone 2,2026-05-30 10:30:00,2026-05-30 10:53:03.247245634,2026-05-30 09:00:00,2026-05-30 12:00:00,8.49,1.49,11,69.35,True,DELIVERED
D00711,VAN-25,DEPOT-A,West Zone 1,2026-05-15 10:04:00,2026-05-15 10:57:04.478700523,2026-05-15 09:00:00,2026-05-15 12:00:00,14.64,2.6,9,94.64,False,REDELIVERY_REQUIRED
D00712,VAN-04,DEPOT-C,South Zone 1,2026-05-05 12:47:00,2026-05-05 12:58:24.399851865,2026-05-05 09:00:00,2026-05-05 14:00:00,4.77,2.08,5,71.21,False,REDELIVERY_REQUIRED
D00713,VAN-23,DEPOT-A,East Zone 1,2026-05-04 08:29:00,2026-05-04 08:45:52.370185440,2026-05-04 09:00:00,2026-05-04 10:00:00,6.99,2.36,8,76.21,False,REDELIVERY_REQUIRED
D00714,VAN-42,DEPOT-A,East Zone 1,2026-05-14 18:51:00,2026-05-14 19:04:15.546561017,2026-05-14 09:00:00,2026-05-14 20:00:00,7.25,0.73,7,82.51,True,DELIVERED
D00715,VAN-37,DEPOT-A,East Zone 1,2026-05-05 18:10:00,2026-05-05 18:17:49.461342727,2026-05-05 09:00:00,2026-05-05 20:00:00,4.21,3.61,9,65.36,True,DELIVERED
D00716,VAN-32,DEPOT-C,East Zone 1,2026-05-22 10:59:00,2026-05-22 11:14:21.058588979,2026-05-22 09:00:00,2026-05-22 12:00:00,9.71,3.5,6,71.67,False,REDELIVERY_REQUIRED
D00717,VAN-32,DEPOT-B,North Zone 1,2026-06-28 17:04:00,2026-06-28 17:18:34.843243325,2026-06-28 09:00:00,2026-06-28 19:00:00,6.66,7.3,3,69.78,True,DELIVERED
D00718,VAN-55,DEPOT-A,South Zone 1,2026-05-15 14:47:00,2026-05-15 14:55:17.770519743,2026-05-15 09:00:00,2026-05-15 16:00:00,7.24,2.08,8,66.05,True,DELIVERED
D00719,VAN-45,DEPOT-B,West Zone 1,2026-06-22 14:25:00,2026-06-22 15:30:02.026305803,2026-06-22 09:00:00,2026-06-22 16:00:00,17.57,11.05,7,127.92,True,DELIVERED
D00720,VAN-37,DEPOT-C,North Zone 2,2026-07-01 09:59:00,2026-07-01 10:19:30.040336554,2026-07-01 09:00:00,2026-07-01 11:00:00,5.89,2.47,8,53.12,True,DELIVERED
D00721,VAN-55,DEPOT-A,South Zone 2,2026-05-19 18:06:00,2026-05-19 18:41:11.901192220,2026-05-19 09:00:00,2026-05-19 20:00:00,8.89,10.31,7,97.34,True,DELIVERED
D00722,VAN-51,DEPOT-C,West Zone 1,2026-07-12 14:11:00,2026-07-12 15:16:27.948439086,2026-07-12 09:00:00,2026-07-12 16:00:00,17.0,4.11,2,107.38,True,DELIVERED
D00723,VAN-02,DEPOT-B,North Zone 1,2026-07-03 12:08:00,2026-07-03 12:21:06.178723716,2026-07-03 09:00:00,2026-07-03 14:00:00,7.34,2.65,9,76.42,True,DELIVERED
D00724,VAN-21,DEPOT-B,North Zone 2,2026-05-19 16:08:00,2026-05-19 16:26:55.644204389,2026-05-19 09:00:00,2026-05-19 18:00:00,6.13,2.2,8,64.01,True,DELIVERED
D00725,VAN-46,DEPOT-B,South Zone 1,2026-07-01 13:25:00,2026-07-01 13:31:26.106734687,2026-07-01 09:00:00,2026-07-01 15:00:00,6.13,1.44,8,67.76,True,DELIVERED
D00726,VAN-16,DEPOT-B,East Zone 1,2026-06-22 14:53:00,2026-06-22 15:10:06.216758492,2026-06-22 09:00:00,2026-06-22 16:00:00,5.43,3.05,3,61.48,True,DELIVERED
D00727,VAN-32,DEPOT-C,East Zone 1,2026-05-29 18:24:00,2026-05-29 18:34:17.817732973,2026-05-29 09:00:00,2026-05-29 20:00:00,6.6,1.17,8,69.81,True,DELIVERED
D00728,VAN-06,DEPOT-B,West Zone 1,2026-06-24 17:31:00,2026-06-24 18:36:27.404143578,2026-06-24 09:00:00,2026-06-24 19:00:00,15.74,4.28,6,107.82,True,DELIVERED
D00729,VAN-60,DEPOT-C,West Zone 1,2026-05-07 18:05:00,2026-05-07 18:53:40.924797584,2026-05-07 09:00:00,2026-05-07 20:00:00,10.86,5.51,8,85.92,True,DELIVERED
D00730,VAN-38,DEPOT-C,South Zone 1,2026-06-22 08:10:00,2026-06-22 08:23:36.130007410,2026-06-22 09:00:00,2026-06-22 10:00:00,7.9,0.72,13,73.96,True,DELIVERED
D00731,VAN-32,DEPOT-A,North Zone 1,2026-07-03 07:06:00,2026-07-03 07:13:44.483303761,2026-07-03 09:00:00,2026-07-03 09:00:00,3.3,1.68,7,59.6,True,DELIVERED
D00732,VAN-44,DEPOT-B,South Zone 1,2026-06-14 07:45:00,2026-06-14 07:59:05.861667926,2026-06-14 09:00:00,2026-06-14 09:00:00,4.71,3.28,4,65.74,True,DELIVERED
D00733,VAN-28,DEPOT-C,North Zone 1,2026-07-09 16:02:00,2026-07-09 16:22:03.072079536,2026-07-09 09:00:00,2026-07-09 18:00:00,6.77,2.15,3,74.0,True,DELIVERED
D00734,VAN-07,DEPOT-B,West Zone 1,2026-06-16 18:39:00,2026-06-16 19:49:03.941477810,2026-06-16 09:00:00,2026-06-16 20:00:00,15.97,6.99,8,103.35,True,DELIVERED
D00735,VAN-05,DEPOT-C,East Zone 1,2026-05-17 16:50:00,2026-05-17 17:23:45.994455567,2026-05-17 09:00:00,2026-05-17 18:00:00,11.72,7.56,6,94.88,True,DELIVERED
D00736,VAN-57,DEPOT-B,East Zone 1,2026-05-24 17:28:00,2026-05-24 17:50:44.572078874,2026-05-24 09:00:00,2026-05-24 19:00:00,10.87,3.38,8,87.14,True,DELIVERED
D00737,VAN-12,DEPOT-A,South Zone 2,2026-06-10 11:27:00,2026-06-10 12:37:29.695919798,2026-06-10 09:00:00,2026-06-10 13:00:00,18.38,3.89,3,105.34,True,DELIVERED
D00738,VAN-33,DEPOT-C,South Zone 1,2026-05-26 16:13:00,2026-05-26 16:18:47.494659286,2026-05-26 09:00:00,2026-05-26 18:00:00,6.6,1.68,9,61.87,True,DELIVERED
D00739,VAN-16,DEPOT-B,South Zone 1,2026-05-04 14:30:00,2026-05-04 14:34:00.152732013,2026-05-04 09:00:00,2026-05-04 16:00:00,4.96,1.88,9,66.83,False,REDELIVERY_REQUIRED
D00740,VAN-14,DEPOT-B,North Zone 1,2026-05-14 11:35:00,2026-05-14 11:48:38.108665675,2026-05-14 09:00:00,2026-05-14 13:00:00,7.02,3.51,6,72.43,True,DELIVERED
D00741,VAN-33,DEPOT-C,West Zone 1,2026-06-29 07:24:00,2026-06-29 08:07:02.292877647,2026-06-29 09:00:00,2026-06-29 09:00:00,10.4,7.33,13,89.33,True,DELIVERED
D00742,VAN-23,DEPOT-A,North Zone 1,2026-07-01 11:47:00,2026-07-01 11:58:02.821335840,2026-07-01 09:00:00,2026-07-01 13:00:00,4.1,3.44,9,61.82,True,DELIVERED
D00743,VAN-30,DEPOT-A,East Zone 1,2026-06-03 14:31:00,2026-06-03 14:54:07.022225516,2026-06-03 09:00:00,2026-06-03 16:00:00,7.41,10.53,9,87.42,True,DELIVERED
D00744,VAN-48,DEPOT-A,South Zone 1,2026-05-11 18:43:00,2026-05-11 18:50:18.368007532,2026-05-11 09:00:00,2026-05-11 20:00:00,3.59,10.92,5,71.38,True,DELIVERED
D00745,VAN-11,DEPOT-A,South Zone 2,2026-07-05 15:31:00,2026-07-05 16:12:00.296344459,2026-07-05 09:00:00,2026-07-05 17:00:00,10.51,1.22,7,72.09,True,DELIVERED
D00746,VAN-05,DEPOT-C,South Zone 1,2026-06-29 13:03:00,2026-06-29 13:16:25.511575942,2026-06-29 09:00:00,2026-06-29 15:00:00,3.37,0.43,5,41.14,True,DELIVERED
D00747,VAN-48,DEPOT-A,North Zone 1,2026-06-05 15:57:00,2026-06-05 16:04:37.474595269,2026-06-05 09:00:00,2026-06-05 17:00:00,4.51,2.03,6,72.51,True,DELIVERED
D00748,VAN-59,DEPOT-B,South Zone 2,2026-06-18 13:36:00,2026-06-18 14:14:23.739636462,2026-06-18 09:00:00,2026-06-18 15:00:00,12.73,0.65,7,89.56,True,DELIVERED
D00749,VAN-46,DEPOT-B,South Zone 1,2026-05-08 15:48:00,2026-05-08 15:52:00.000000000,2026-05-08 09:00:00,2026-05-08 17:00:00,3.01,1.38,7,53.43,True,DELIVERED
D00750,VAN-44,DEPOT-A,North Zone 2,2026-05-29 16:54:00,2026-05-29 17:15:36.625013042,2026-05-29 09:00:00,2026-05-29 18:00:00,8.66,7.83,7,89.9,True,DELIVERED
D00751,VAN-08,DEPOT-B,South Zone 2,2026-05-29 17:02:00,2026-05-29 17:29:30.232436685,2026-05-29 09:00:00,2026-05-29 19:00:00,10.79,5.77,10,80.77,True,DELIVERED
D00752,VAN-59,DEPOT-B,East Zone 1,2026-05-20 14:17:00,2026-05-20 14:51:54.726478934,2026-05-20 09:00:00,2026-05-20 16:00:00,8.81,3.86,6,71.59,True,DELIVERED
D00753,VAN-33,DEPOT-C,North Zone 1,2026-06-21 07:06:00,2026-06-21 07:17:04.149620759,2026-06-21 09:00:00,2026-06-21 09:00:00,4.74,6.01,7,62.8,True,DELIVERED
D00754,VAN-11,DEPOT-B,North Zone 2,2026-05-17 15:56:00,2026-05-17 16:20:21.491542780,2026-05-17 09:00:00,2026-05-17 17:00:00,6.95,6.42,5,74.73,True,DELIVERED
D00755,VAN-13,DEPOT-B,East Zone 1,2026-06-06 12:45:00,2026-06-06 13:06:35.293428750,2026-06-06 09:00:00,2026-06-06 14:00:00,10.46,3.66,5,83.86,True,DELIVERED
D00756,VAN-48,DEPOT-C,South Zone 2,2026-05-06 12:53:00,2026-05-06 13:42:44.779541784,2026-05-06 09:00:00,2026-05-06 14:00:00,13.15,9.65,5,104.72,True,DELIVERED
D00757,VAN-40,DEPOT-C,N. Zone 2,2026-05-08 12:04:00,2026-05-08 12:38:28.550039205,2026-05-08 09:00:00,2026-05-08 14:00:00,12.2,3.95,10,97.78,True,DELIVERED
D00758,VAN-17,DEPOT-A,North Zone 1,2026-06-17 13:37:00,2026-06-17 13:53:09.846077609,2026-06-17 09:00:00,2026-06-17 15:00:00,6.8,5.05,4,75.4,True,DELIVERED
D00759,VAN-04,DEPOT-C,South Zone 2,2026-05-14 15:15:00,2026-05-14 15:53:04.416630638,2026-05-14 09:00:00,2026-05-14 17:00:00,10.97,1.69,8,81.48,False,REDELIVERY_REQUIRED
D00760,VAN-22,DEPOT-C,West Zone 1,2026-07-03 11:29:00,2026-07-03 12:12:15.103299933,2026-07-03 09:00:00,2026-07-03 13:00:00,12.58,1.38,7,87.16,True,DELIVERED
D00761,VAN-40,DEPOT-B,South Zone 2,2026-06-15 08:30:00,2026-06-15 09:07:56.213765300,2026-06-15 09:00:00,2026-06-15 10:00:00,10.38,1.64,12,76.42,True,DELIVERED
D00762,VAN-37,DEPOT-B,South Zone 2,2026-05-09 17:07:00,2026-05-09 17:44:19.277623610,2026-05-09 09:00:00,2026-05-09 19:00:00,12.4,4.28,3,91.51,True,DELIVERED
D00763,VAN-22,DEPOT-C,South Zone 2,2026-06-05 11:12:00,2026-06-05 11:54:57.720047695,2026-06-05 09:00:00,2026-06-05 13:00:00,15.8,3.6,4,100.23,True,DELIVERED
D00764,VAN-10,DEPOT-B,South Zone 1,2026-06-04 11:56:00,2026-06-04 12:04:02.246802420,2026-06-04 09:00:00,2026-06-04 13:00:00,3.95,3.01,11,69.94,True,DELIVERED
D00765,VAN-34,DEPOT-C,South Zone 1,2026-06-26 12:59:00,2026-06-26 13:03:25.659978557,2026-06-26 09:00:00,2026-06-26 14:00:00,5.91,3.02,11,72.57,True,DELIVERED
D00766,VAN-31,DEPOT-A,East Zone 1,2026-05-29 09:50:00,2026-05-29 10:11:57.829079753,2026-05-29 09:00:00,2026-05-29 11:00:00,9.22,0.33,5,78.52,True,DELIVERED
D00767,VAN-33,DEPOT-B,East Zone 1,2026-06-12 14:16:00,2026-06-12 14:33:45.392331863,2026-06-12 09:00:00,2026-06-12 16:00:00,7.55,6.6,8,81.41,True,DELIVERED
D00768,VAN-48,DEPOT-B,West Zone 1,2026-05-14 12:09:00,2026-05-14 13:08:21.130262660,2026-05-14 09:00:00,2026-05-14 14:00:00,15.38,7.44,9,110.34,True,DELIVERED
D00769,VAN-12,DEPOT-A,South Zone 2,2026-07-12 09:53:00,2026-07-12 10:31:35.646584347,2026-07-12 09:00:00,2026-07-12 11:00:00,9.77,2.47,4,85.1,True,DELIVERED
D00770,VAN-12,DEPOT-A,South Zone 2,2026-07-03 10:46:00,2026-07-03 11:20:48.413628451,2026-07-03 09:00:00,2026-07-03 12:00:00,12.18,2.27,8,89.07,True,DELIVERED
D00771,VAN-53,DEPOT-A,South Zone 1,2026-05-09 09:22:00,2026-05-09 09:42:43.108253355,2026-05-09 09:00:00,2026-05-09 11:00:00,8.45,7.85,14,96.65,True,DELIVERED
D00772,VAN-07,DEPOT-A,West Zone 1,2026-06-17 13:10:00,2026-06-17 14:10:34.409977692,2026-06-17 09:00:00,2026-06-17 15:00:00,12.91,2.19,6,90.98,True,DELIVERED
D00773,VAN-32,DEPOT-C,North Zone 1,2026-07-11 18:42:00,2026-07-11 18:46:00.000000000,2026-07-11 09:00:00,2026-07-11 20:00:00,5.86,3.82,7,66.22,True,DELIVERED
D00774,VAN-39,DEPOT-C,West Zone 1,2026-06-04 12:16:00,2026-06-04 13:06:02.305881045,2026-06-04 09:00:00,2026-06-04 14:00:00,12.54,1.22,7,87.29,False,REDELIVERY_REQUIRED
D00775,VAN-23,DEPOT-B,South Zone 2,2026-06-27 11:17:00,2026-06-27 11:48:35.550956875,2026-06-27 09:00:00,2026-06-27 13:00:00,8.96,6.32,3,94.04,True,DELIVERED
D00776,VAN-55,DEPOT-C,North Zone 2,2026-06-12 16:57:00,2026-06-12 17:16:34.206488855,2026-06-12 09:00:00,2026-06-12 18:00:00,5.81,4.55,8,72.04,True,DELIVERED
D00777,VAN-20,DEPOT-C,East Zone 1,2026-06-18 08:55:00,2026-06-18 09:12:06.963677036,2026-06-18 09:00:00,2026-06-18 10:00:00,7.4,1.61,6,68.85,True,DELIVERED
D00778,VAN-42,DEPOT-A,North Zone 2,2026-06-20 18:00:00,2026-06-20 18:28:20.638659832,2026-06-20 09:00:00,2026-06-20 20:00:00,11.67,1.99,6,91.88,True,DELIVERED
D00779,VAN-18,DEPOT-B,North Zone 2,2026-06-19 07:09:00,2026-06-19 07:36:48.313551929,2026-06-19 09:00:00,2026-06-19 09:00:00,11.02,3.58,7,92.42,True,DELIVERED
D00780,VAN-29,DEPOT-C,North Zone 2,2026-05-26 09:33:00,2026-05-26 10:09:05.634771829,2026-05-26 09:00:00,2026-05-26 11:00:00,11.06,1.55,6,83.31,True,DELIVERED
D00781,VAN-03,DEPOT-C,West Zone 1,2026-06-01 18:04:00,2026-06-01 18:55:50.827246084,2026-06-01 09:00:00,2026-06-01 20:00:00,11.74,3.6,7,96.92,True,DELIVERED
D00782,VAN-06,DEPOT-A,East Zone 1,2026-07-06 18:37:00,2026-07-06 18:57:36.130238675,2026-07-06 09:00:00,2026-07-06 20:00:00,12.33,4.4,6,92.3,True,DELIVERED
D00783,VAN-35,DEPOT-B,South Zone 1,2026-05-08 12:28:00,2026-05-08 12:37:17.897669138,2026-05-08 09:00:00,2026-05-08 14:00:00,5.15,3.69,12,63.19,True,DELIVERED
D00784,VAN-28,DEPOT-B,South Zone 1,2026-07-06 08:18:00,2026-07-06 08:30:15.429480667,2026-07-06 09:00:00,2026-07-06 10:00:00,8.0,8.54,11,90.54,True,DELIVERED
D00785,VAN-01,DEPOT-B,East Zone 1,2026-05-23 16:16:00,2026-05-23 16:35:45.037136946,2026-05-23 09:00:00,2026-05-23 18:00:00,11.24,0.87,4,85.38,True,DELIVERED
D00786,VAN-22,DEPOT-B,South Zone 2,2026-06-12 13:30:00,2026-06-12 13:58:01.937666109,2026-06-12 09:00:00,2026-06-12 15:00:00,8.82,2.28,5,78.73,True,DELIVERED
D00787,VAN-21,DEPOT-C,North Zone 1,2026-05-22 07:28:00,2026-05-22 07:32:01.397089951,2026-05-22 09:00:00,2026-05-22 09:00:00,2.78,1.23,7,60.46,True,DELIVERED
D00788,VAN-08,DEPOT-B,East Zone 1,2026-05-23 13:55:00,2026-05-23 14:09:52.763824477,2026-05-23 09:00:00,2026-05-23 15:00:00,8.42,2.34,7,74.5,True,DELIVERED
D00789,VAN-26,DEPOT-A,South Zone 2,2026-06-25 07:17:00,2026-06-25 07:55:55.209207845,2026-06-25 09:00:00,2026-06-25 09:00:00,11.01,7.67,13,87.26,True,DELIVERED
D00790,VAN-42,DEPOT-A,West Zone 1,2026-05-28 09:15:00,2026-05-28 10:06:32.527114237,2026-05-28 09:00:00,2026-05-28 11:00:00,14.45,4.6,6,98.14,False,REDELIVERY_REQUIRED
D00791,VAN-53,DEPOT-A,East Zone 1,2026-07-11 08:05:00,2026-07-11 08:21:21.099750460,2026-07-11 09:00:00,2026-07-11 10:00:00,9.45,4.0,8,77.92,True,DELIVERED
D00792,VAN-08,DEPOT-A,North Zone 2,2026-05-18 14:34:00,2026-05-18 14:52:41.822726850,2026-05-18 09:00:00,2026-05-18 16:00:00,6.97,11.53,6,83.32,True,DELIVERED
D00793,VAN-09,DEPOT-A,West Zone 1,2026-05-24 13:22:00,2026-05-24 14:04:45.154815360,2026-05-24 09:00:00,2026-05-24 15:00:00,12.34,5.61,5,93.51,True,DELIVERED
D00794,VAN-40,DEPOT-C,North Zone 2,2026-06-21 09:01:00,2026-06-21 09:23:37.428723176,2026-06-21 09:00:00,2026-06-21 11:00:00,10.1,5.78,8,90.69,True,DELIVERED
D00795,VAN-05,DEPOT-A,North Zone 1,2026-05-22 09:39:00,2026-05-22 09:43:00.000000000,2026-05-22 09:00:00,2026-05-22 11:00:00,5.11,3.27,8,65.62,True,DELIVERED
D00796,VAN-47,DEPOT-C,North Zone 2,2026-07-07 09:55:00,2026-07-07 10:11:07.219367096,2026-07-07 09:00:00,2026-07-07 11:00:00,5.4,5.9,3,63.32,True,DELIVERED
D00797,VAN-53,DEPOT-A,East Zone 1,2026-05-24 18:31:00,2026-05-24 18:47:26.906329817,2026-05-24 09:00:00,2026-05-24 20:00:00,7.71,4.04,7,73.65,True,DELIVERED
D00798,VAN-11,DEPOT-C,South Zone 2,2026-05-12 12:56:00,2026-05-12 13:50:35.764084472,2026-05-12 09:00:00,2026-05-12 14:00:00,14.16,2.62,6,107.23,True,DELIVERED
D00799,VAN-30,DEPOT-A,West Zone 1,2026-05-14 09:14:00,2026-05-14 10:11:15.498891122,2026-05-14 09:00:00,2026-05-14 11:00:00,13.67,4.56,9,95.33,True,DELIVERED
D00800,VAN-37,DEPOT-C,South Zone 2,2026-07-06 09:07:00,2026-07-06 09:47:36.683518805,2026-07-06 09:00:00,2026-07-06 11:00:00,11.37,9.3,6,100.86,True,DELIVERED
D00801,VAN-02,DEPOT-A,North Zone 1,2026-07-02 07:19:00,2026-07-02 07:38:10.907892821,2026-07-02 09:00:00,2026-07-02 09:00:00,9.35,6.02,7,84.46,True,DELIVERED
D00802,VAN-55,DEPOT-C,North Zone 1,2026-06-23 12:47:00,2026-06-23 13:04:56.916133760,2026-06-23 09:00:00,2026-06-23 14:00:00,8.0,3.82,4,73.21,True,DELIVERED
D00803,VAN-59,DEPOT-A,East Zone 1,2026-05-14 09:56:00,2026-05-14 10:21:17.218418713,2026-05-14 09:00:00,2026-05-14 11:00:00,7.81,1.84,6,73.84,False,REDELIVERY_REQUIRED
D00804,VAN-17,DEPOT-B,South Zone 2,2026-06-14 13:33:00,2026-06-14 14:24:48.984223962,2026-06-14 09:00:00,2026-06-14 15:00:00,13.5,1.53,7,84.5,True,DELIVERED
D00805,VAN-45,DEPOT-C,South Zone 2,2026-06-06 12:16:00,2026-06-06 12:54:07.426483200,2026-06-06 09:00:00,2026-06-06 14:00:00,12.89,1.83,6,93.6,True,DELIVERED
D00806,VAN-06,DEPOT-C,North Zone 1,2026-05-14 17:36:00,2026-05-14 17:48:55.254879273,2026-05-14 09:00:00,2026-05-14 19:00:00,6.41,9.12,4,80.93,True,DELIVERED
D00807,VAN-45,DEPOT-B,South Zone 2,2026-07-02 16:02:00,2026-07-02 16:46:13.786057893,2026-07-02 09:00:00,2026-07-02 18:00:00,13.16,2.05,7,90.98,True,DELIVERED
D00808,VAN-50,DEPOT-B,East Zone 1,2026-06-02 12:23:00,2026-06-02 12:47:05.898884237,2026-06-02 09:00:00,2026-06-02 14:00:00,10.31,,10,83.59,True,DELIVERED
D00809,VAN-31,DEPOT-B,West Zone 1,2026-06-15 17:59:00,2026-06-15 19:08:02.424746550,2026-06-15 09:00:00,2026-06-15 19:00:00,14.41,1.87,7,100.46,False,REDELIVERY_REQUIRED
D00810,VAN-51,DEPOT-B,North Zone 1,2026-06-06 09:14:00,2026-06-06 09:28:25.734358690,2026-06-06 09:00:00,2026-06-06 11:00:00,7.72,10.86,2,85.77,True,DELIVERED
D00811,VAN-30,DEPOT-A,West Zone 1,2026-05-10 14:59:00,2026-05-10 15:57:56.388232678,2026-05-10 09:00:00,2026-05-10 16:00:00,16.71,11.33,9,119.51,True,DELIVERED
D00812,VAN-09,DEPOT-A,East Zone 1,2026-05-05 09:33:00,2026-05-05 09:51:32.468786382,2026-05-05 09:00:00,2026-05-05 11:00:00,7.48,1.46,4,73.03,True,DELIVERED
D00813,VAN-18,DEPOT-C,North Zone 2,2026-06-16 07:39:00,2026-06-16 08:11:39.914725475,2026-06-16 09:00:00,2026-06-16 09:00:00,9.83,12.68,12,99.72,True,DELIVERED
D00814,VAN-01,DEPOT-C,South Zone 2,2026-05-28 12:41:00,2026-05-28 13:35:36.537207810,2026-05-28 09:00:00,2026-05-28 14:00:00,15.69,3.76,5,104.0,True,DELIVERED
D00815,VAN-30,DEPOT-C,North Zone 1,2026-05-29 13:44:00,2026-05-29 14:07:46.690090726,2026-05-29 09:00:00,2026-05-29 15:00:00,9.7,1.88,3,87.36,True,DELIVERED
D00816,VAN-08,DEPOT-B,South Zone 2,2026-06-11 08:56:00,2026-06-11 09:33:20.068595153,2026-06-11 09:00:00,2026-06-11 10:00:00,10.57,4.48,8,88.54,True,DELIVERED
D00817,VAN-40,DEPOT-A,West Zone 1,2026-06-09 09:06:00,2026-06-09 10:09:02.389400714,2026-06-09 09:00:00,2026-06-09 11:00:00,15.38,5.34,4,103.84,True,DELIVERED
D00818,VAN-24,DEPOT-C,South Zone 1,2026-07-10 08:09:00,2026-07-10 08:13:00.000000000,2026-07-10 09:00:00,2026-07-10 10:00:00,5.44,6.61,8,76.72,True,DELIVERED
D00819,VAN-57,DEPOT-B,North Zone 1,2026-05-14 07:17:00,2026-05-14 07:26:49.002894678,2026-05-14 09:00:00,2026-05-14 09:00:00,5.88,1.29,6,57.12,True,DELIVERED
D00820,VAN-15,DEPOT-C,North Zone 2,2026-05-20 18:57:00,2026-05-20 19:12:34.296630504,2026-05-20 09:00:00,2026-05-20 20:00:00,6.13,1.58,5,67.77,True,DELIVERED
D00821,VAN-49,DEPOT-B,East Zone 1,2026-05-16 07:21:00,2026-05-16 07:51:56.996898940,2026-05-16 09:00:00,2026-05-16 09:00:00,11.54,3.64,2,85.18,True,DELIVERED
D00822,VAN-24,DEPOT-B,South Zone 1,2026-06-02 18:23:00,2026-06-02 18:30:29.276422130,2026-06-02 09:00:00,2026-06-02 20:00:00,4.54,2.32,9,67.88,True,DELIVERED
D00823,VAN-24,DEPOT-A,North Zone 2,2026-05-18 16:34:00,2026-05-18 17:06:30.949290669,2026-05-18 09:00:00,2026-05-18 18:00:00,11.92,1.62,8,89.75,True,DELIVERED
D00824,VAN-57,DEPOT-C,South Zone 2,2026-05-13 10:18:00,2026-05-13 10:44:35.775935085,2026-05-13 09:00:00,2026-05-13 12:00:00,6.99,5.04,6,72.48,True,DELIVERED
D00825,VAN-09,DEPOT-B,North Zone 1,2026-05-05 11:27:00,2026-05-05 11:42:32.719050640,2026-05-05 09:00:00,2026-05-05 13:00:00,7.18,2.36,5,71.36,True,DELIVERED
D00826,VAN-16,DEPOT-C,West Zone 1,2026-06-27 15:18:00,2026-06-27 15:54:15.195553407,2026-06-27 09:00:00,2026-06-27 17:00:00,10.15,1.74,7,66.71,True,DELIVERED
D00827,VAN-21,DEPOT-A,South Zone 2,2026-06-18 09:54:00,2026-06-18 10:23:43.358558651,2026-06-18 09:00:00,2026-06-18 11:00:00,9.73,3.88,2,83.46,True,DELIVERED
D00828,VAN-29,DEPOT-A,East Zone 1,2026-06-08 12:39:00,2026-06-08 12:56:18.182507205,2026-06-08 09:00:00,2026-06-08 14:00:00,6.79,8.97,6,86.15,True,DELIVERED
D00829,VAN-14,DEPOT-B,South Zone 2,2026-06-27 12:10:00,2026-06-27 12:55:47.131702630,2026-06-27 09:00:00,2026-06-27 14:00:00,14.21,5.41,3,102.02,True,DELIVERED
D00830,VAN-13,DEPOT-A,North Zone 1,2026-06-14 08:54:00,2026-06-14 09:03:35.964130230,2026-06-14 09:00:00,2026-06-14 10:00:00,6.1,3.55,6,83.93,True,DELIVERED
D00831,VAN-37,DEPOT-A,West Zone 1,2026-05-12 10:05:00,2026-05-12 10:56:58.570238846,2026-05-12 09:00:00,2026-05-12 12:00:00,10.59,2.37,12,78.46,False,REDELIVERY_REQUIRED
D00832,VAN-23,DEPOT-C,West Zone 1,2026-05-05 07:18:00,2026-05-05 08:03:20.136671369,2026-05-05 09:00:00,2026-05-05 09:00:00,9.84,1.23,5,80.93,True,DELIVERED
D00833,VAN-37,DEPOT-A,South Zone 2,2026-07-06 16:12:00,2026-07-06 16:45:21.902934897,2026-07-06 09:00:00,2026-07-06 18:00:00,10.01,10.87,3,98.31,True,DELIVERED
D00834,VAN-55,DEPOT-A,West Zone 1,2026-07-02 18:29:00,2026-07-02 19:15:07.734181247,2026-07-02 09:00:00,2026-07-02 20:00:00,11.38,8.41,4,98.09,True,DELIVERED
D00835,VAN-09,DEPOT-C,North Zone 1,2026-05-19 09:27:00,2026-05-19 09:31:00.000000000,2026-05-19 09:00:00,2026-05-19 11:00:00,1.91,5.91,4,63.91,True,DELIVERED
D00836,VAN-50,DEPOT-B,West Zone 1,2026-05-23 14:14:00,2026-05-23 14:57:40.749939549,2026-05-23 09:00:00,2026-05-23 16:00:00,12.58,3.81,10,100.48,True,DELIVERED
D00837,VAN-03,DEPOT-C,West Zone 1,2026-05-28 13:40:00,2026-05-28 14:13:00.128046628,2026-05-28 09:00:00,2026-05-28 15:00:00,8.76,1.0,5,75.71,True,DELIVERED
D00838,VAN-26,DEPOT-B,West Zone 1,2026-05-12 09:53:00,2026-05-12 11:07:02.006064511,2026-05-12 09:00:00,2026-05-12 11:00:00,15.54,3.56,7,105.39,True,DELIVERED
D00839,VAN-04,DEPOT-B,East Zone 1,2026-05-22 10:40:00,2026-05-22 10:57:56.179988309,2026-05-22 09:00:00,2026-05-22 12:00:00,10.69,13.24,5,107.89,True,DELIVERED
D00840,VAN-11,DEPOT-C,South Zone 1,2026-06-18 13:45:00,2026-06-18 13:56:23.720228836,2026-06-18 09:00:00,2026-06-18 15:00:00,8.12,5.04,6,89.5,True,DELIVERED
D00841,VAN-09,DEPOT-A,South Zone 2,2026-06-30 18:24:00,2026-06-30 19:25:21.013361928,2026-06-30 09:00:00,2026-06-30 20:00:00,16.93,3.64,6,105.68,True,DELIVERED
D00842,VAN-52,DEPOT-C,South Zone 1,2026-06-27 12:16:00,2026-06-27 12:21:33.812723869,2026-06-27 09:00:00,2026-06-27 14:00:00,7.25,7.36,6,75.7,True,DELIVERED
D00843,VAN-05,DEPOT-C,North Zone 1,2026-06-10 13:13:00,2026-06-10 13:30:57.392123141,2026-06-10 09:00:00,2026-06-10 15:00:00,5.68,7.71,7,83.31,True,DELIVERED
D00844,VAN-04,DEPOT-A,North Zone 2,2026-05-22 17:54:00,2026-05-22 18:12:48.927914160,2026-05-22 09:00:00,2026-05-22 19:00:00,5.24,5.65,6,73.16,True,DELIVERED
D00845,VAN-18,DEPOT-C,North Zone 2,2026-07-10 17:55:00,2026-07-10 18:13:31.225357758,2026-07-10 09:00:00,2026-07-10 19:00:00,7.02,0.76,3,64.46,True,DELIVERED
D00846,VAN-58,DEPOT-B,West Zone 1,2026-06-24 11:25:00,2026-06-24 18:25:00.000000000,2026-06-24 09:00:00,2026-06-24 13:00:00,12.84,7.58,9,92.95,True,DELIVERED
D00847,VAN-60,DEPOT-A,North Zone 2,2026-06-17 15:31:00,2026-06-17 15:44:50.903883230,2026-06-17 09:00:00,2026-06-17 17:00:00,6.14,4.96,5,71.99,True,DELIVERED
D00848,VAN-37,DEPOT-A,South Zone 1,2026-06-30 12:20:00,2026-06-30 12:25:14.406515741,2026-06-30 09:00:00,2026-06-30 14:00:00,0.5,5.8,4,61.2,True,DELIVERED
D00849,VAN-58,DEPOT-A,West Zone 1,2026-07-07 09:29:00,2026-07-07 10:04:18.149437632,2026-07-07 09:00:00,2026-07-07 11:00:00,8.78,2.48,5,74.24,True,DELIVERED
D00850,VAN-31,DEPOT-A,North Zone 2,2026-06-16 17:43:00,2026-06-16 18:04:05.971590966,2026-06-16 09:00:00,2026-06-16 19:00:00,6.43,5.75,6,76.98,True,DELIVERED
D00851,VAN-36,DEPOT-A,North Zone 1,2026-05-13 10:44:00,2026-05-13 10:55:20.167006886,2026-05-13 09:00:00,2026-05-13 12:00:00,5.17,11.21,7,82.16,True,DELIVERED
D00852,VAN-41,DEPOT-B,South Zone 2,2026-07-09 10:28:00,2026-07-09 10:47:19.921120593,2026-07-09 09:00:00,2026-07-09 12:00:00,6.89,0.51,12,63.53,True,DELIVERED
D00853,VAN-09,DEPOT-A,South Zone 2,2026-05-27 09:32:00,2026-05-27 10:11:35.582537682,2026-05-27 09:00:00,2026-05-27 11:00:00,11.4,3.84,7,88.97,True,DELIVERED
D00854,VAN-02,DEPOT-C,South Zone 2,2026-05-19 18:11:00,2026-05-19 19:08:18.123837654,2026-05-19 09:00:00,2026-05-19 20:00:00,14.28,7.64,4,105.62,True,DELIVERED
D00855,VAN-12,DEPOT-C,South Zone 1,2026-05-08 13:27:00,2026-05-08 13:34:17.307395719,2026-05-08 09:00:00,2026-05-08 15:00:00,6.37,8.91,8,82.86,True,DELIVERED
D00856,VAN-51,DEPOT-B,South Zone 2,2026-06-25 08:50:00,2026-06-25 09:09:54.813829911,2026-06-25 09:00:00,2026-06-25 10:00:00,7.57,4.56,13,77.85,True,DELIVERED
D00857,VAN-13,DEPOT-B,East Zone 1,2026-07-04 09:51:00,2026-07-04 10:16:55.018902593,2026-07-04 09:00:00,2026-07-04 11:00:00,11.11,5.88,8,93.57,True,DELIVERED
D00858,VAN-19,DEPOT-B,West Zone 1,2026-05-23 11:18:00,2026-05-23 12:17:48.030432540,2026-05-23 09:00:00,2026-05-23 13:00:00,15.44,4.52,9,109.47,True,DELIVERED
D00859,VAN-36,DEPOT-B,North Zone 2,2026-05-31 10:59:00,2026-05-31 11:27:14.379142466,2026-05-31 09:00:00,2026-05-31 12:00:00,10.44,1.33,7,79.76,True,DELIVERED
D00860,VAN-05,DEPOT-B,North Zone 2,2026-05-07 16:23:00,2026-05-07 16:56:16.764277049,2026-05-07 09:00:00,2026-05-07 18:00:00,9.91,1.59,4,83.08,True,DELIVERED
D00861,VAN-40,DEPOT-B,South Zone 1,2026-07-10 12:05:00,2026-07-10 12:14:04.263436874,2026-07-10 09:00:00,2026-07-10 14:00:00,2.75,4.25,10,59.36,True,DELIVERED
D00862,VAN-23,DEPOT-A,South Zone 1,2026-06-01 07:00:00,2026-06-01 07:12:56.016025307,2026-06-01 09:00:00,2026-06-01 09:00:00,9.21,2.57,9,66.41,True,DELIVERED
D00863,VAN-12,DEPOT-C,South Zone 1,2026-06-26 18:12:00,2026-06-26 18:25:54.192388670,2026-06-26 09:00:00,2026-06-26 20:00:00,4.94,2.29,7,80.68,True,DELIVERED
D00864,VAN-12,DEPOT-C,North Zone 1,2026-06-04 17:26:00,2026-06-04 17:40:52.786727221,2026-06-04 09:00:00,2026-06-04 19:00:00,4.94,3.72,8,64.72,True,DELIVERED
D00865,VAN-29,DEPOT-B,West Zone 1,2026-05-17 11:28:00,2026-05-17 12:18:30.457016320,2026-05-17 09:00:00,2026-05-17 13:00:00,12.92,6.23,10,108.56,True,DELIVERED
D00866,VAN-57,DEPOT-C,South Zone 2,2026-05-27 07:41:00,2026-05-27 08:22:46.316181441,2026-05-27 09:00:00,2026-05-27 09:00:00,10.83,2.09,6,72.0,True,DELIVERED
D00867,VAN-34,DEPOT-C,South Zone 1,2026-06-16 16:03:00,2026-06-16 16:15:00.979344850,2026-06-16 09:00:00,2026-06-16 18:00:00,7.84,1.64,11,76.33,True,DELIVERED
D00868,VAN-54,DEPOT-C,South Zone 1,2026-06-02 12:51:00,2026-06-02 13:11:31.450688809,2026-06-02 09:00:00,2026-06-02 14:00:00,7.39,3.87,5,67.75,False,REDELIVERY_REQUIRED
D00869,VAN-37,DEPOT-C,West Zone 1,2026-06-04 09:54:00,2026-06-04 10:57:41.507181493,2026-06-04 09:00:00,2026-06-04 11:00:00,15.13,6.25,7,104.75,True,DELIVERED
D00870,VAN-28,DEPOT-C,South Zone 2,2026-07-10 16:25:00,2026-07-10 17:05:16.352738977,2026-07-10 09:00:00,2026-07-10 18:00:00,14.62,1.85,4,90.36,True,DELIVERED
D00871,VAN-60,DEPOT-B,East Zone 1,2026-07-11 10:54:00,2026-07-11 11:16:22.494168212,2026-07-11 09:00:00,2026-07-11 12:00:00,11.45,2.15,8,92.19,True,
D00872,VAN-36,DEPOT-C,East Zone 1,2026-05-21 14:16:00,2026-05-21 14:25:15.106924394,2026-05-21 09:00:00,2026-05-21 16:00:00,7.04,9.54,9,83.72,True,DELIVERED
D00873,VAN-21,DEPOT-C,East Zone 1,2026-07-09 15:47:00,2026-07-09 16:05:19.622770101,2026-07-09 09:00:00,2026-07-09 17:00:00,7.55,4.02,10,76.26,True,DELIVERED
D00874,VAN-29,DEPOT-C,North Zone 2,2026-05-20 17:28:00,2026-05-20 17:50:54.258352116,2026-05-20 09:00:00,2026-05-20 19:00:00,5.55,1.39,12,68.98,True,DELIVERED
D00875,VAN-22,DEPOT-C,South Zone 2,2026-07-01 08:23:00,2026-07-01 09:21:05.769609883,2026-07-01 09:00:00,2026-07-01 10:00:00,15.16,3.28,5,90.39,True,DELIVERED
D00876,VAN-52,DEPOT-C,South Zone 1,2026-06-25 09:38:00,2026-06-25 09:42:00.000000000,2026-06-25 09:00:00,2026-06-25 11:00:00,1.88,6.9,7,65.71,True,DELIVERED
D00877,VAN-59,DEPOT-A,South Zone 1,2026-05-27 15:00:00,2026-05-27 15:21:27.349196734,2026-05-27 09:00:00,2026-05-27 17:00:00,8.45,7.5,7,89.6,True,DELIVERED
D00878,VAN-33,DEPOT-A,South Zone 1,2026-05-20 12:54:00,2026-05-20 13:10:46.447478624,2026-05-20 09:00:00,2026-05-20 14:00:00,6.23,6.73,8,72.88,True,DELIVERED
D00879,VAN-21,DEPOT-B,West Zone 1,2026-06-20 10:16:00,2026-06-20 10:57:21.392049941,2026-06-20 09:00:00,2026-06-20 12:00:00,12.22,2.55,14,88.64,True,DELIVERED
D00880,VAN-41,DEPOT-C,North Zone 1,2026-05-16 18:38:00,2026-05-16 18:43:39.201939820,2026-05-16 09:00:00,2026-05-16 20:00:00,4.27,2.84,8,66.19,True,DELIVERED
D00881,VAN-44,DEPOT-C,South Zone 1,2026-06-24 18:56:00,2026-06-24 19:03:27.332487798,2026-06-24 09:00:00,2026-06-24 20:00:00,8.72,6.96,10,75.66,True,DELIVERED
D00882,VAN-28,DEPOT-C,West Zone 1,2026-06-05 12:04:00,2026-06-05 12:30:26.870685201,2026-06-05 09:00:00,2026-06-05 14:00:00,8.78,1.34,7,78.26,True,DELIVERED
D00883,VAN-37,DEPOT-B,South Zone 2,2026-07-06 10:46:00,2026-07-06 11:26:04.202614696,2026-07-06 09:00:00,2026-07-06 12:00:00,13.24,5.19,9,86.91,True,DELIVERED
D00884,VAN-03,DEPOT-B,West Zone 1,2026-05-10 18:16:00,2026-05-10 19:05:44.572125578,2026-05-10 09:00:00,2026-05-10 20:00:00,12.23,3.48,4,98.79,True,DELIVERED
D00885,VAN-36,DEPOT-C,South Zone 2,2026-07-11 16:00:00,2026-07-11 16:44:40.489148457,2026-07-11 09:00:00,2026-07-11 18:00:00,14.74,6.36,7,98.66,False,REDELIVERY_REQUIRED
D00886,VAN-49,DEPOT-A,West Zone 1,2026-05-20 15:19:00,2026-05-20 15:58:48.849736150,2026-05-20 09:00:00,2026-05-20 17:00:00,9.76,3.78,5,86.29,True,DELIVERED
D00887,VAN-37,DEPOT-A,East Zone 1,2026-06-05 15:24:00,2026-06-05 15:33:46.746841623,2026-06-05 09:00:00,2026-06-05 17:00:00,6.48,9.21,12,86.91,True,DELIVERED
D00888,VAN-30,DEPOT-B,West Zone 1,2026-06-17 15:25:00,2026-06-17 16:45:38.993869770,2026-06-17 09:00:00,2026-06-17 17:00:00,16.23,8.66,5,104.73,True,DELIVERED
D00889,VAN-57,DEPOT-B,South Zone 1,2026-06-14 10:52:00,2026-06-14 10:58:53.069037418,2026-06-14 09:00:00,2026-06-14 12:00:00,3.83,3.09,9,67.64,True,DELIVERED
D00890,VAN-58,DEPOT-A,East Zone 1,2026-05-06 15:10:00,2026-05-06 15:25:13.715878868,2026-05-06 09:00:00,2026-05-06 17:00:00,7.23,2.07,11,69.39,True,DELIVERED
D00891,VAN-38,DEPOT-A,South Zone 1,2026-05-20 07:37:00,2026-05-20 07:41:00.000000000,2026-05-20 09:00:00,2026-05-20 09:00:00,1.87,1.31,8,54.98,True,
D00892,VAN-57,DEPOT-A,North Zone 2,2026-07-05 17:58:00,2026-07-05 18:37:36.504256310,2026-07-05 09:00:00,2026-07-05 19:00:00,14.57,3.32,6,91.78,True,DELIVERED
D00893,VAN-09,DEPOT-C,North Zone 2,2026-07-10 11:34:00,2026-07-10 11:53:39.757953451,2026-07-10 09:00:00,2026-07-10 13:00:00,8.73,3.34,8,80.05,True,DELIVERED
D00894,VAN-42,DEPOT-B,North Zone 1,2026-06-07 18:33:00,2026-06-07 18:41:04.929436058,2026-06-07 09:00:00,2026-06-07 20:00:00,7.36,0.82,5,65.17,True,DELIVERED
D00895,VAN-09,DEPOT-A,South Zone 2,2026-07-05 15:44:00,2026-07-05 16:08:33.032468879,2026-07-05 09:00:00,2026-07-05 17:00:00,7.03,3.54,10,81.64,True,DELIVERED
D00896,VAN-49,DEPOT-B,North Zone 1,2026-05-10 18:46:00,2026-05-10 18:50:00.000000000,2026-05-10 09:00:00,2026-05-10 20:00:00,5.08,0.24,8,52.09,True,DELIVERED
D00897,VAN-52,DEPOT-B,North Zone 2,2026-06-21 18:20:00,2026-06-21 18:51:24.973705684,2026-06-21 09:00:00,2026-06-21 20:00:00,10.34,3.38,8,86.93,True,DELIVERED
D00898,VAN-20,DEPOT-B,South Zone 2,2026-06-22 14:41:00,2026-06-22 15:04:58.745803513,2026-06-22 09:00:00,2026-06-22 16:00:00,8.28,4.45,5,77.5,True,DELIVERED
D00899,VAN-26,DEPOT-A,West Zone 1,2026-06-19 16:36:00,2026-06-19 17:21:27.917379080,2026-06-19 09:00:00,2026-06-19 18:00:00,12.54,4.48,5,95.06,True,DELIVERED
D00900,VAN-03,DEPOT-C,North Zone 1,2026-06-01 07:47:00,2026-06-01 08:05:07.081053847,2026-06-01 09:00:00,2026-06-01 09:00:00,7.36,2.19,9,77.12,True,DELIVERED
D00901,VAN-21,DEPOT-C,South Zone 1,2026-07-04 09:53:00,2026-07-04 09:59:44.034779846,2026-07-04 09:00:00,2026-07-04 11:00:00,4.15,0.5,10,59.32,True,DELIVERED
D00902,VAN-35,DEPOT-A,North Zone 1,2026-07-10 08:38:00,2026-07-10 08:47:21.256182146,2026-07-10 09:00:00,2026-07-10 10:00:00,5.65,6.31,3,83.04,True,DELIVERED
D00903,VAN-08,DEPOT-B,South Zone 2,2026-06-29 07:57:00,2026-06-29 08:36:28.972486463,2026-06-29 09:00:00,2026-06-29 09:00:00,12.08,3.0,4,91.13,True,DELIVERED
D00904,VAN-49,DEPOT-A,North Zone 2,2026-05-29 14:59:00,2026-05-29 15:15:51.304320027,2026-05-29 09:00:00,2026-05-29 16:00:00,7.19,2.55,6,76.17,False,REDELIVERY_REQUIRED
D00905,VAN-05,DEPOT-C,East Zone 1,2026-05-07 07:25:00,2026-05-07 07:34:06.689258268,2026-05-07 09:00:00,2026-05-07 09:00:00,6.23,5.4,11,76.18,True,DELIVERED
D00906,VAN-20,DEPOT-B,South Zone 2,2026-05-26 18:14:00,2026-05-26 19:05:37.103840349,2026-05-26 09:00:00,2026-05-26 20:00:00,15.48,14.41,3,118.33,True,DELIVERED
D00907,VAN-56,DEPOT-C,South Zone 1,2026-06-18 12:47:00,2026-06-18 12:54:30.930958714,2026-06-18 09:00:00,2026-06-18 14:00:00,6.34,2.55,9,71.43,True,DELIVERED
D00908,VAN-27,DEPOT-C,West Zone 1,2026-07-03 11:33:00,2026-07-03 12:14:18.826922228,2026-07-03 09:00:00,2026-07-03 13:00:00,11.19,0.84,5,80.39,True,DELIVERED
D00909,VAN-42,DEPOT-C,South Zone 1,2026-05-07 10:21:00,2026-05-07 10:25:42.158910322,2026-05-07 09:00:00,2026-05-07 12:00:00,1.35,4.44,10,61.27,True,DELIVERED
D00910,VAN-51,DEPOT-B,West Zone 1,2026-05-15 13:38:00,2026-05-15 14:46:15.954657027,2026-05-15 09:00:00,2026-05-15 15:00:00,19.12,1.11,11,119.83,True,DELIVERED
D00911,VAN-57,DEPOT-C,West Zone 1,2026-05-09 07:06:00,2026-05-09 08:12:04.464468308,2026-05-09 09:00:00,2026-05-09 09:00:00,17.93,9.53,5,129.25,False,REDELIVERY_REQUIRED
D00912,VAN-29,DEPOT-C,West Zone 1,2026-05-11 07:13:00,2026-05-11 08:09:01.762562156,2026-05-11 09:00:00,2026-05-11 09:00:00,13.07,6.11,7,93.64,True,DELIVERED
D00913,VAN-09,DEPOT-B,South Zone 1,2026-05-31 11:55:00,2026-05-31 11:59:00.000000000,2026-05-31 09:00:00,2026-05-31 13:00:00,0.5,4.13,7,63.23,True,DELIVERED
D00914,VAN-38,DEPOT-B,East Zone 1,2026-07-10 08:39:00,2026-07-10 08:52:35.850906637,2026-07-10 09:00:00,2026-07-10 10:00:00,6.65,5.9,8,79.73,False,REDELIVERY_REQUIRED
D00915,VAN-58,DEPOT-A,West Zone 1,2026-06-24 17:02:00,2026-06-24 18:12:48.884939019,2026-06-24 09:00:00,2026-06-24 19:00:00,15.36,1.22,7,112.28,True,DELIVERED
D00916,VAN-40,DEPOT-C,East Zone 1,2026-06-24 08:40:00,2026-06-24 08:55:02.978556129,2026-06-24 09:00:00,2026-06-24 10:00:00,8.71,3.11,12,79.54,True,DELIVERED
D00917,VAN-47,DEPOT-A,South Zone 1,2026-07-07 13:48:00,2026-07-07 13:56:11.712763517,2026-07-07 09:00:00,2026-07-07 15:00:00,4.56,4.72,7,70.84,True,DELIVERED
D00918,VAN-42,DEPOT-B,East Zone 1,2026-05-23 18:42:00,2026-05-23 18:53:03.199540591,2026-05-23 09:00:00,2026-05-23 20:00:00,7.39,6.88,4,76.95,True,DELIVERED
D00919,VAN-39,DEPOT-A,East Zone 1,2026-06-30 13:06:00,2026-06-30 13:32:24.219956273,2026-06-30 09:00:00,2026-06-30 15:00:00,8.72,3.01,11,86.4,True,DELIVERED
D00920,VAN-12,DEPOT-A,North Zone 2,2026-05-08 15:36:00,2026-05-08 16:06:27.668392681,2026-05-08 09:00:00,2026-05-08 17:00:00,12.53,3.69,3,102.6,False,REDELIVERY_REQUIRED
D00921,VAN-40,DEPOT-C,South Zone 1,2026-06-04 13:45:00,2026-06-04 13:51:24.556410229,2026-06-04 09:00:00,2026-06-04 15:00:00,3.1,0.66,9,58.17,True,DELIVERED
D00922,VAN-39,DEPOT-A,North Zone 1,2026-05-20 12:53:00,2026-05-20 13:11:11.689900218,2026-05-20 09:00:00,2026-05-20 14:00:00,5.6,8.16,3,72.03,True,DELIVERED
D00923,VAN-19,DEPOT-C,North Zone 1,2026-05-15 16:12:00,2026-05-15 16:23:05.487657848,2026-05-15 09:00:00,2026-05-15 18:00:00,2.34,4.23,8,61.72,True,DELIVERED
D00924,VAN-20,DEPOT-C,North Zone 2,2026-05-25 18:09:00,2026-05-25 18:31:27.231868326,2026-05-25 09:00:00,2026-05-25 20:00:00,8.03,2.32,11,73.91,False,REDELIVERY_REQUIRED
D00925,VAN-20,DEPOT-B,South Zone 2,2026-05-09 08:06:00,2026-05-09 08:47:56.592129665,2026-05-09 09:00:00,2026-05-09 10:00:00,13.14,5.1,9,90.41,False,REDELIVERY_REQUIRED
D00926,VAN-36,DEPOT-A,South Zone 2,2026-07-01 18:24:00,2026-07-01 19:09:47.006791106,2026-07-01 09:00:00,2026-07-01 20:00:00,13.2,5.83,6,111.06,True,DELIVERED
D00927,VAN-39,DEPOT-B,West Zone 1,2026-05-19 15:46:00,2026-05-19 16:28:49.832139504,2026-05-19 09:00:00,2026-05-19 17:00:00,9.99,1.04,6,84.14,True,DELIVERED
D00928,VAN-06,DEPOT-B,South Zone 1,2026-05-24 09:11:00,2026-05-24 09:30:39.906637975,2026-05-24 09:00:00,2026-05-24 11:00:00,7.64,4.24,7,71.88,True,DELIVERED
D00929,VAN-01,DEPOT-A,North Zone 2,2026-05-04 12:29:00,2026-05-04 13:11:01.938760331,2026-05-04 09:00:00,2026-05-04 14:00:00,13.89,3.65,6,95.95,True,DELIVERED
D00930,VAN-27,DEPOT-B,South Zone 1,2026-05-13 17:03:00,2026-05-13 17:10:29.776526182,2026-05-13 09:00:00,2026-05-13 19:00:00,3.34,6.65,10,61.07,True,DELIVERED
D00931,VAN-10,DEPOT-B,North Zone 2,2026-05-05 12:43:00,2026-05-05 13:17:16.894616656,2026-05-05 09:00:00,2026-05-05 14:00:00,10.79,6.57,8,93.14,True,DELIVERED
D00932,VAN-13,DEPOT-C,West Zone 1,2026-05-11 18:18:00,2026-05-11 19:27:26.309097264,2026-05-11 09:00:00,2026-05-11 20:00:00,15.65,10.28,8,116.67,True,DELIVERED
D00933,VAN-11,DEPOT-A,West Zone 1,2026-06-03 18:53:00,2026-06-03 20:03:46.680121852,2026-06-03 09:00:00,,13.7,2.71,13,88.22,True,DELIVERED
D00934,VAN-27,DEPOT-C,East Zone 1,2026-07-03 15:03:00,2026-07-03 15:18:39.459169643,2026-07-03 09:00:00,2026-07-03 17:00:00,8.35,1.33,6,72.89,True,DELIVERED
D00935,VAN-51,DEPOT-C,North Zone 2,2026-07-02 18:31:00,2026-07-02 19:10:05.952601268,2026-07-02 09:00:00,2026-07-02 20:00:00,11.1,10.38,7,99.07,True,DELIVERED
D00936,VAN-24,DEPOT-C,West Zone 1,2026-06-29 12:02:00,2026-06-29 12:48:18.607509980,2026-06-29 09:00:00,2026-06-29 14:00:00,11.69,3.75,8,95.34,True,DELIVERED
D00937,VAN-30,DEPOT-C,South Zone 2,2026-05-26 11:49:00,2026-05-26 12:36:11.763073819,2026-05-26 09:00:00,2026-05-26 13:00:00,12.49,2.37,10,88.72,True,DELIVERED
D00938,VAN-44,DEPOT-C,South Zone 2,2026-05-05 15:25:00,2026-05-05 16:10:37.840768168,2026-05-05 09:00:00,2026-05-05 17:00:00,13.02,10.46,6,102.81,False,REDELIVERY_REQUIRED
D00939,VAN-37,DEPOT-B,East Zone 1,2026-06-03 10:25:00,2026-06-03 10:51:51.655803633,2026-06-03 09:00:00,2026-06-03 12:00:00,8.29,4.16,8,81.93,True,DELIVERED
D00940,VAN-56,DEPOT-A,North Zone 2,2026-06-12 15:03:00,2026-06-12 15:27:10.927106562,2026-06-12 09:00:00,2026-06-12 17:00:00,8.01,4.01,8,91.12,True,DELIVERED
D00941,VAN-29,DEPOT-A,South Zone 2,2026-06-14 16:47:00,2026-06-14 17:35:16.219172706,2026-06-14 09:00:00,2026-06-14 18:00:00,13.18,3.18,6,86.47,True,DELIVERED
D00942,VAN-41,DEPOT-C,North Zone 2,2026-06-19 10:24:00,2026-06-19 10:43:30.083868996,2026-06-19 09:00:00,2026-06-19 12:00:00,8.0,1.11,5,78.34,True,DELIVERED
D00943,VAN-50,DEPOT-C,West Zone 1,2026-06-15 11:58:00,2026-06-15 13:04:19.926726854,2026-06-15 09:00:00,2026-06-15 13:00:00,16.85,0.78,4,96.61,True,DELIVERED
D00944,VAN-19,DEPOT-A,West Zone 1,2026-07-08 08:05:00,2026-07-08 09:18:00.954250356,2026-07-08 09:00:00,2026-07-08 10:00:00,13.64,1.13,10,104.43,True,DELIVERED
D00945,VAN-45,DEPOT-C,South Zone 1,2026-06-04 17:26:00,2026-06-04 17:33:10.495010428,2026-06-04 09:00:00,2026-06-04 19:00:00,4.11,3.3,8,63.12,True,DELIVERED
D00946,VAN-15,DEPOT-C,North Zone 2,2026-05-22 12:30:00,2026-05-22 12:51:50.087614013,2026-05-22 09:00:00,2026-05-22 14:00:00,7.6,5.96,10,84.44,True,DELIVERED
D00947,VAN-34,DEPOT-A,East Zone 1,2026-05-14 17:52:00,2026-05-14 18:27:14.773456140,2026-05-14 09:00:00,2026-05-14 19:00:00,13.28,6.04,4,100.59,True,DELIVERED
D00948,VAN-31,DEPOT-C,South Zone 1,2026-05-15 12:01:00,2026-05-15 12:08:48.786820762,2026-05-15 09:00:00,2026-05-15 14:00:00,1.33,4.21,7,54.02,True,DELIVERED
D00949,VAN-41,DEPOT-A,West Zone 1,2026-06-29 16:07:00,2026-06-29 17:03:02.295612298,2026-06-29 09:00:00,2026-06-29 18:00:00,14.54,6.5,7,101.81,True,DELIVERED
D00950,VAN-32,DEPOT-B,South Zone 2,2026-05-11 16:11:00,2026-05-11 16:36:00.276393645,2026-05-11 09:00:00,2026-05-11 18:00:00,7.66,4.8,7,83.88,True,DELIVERED
D00951,VAN-59,DEPOT-A,South Zone 1,2026-06-24 10:24:00,2026-06-24 10:31:17.749957309,2026-06-24 09:00:00,2026-06-24 12:00:00,3.36,1.25,7,54.74,True,DELIVERED
D00952,VAN-06,DEPOT-B,South Zone 1,2026-07-01 12:40:00,2026-07-01 12:47:11.791970798,2026-07-01 09:00:00,2026-07-01 14:00:00,4.88,1.06,8,61.16,True,DELIVERED
D00953,VAN-47,DEPOT-A,North Zone 1,2026-06-02 10:27:00,2026-06-02 10:40:30.518725971,2026-06-02 09:00:00,2026-06-02 12:00:00,5.11,1.69,4,71.16,True,DELIVERED
D00954,VAN-52,DEPOT-C,West Zone 1,2026-07-01 16:28:00,2026-07-01 17:24:17.916819051,2026-07-01 09:00:00,2026-07-01 18:00:00,12.27,6.83,6,90.6,True,DELIVERED
D00955,VAN-40,DEPOT-B,North Zone 2,2026-05-27 18:57:00,2026-05-27 19:30:37.527331790,2026-05-27 09:00:00,2026-05-27 20:00:00,10.1,4.1,5,94.63,True,DELIVERED
D00956,VAN-46,DEPOT-C,North Zone 2,2026-05-21 07:51:00,2026-05-21 08:25:57.933970665,2026-05-21 09:00:00,2026-05-21 09:00:00,10.27,3.9,6,78.36,True,DELIVERED
D00957,VAN-28,DEPOT-A,South Zone 2,2026-05-20 15:10:00,2026-05-20 15:34:50.243552526,2026-05-20 09:00:00,2026-05-20 17:00:00,7.01,7.48,7,81.06,True,DELIVERED
D00958,VAN-07,DEPOT-B,South Zone 2,2026-06-10 09:00:00,2026-06-10 09:47:46.726498598,2026-06-10 09:00:00,2026-06-10 11:00:00,12.4,3.15,7,90.94,True,DELIVERED
D00959,VAN-42,DEPOT-C,South Zone 1,2026-07-09 18:36:00,2026-07-09 18:52:47.581470319,2026-07-09 09:00:00,2026-07-09 20:00:00,6.96,6.85,10,88.76,True,DELIVERED
D00960,VAN-13,DEPOT-A,South Zone 1,2026-05-28 14:21:00,2026-05-28 14:31:20.675651245,2026-05-28 09:00:00,2026-05-28 16:00:00,7.18,6.26,4,84.77,True,DELIVERED
D00961,VAN-59,DEPOT-A,South Zone 2,2026-05-19 13:24:00,2026-05-19 14:04:42.022904680,2026-05-19 09:00:00,2026-05-19 15:00:00,10.61,2.75,5,79.01,True,DELIVERED
D00962,VAN-42,DEPOT-A,North Zone 1,2026-05-11 13:49:00,2026-05-11 13:58:12.030333519,2026-05-11 09:00:00,2026-05-11 15:00:00,9.03,7.73,7,86.94,True,DELIVERED
D00963,VAN-53,DEPOT-B,West Zone 1,2026-06-14 10:57:00,2026-06-14 11:41:32.005793697,2026-06-14 09:00:00,2026-06-14 12:00:00,12.32,2.29,5,96.87,True,DELIVERED
D00964,VAN-03,DEPOT-C,East Zone 1,2026-05-15 12:16:00,2026-05-15 12:24:51.117596275,2026-05-15 09:00:00,2026-05-15 14:00:00,6.12,1.22,5,62.97,True,DELIVERED
D00965,VAN-35,DEPOT-B,South Zone 1,2026-06-08 12:17:00,2026-06-08 12:30:37.849491208,2026-06-08 09:00:00,2026-06-08 14:00:00,6.54,1.6,4,75.3,True,DELIVERED
D00966,VAN-37,DEPOT-A,South Zone 1,2026-06-08 14:13:00,2026-06-08 14:17:00.000000000,2026-06-08 09:00:00,2026-06-08 16:00:00,3.66,0.56,11,63.4,True,DELIVERED
D00967,VAN-53,DEPOT-A,South Zone 1,2026-07-06 07:36:00,2026-07-06 07:47:08.915683437,2026-07-06 09:00:00,2026-07-06 09:00:00,3.41,9.53,3,73.15,True,DELIVERED
D00968,VAN-35,DEPOT-A,South Zone 2,2026-06-25 13:30:00,2026-06-25 14:18:01.166479501,2026-06-25 09:00:00,2026-06-25 15:00:00,13.0,1.79,5,95.65,True,DELIVERED
D00969,VAN-34,DEPOT-B,South Zone 2,2026-05-24 13:08:00,2026-05-24 13:43:08.912864491,2026-05-24 09:00:00,2026-05-24 15:00:00,11.46,3.24,4,98.17,True,DELIVERED
D00970,VAN-42,DEPOT-A,South Zone 1,2026-05-23 14:12:00,2026-05-23 14:17:36.056128308,2026-05-23 09:00:00,2026-05-23 16:00:00,2.95,1.56,5,55.15,True,DELIVERED
D00971,VAN-46,DEPOT-C,West Zone 1,2026-06-15 10:45:00,2026-06-15 11:34:53.251862631,2026-06-15 09:00:00,2026-06-15 12:00:00,11.12,7.77,6,103.22,True,DELIVERED
D00972,VAN-25,DEPOT-A,South Zone 1,2026-05-26 13:38:00,2026-05-26 13:49:11.453656212,2026-05-26 09:00:00,2026-05-26 15:00:00,5.62,3.64,6,66.14,True,DELIVERED
D00973,VAN-32,DEPOT-C,South Zone 1,2026-07-02 08:08:00,2026-07-02 08:18:23.244758907,2026-07-02 09:00:00,2026-07-02 10:00:00,4.98,8.47,7,78.63,True,DELIVERED
D00974,VAN-08,DEPOT-A,North Zone 2,2026-07-10 08:35:00,2026-07-10 08:53:59.306641356,2026-07-10 09:00:00,2026-07-10 10:00:00,8.18,2.22,7,76.42,True,DELIVERED
D00975,VAN-53,DEPOT-A,South Zone 2,2026-06-29 12:00:00,2026-06-29 12:26:50.921695363,2026-06-29 09:00:00,2026-06-29 14:00:00,6.46,2.9,4,65.13,True,DELIVERED
D00976,VAN-49,DEPOT-A,North Zone 2,2026-07-11 15:05:00,2026-07-11 15:25:50.164864781,2026-07-11 09:00:00,2026-07-11 17:00:00,9.94,2.68,5,79.38,True,DELIVERED
D00977,VAN-40,DEPOT-B,North Zone 2,2026-06-30 16:37:00,2026-06-30 17:20:29.310031839,2026-06-30 09:00:00,2026-06-30 18:00:00,12.39,6.85,1,104.33,True,DELIVERED
D00978,VAN-10,DEPOT-C,South Zone 2,2026-06-22 18:36:00,2026-06-22 19:02:22.916844660,2026-06-22 09:00:00,2026-06-22 20:00:00,10.02,2.51,7,76.24,True,DELIVERED
D00979,VAN-23,DEPOT-B,North Zone 1,2026-07-12 10:25:00,2026-07-12 10:35:23.976733584,2026-07-12 09:00:00,2026-07-12 12:00:00,5.64,2.1,9,62.15,True,DELIVERED
D00980,VAN-28,DEPOT-B,North Zone 1,2026-06-21 10:30:00,2026-06-21 10:44:21.541584917,2026-06-21 09:00:00,2026-06-21 12:00:00,5.4,5.66,5,78.61,True,DELIVERED
D00981,VAN-17,DEPOT-C,South Zone 2,2026-05-31 18:17:00,2026-05-31 19:00:46.060220064,2026-05-31 09:00:00,2026-05-31 20:00:00,11.86,7.76,3,102.94,True,DELIVERED
D00982,VAN-24,DEPOT-C,North Zone 2,2026-05-09 09:59:00,2026-05-09 10:16:37.580450753,2026-05-09 09:00:00,2026-05-09 11:00:00,7.65,2.81,4,66.01,True,DELIVERED
D00983,VAN-40,DEPOT-B,North Zone 1,2026-06-22 11:53:00,2026-06-22 11:59:48.394273212,2026-06-22 09:00:00,2026-06-22 13:00:00,4.25,3.8,3,68.66,True,DELIVERED
D00984,VAN-27,DEPOT-C,North Zone 2,2026-06-03 13:59:00,2026-06-03 14:39:08.045481147,2026-06-03 09:00:00,2026-06-03 15:00:00,13.93,1.77,5,101.75,True,DELIVERED
D00985,VAN-48,DEPOT-C,South Zone 1,2026-06-06 10:25:00,2026-06-06 10:34:07.179332243,2026-06-06 09:00:00,2026-06-06 12:00:00,4.26,2.91,8,57.21,True,DELIVERED
D00986,VAN-02,DEPOT-C,West Zone 1,2026-06-15 07:01:00,2026-06-15 08:14:42.309677516,2026-06-15 09:00:00,2026-06-15 09:00:00,18.22,3.23,7,116.93,True,DELIVERED
D00987,VAN-41,DEPOT-B,South Zone 1,2026-07-08 15:20:00,2026-07-08 15:24:00.000000000,2026-07-08 09:00:00,2026-07-08 17:00:00,4.57,2.74,11,76.3,False,REDELIVERY_REQUIRED
D00988,VAN-20,DEPOT-B,North Zone 1,2026-07-07 11:13:00,2026-07-07 11:21:17.879784413,2026-07-07 09:00:00,2026-07-07 13:00:00,0.98,2.12,8,56.11,True,DELIVERED
D00989,VAN-37,DEPOT-A,South Zone 1,2026-07-08 12:05:00,2026-07-08 12:29:41.331042144,2026-07-08 09:00:00,2026-07-08 14:00:00,7.18,7.57,7,71.8,True,DELIVERED
D00990,VAN-53,DEPOT-A,East Zone 1,2026-07-01 07:56:00,2026-07-01 08:12:22.219106051,2026-07-01 09:00:00,2026-07-01 09:00:00,6.1,1.97,8,76.02,True,DELIVERED
D00991,VAN-38,DEPOT-A,North Zone 1,2026-07-05 10:00:00,2026-07-05 10:04:00.000000000,2026-07-05 09:00:00,2026-07-05 12:00:00,3.65,5.88,8,57.88,True,DELIVERED
D00992,VAN-26,DEPOT-C,North Zone 1,2026-07-06 09:34:00,2026-07-06 09:53:48.315416621,2026-07-06 09:00:00,2026-07-06 11:00:00,8.72,5.0,5,83.3,True,DELIVERED
D00993,VAN-49,DEPOT-A,North Zone 2,2026-06-12 07:10:00,2026-06-12 07:23:52.961193573,2026-06-12 09:00:00,2026-06-12 09:00:00,7.44,5.16,9,82.68,True,DELIVERED
D00994,VAN-20,DEPOT-A,North Zone 2,2026-05-07 07:36:00,2026-05-07 07:56:33.606926395,2026-05-07 09:00:00,2026-05-07 09:00:00,8.03,1.44,7,79.62,True,DELIVERED
D00995,VAN-46,DEPOT-A,East Zone 1,2026-05-22 17:09:00,2026-05-22 17:27:35.796127739,2026-05-22 09:00:00,2026-05-22 19:00:00,9.98,5.99,8,85.1,True,DELIVERED
D00996,VAN-41,DEPOT-C,West Zone 1,2026-05-09 16:06:00,2026-05-09 16:44:07.116266991,2026-05-09 09:00:00,2026-05-09 18:00:00,11.72,8.12,7,97.45,True,DELIVERED
D00997,VAN-18,DEPOT-A,South Zone 1,2026-07-12 15:10:00,2026-07-12 15:31:54.530398391,2026-07-12 09:00:00,2026-07-12 17:00:00,8.76,2.47,10,90.07,True,DELIVERED
D00998,VAN-44,DEPOT-B,East Zone 1,2026-06-09 07:04:00,2026-06-09 07:13:57.759491985,2026-06-09 09:00:00,2026-06-09 09:00:00,5.82,6.28,16,74.7,True,DELIVERED
D00999,VAN-11,DEPOT-A,South Zone 1,2026-05-29 15:20:00,2026-05-29 15:32:05.769031463,2026-05-29 09:00:00,2026-05-29 17:00:00,6.86,6.31,2,76.57,True,DELIVERED
D01000,VAN-39,DEPOT-A,North Zone 1,2026-06-19 18:29:00,2026-06-19 18:44:15.547631201,2026-06-19 09:00:00,2026-06-19 20:00:00,5.39,0.29,8,63.84,True,DELIVERED
D01001,VAN-43,DEPOT-A,West Zone 1,2026-07-11 07:10:00,2026-07-11 07:11:00.000000000,2026-07-11 09:00:00,2026-07-11 09:00:00,15.52,5.39,7,118.07,True,DELIVERED
D01002,VAN-11,DEPOT-C,North Zone 1,2026-06-21 14:52:00,2026-06-21 15:09:37.790723783,2026-06-21 09:00:00,2026-06-21 16:00:00,6.78,4.67,4,65.2,True,DELIVERED
D01003,VAN-41,DEPOT-A,South Zone 2,2026-05-24 15:57:00,2026-05-24 16:36:56.142803053,2026-05-24 09:00:00,2026-05-24 17:00:00,12.47,1.48,5,84.2,True,DELIVERED
D01004,VAN-39,DEPOT-A,South Zone 2,2026-06-01 18:42:00,2026-06-01 19:41:21.287615805,2026-06-01 09:00:00,2026-06-01 20:00:00,15.03,5.0,7,96.8,True,DELIVERED
D01005,VAN-23,DEPOT-B,East Zone 1,2026-05-20 13:07:00,2026-05-20 13:37:24.899270737,2026-05-20 09:00:00,2026-05-20 15:00:00,8.02,5.65,8,76.3,True,DELIVERED
D01006,VAN-22,DEPOT-A,East Zone 1,2026-06-29 13:15:00,2026-06-29 13:31:40.172339195,2026-06-29 09:00:00,2026-06-29 15:00:00,6.41,8.38,10,76.61,False,REDELIVERY_REQUIRED
D01007,VAN-38,DEPOT-A,South Zone 2,2026-06-14 14:47:00,2026-06-14 15:20:30.201151911,2026-06-14 09:00:00,2026-06-14 16:00:00,9.56,1.67,8,72.86,True,DELIVERED
D01008,VAN-31,DEPOT-A,South Zone 2,2026-06-24 15:34:00,2026-06-24 16:12:26.916682163,2026-06-24 09:00:00,2026-06-24 17:00:00,10.79,1.01,1,70.46,True,DELIVERED
D01009,VAN-60,DEPOT-C,South Zone 1,2026-05-04 13:42:00,2026-05-04 13:53:15.964435505,2026-05-04 09:00:00,2026-05-04 15:00:00,6.16,2.15,10,71.62,True,DELIVERED
D01010,VAN-25,DEPOT-B,South Zone 2,2026-05-16 14:25:00,2026-05-16 15:22:05.356158624,2026-05-16 09:00:00,2026-05-16 16:00:00,16.5,0.99,6,100.68,True,DELIVERED
D01011,VAN-32,DEPOT-C,West Zone 1,2026-05-09 13:23:00,2026-05-09 14:24:37.448471301,2026-05-09 09:00:00,2026-05-09 15:00:00,16.95,1.11,3,111.21,False,REDELIVERY_REQUIRED
D01012,VAN-24,DEPOT-A,South Zone 1,2026-06-29 10:04:00,2026-06-29 10:08:06.937257939,2026-06-29 09:00:00,2026-06-29 12:00:00,5.3,2.21,8,69.42,True,DELIVERED
D01013,VAN-44,DEPOT-A,North Zone 2,2026-05-14 18:56:00,2026-05-14 19:20:36.638488210,2026-05-14 09:00:00,2026-05-14 20:00:00,6.99,0.72,7,68.68,True,DELIVERED
D01014,VAN-10,DEPOT-B,South Zone 2,2026-05-22 18:38:00,2026-05-22 19:11:42.636812342,2026-05-22 09:00:00,2026-05-22 20:00:00,10.24,3.05,6,83.27,True,DELIVERED
D01015,VAN-12,DEPOT-A,South Zone 2,2026-06-05 18:57:00,2026-06-05 19:38:37.916882431,2026-06-05 09:00:00,2026-06-05 20:00:00,12.61,3.04,9,82.23,True,DELIVERED
D01016,VAN-08,DEPOT-A,North Zone 1,2026-06-07 08:35:00,2026-06-07 08:45:43.716629195,2026-06-07 09:00:00,2026-06-07 10:00:00,5.57,7.95,9,75.95,True,DELIVERED
D01017,VAN-33,DEPOT-B,North Zone 1,2026-05-04 11:37:00,2026-05-04 11:44:56.124743695,2026-05-04 09:00:00,2026-05-04 13:00:00,5.04,2.26,4,64.86,True,DELIVERED
D01018,VAN-02,DEPOT-A,South Zone 1,2026-06-26 09:20:00,2026-06-26 09:26:10.163091326,2026-06-26 09:00:00,2026-06-26 11:00:00,4.74,10.28,5,78.63,True,DELIVERED
D01019,VAN-55,DEPOT-C,South Zone 1,2026-05-29 10:38:00,2026-05-29 10:46:40.380560223,2026-05-29 09:00:00,2026-05-29 12:00:00,4.76,3.95,4,58.77,True,DELIVERED
D01020,VAN-20,DEPOT-B,North Zone 1,2026-05-10 08:27:00,2026-05-10 08:39:51.049884780,2026-05-10 09:00:00,2026-05-10 10:00:00,3.95,0.27,8,46.91,True,DELIVERED
D01021,VAN-20,DEPOT-C,South Zone 2,2026-07-05 18:16:00,2026-07-05 18:55:31.092050107,2026-07-05 09:00:00,2026-07-05 20:00:00,12.73,0.7,9,83.66,True,DELIVERED
D01022,VAN-52,DEPOT-A,East Zone 1,2026-06-03 15:08:00,2026-06-03 15:48:23.378336451,2026-06-03 09:00:00,2026-06-03 17:00:00,13.88,9.46,5,104.78,True,DELIVERED
D01023,VAN-05,DEPOT-A,South Zone 1,2026-07-01 15:54:00,2026-07-01 16:02:07.304437027,2026-07-01 09:00:00,2026-07-01 17:00:00,7.56,4.96,7,76.51,True,DELIVERED
D01024,VAN-46,DEPOT-C,North Zone 1,2026-05-12 11:16:00,2026-05-12 11:23:50.223056311,2026-05-12 09:00:00,2026-05-12 13:00:00,6.68,1.1,9,71.03,True,DELIVERED
D01025,VAN-22,DEPOT-B,North Zone 2,2026-06-21 16:59:00,2026-06-21 17:33:01.265941240,2026-06-21 09:00:00,2026-06-21 18:00:00,12.32,3.42,12,87.61,True,DELIVERED
D01026,VAN-17,DEPOT-C,South Zone 2,2026-07-11 13:30:00,2026-07-11 13:57:02.869226622,2026-07-11 09:00:00,2026-07-11 15:00:00,11.99,2.43,8,90.72,True,DELIVERED
D01027,VAN-15,DEPOT-B,South Zone 2,2026-06-04 18:47:00,2026-06-04 19:34:42.751285518,2026-06-04 09:00:00,2026-06-04 20:00:00,12.79,5.72,5,85.4,True,DELIVERED
D01028,VAN-42,DEPOT-A,North Zone 1,2026-06-06 08:39:00,2026-06-06 08:52:55.587074132,2026-06-06 09:00:00,2026-06-06 10:00:00,8.2,7.69,5,80.25,True,DELIVERED
D01029,VAN-21,DEPOT-B,West Zone 1,2026-06-29 12:53:00,2026-06-29 13:56:34.274769590,2026-06-29 09:00:00,2026-06-29 14:00:00,15.88,5.15,9,99.52,True,DELIVERED
D01030,VAN-31,DEPOT-A,South Zone 2,2026-05-20 10:37:00,2026-05-20 11:20:24.727923043,2026-05-20 09:00:00,2026-05-20 12:00:00,12.77,0.9,4,87.16,True,DELIVERED
D01031,VAN-57,DEPOT-A,West Zone 1,2026-06-08 11:58:00,2026-06-08 12:59:08.535292852,2026-06-08 09:00:00,2026-06-08 13:00:00,15.44,3.96,6,107.73,False,REDELIVERY_REQUIRED
D01032,VAN-24,DEPOT-B,North Zone 2,2026-06-05 11:02:00,2026-06-05 11:28:19.261468902,2026-06-05 09:00:00,2026-06-05 13:00:00,8.31,2.95,9,79.33,True,DELIVERED
D01033,VAN-17,DEPOT-A,South Zone 2,2026-05-27 18:10:00,2026-05-27 19:07:21.375297228,2026-05-27 09:00:00,2026-05-27 20:00:00,13.47,1.38,4,95.69,True,DELIVERED
D01034,VAN-43,DEPOT-B,North Zone 2,2026-07-02 14:22:00,2026-07-02 14:50:11.781930092,2026-07-02 09:00:00,2026-07-02 16:00:00,7.7,2.34,10,82.72,True,DELIVERED
D01035,VAN-07,DEPOT-B,North Zone 2,2026-05-11 10:01:00,2026-05-11 10:23:18.734711191,2026-05-11 09:00:00,2026-05-11 12:00:00,8.52,2.67,8,92.07,True,DELIVERED
D01036,VAN-07,DEPOT-A,South Zone 1,2026-05-28 14:42:00,2026-05-28 15:04:05.786267516,2026-05-28 09:00:00,2026-05-28 16:00:00,7.44,2.07,7,72.4,True,DELIVERED
D01037,VAN-59,DEPOT-B,East Zone 1,2026-07-11 10:14:00,2026-07-11 10:30:08.505129977,2026-07-11 09:00:00,2026-07-11 12:00:00,7.48,7.48,10,82.89,True,DELIVERED
D01038,VAN-48,DEPOT-C,North Zone 2,2026-05-22 08:36:00,2026-05-22 08:46:28.862303593,2026-05-22 09:00:00,2026-05-22 10:00:00,5.36,6.08,8,70.21,True,DELIVERED
D01039,VAN-58,DEPOT-A,North Zone 1,2026-07-08 16:22:00,2026-07-08 16:36:36.143949022,2026-07-08 09:00:00,2026-07-08 18:00:00,8.47,2.61,7,70.5,True,DELIVERED
D01040,VAN-37,DEPOT-B,South Zone 2,2026-05-14 17:31:00,2026-05-14 18:11:14.176882715,2026-05-14 09:00:00,2026-05-14 19:00:00,11.53,11.78,8,108.79,True,DELIVERED
D01041,VAN-25,DEPOT-B,North Zone 2,2026-06-18 08:29:00,2026-06-18 08:51:42.733176081,2026-06-18 09:00:00,2026-06-18 10:00:00,9.52,2.66,9,83.73,True,DELIVERED
D01042,VAN-06,DEPOT-A,South Zone 2,2026-05-17 13:30:00,2026-05-17 14:15:14.654012927,2026-05-17 09:00:00,2026-05-17 15:00:00,14.79,1.9,8,92.28,True,DELIVERED
D01043,VAN-38,DEPOT-A,East Zone 1,2026-06-20 18:25:00,2026-06-20 18:48:59.481338867,2026-06-20 09:00:00,2026-06-20 20:00:00,8.86,2.03,7,85.1,True,DELIVERED
D01044,VAN-58,DEPOT-B,North Zone 1,2026-05-15 14:31:00,2026-05-15 14:39:09.476273775,2026-05-15 09:00:00,2026-05-15 16:00:00,7.65,4.4,9,81.62,True,DELIVERED
D01045,VAN-37,DEPOT-A,East Zone 1,2026-06-03 17:12:00,2026-06-03 17:28:06.624252730,2026-06-03 09:00:00,2026-06-03 19:00:00,5.83,5.36,11,70.25,True,DELIVERED
D01046,VAN-24,DEPOT-C,East Zone 1,2026-07-12 18:41:00,2026-07-12 18:56:44.173398161,2026-07-12 09:00:00,2026-07-12 20:00:00,6.88,1.63,4,66.92,True,DELIVERED
D01047,VAN-23,DEPOT-B,South Zone 2,2026-07-03 13:29:00,2026-07-03 14:06:34.115920130,2026-07-03 09:00:00,2026-07-03 15:00:00,11.82,1.74,7,81.69,True,DELIVERED
D01048,VAN-59,DEPOT-B,North Zone 1,2026-06-27 14:32:00,2026-06-27 14:46:39.457636045,2026-06-27 09:00:00,2026-06-27 16:00:00,7.99,4.43,7,74.28,True,DELIVERED
D01049,VAN-01,DEPOT-A,North Zone 2,2026-05-31 09:34:00,2026-05-31 09:52:12.867552060,2026-05-31 09:00:00,2026-05-31 11:00:00,7.12,1.38,6,75.5,True,DELIVERED
D01050,VAN-09,DEPOT-C,West Zone 1,2026-05-06 16:37:00,2026-05-06 17:41:43.935254058,2026-05-06 09:00:00,2026-05-06 18:00:00,14.24,3.81,6,91.65,False,REDELIVERY_REQUIRED
D01051,VAN-04,DEPOT-C,South Zone 1,2026-06-28 15:59:00,2026-06-28 16:08:51.927830880,2026-06-28 09:00:00,2026-06-28 17:00:00,3.45,3.79,9,74.05,True,DELIVERED
D01052,VAN-50,DEPOT-A,West Zone 1,2026-06-25 18:25:00,2026-06-25 19:26:52.262523219,2026-06-25 09:00:00,2026-06-25 20:00:00,14.69,3.38,9,100.54,True,DELIVERED
D01053,VAN-19,DEPOT-C,North Zone 2,2026-05-27 08:31:00,2026-05-27 09:02:27.013152237,2026-05-27 09:00:00,2026-05-27 10:00:00,11.0,2.75,10,79.43,True,DELIVERED
D01054,VAN-12,DEPOT-B,South Zone 1,2026-06-30 16:58:00,2026-06-30 17:09:28.783583906,2026-06-30 09:00:00,2026-06-30 18:00:00,5.91,4.48,10,73.6,False,REDELIVERY_REQUIRED
D01055,VAN-33,DEPOT-B,West Zone 1,2026-06-26 12:58:00,2026-06-26 13:48:34.910417236,2026-06-26 09:00:00,2026-06-26 14:00:00,14.55,11.76,7,106.57,True,DELIVERED
D01056,VAN-37,DEPOT-A,North Zone 2,2026-05-11 18:27:00,2026-05-11 18:49:31.560027861,2026-05-11 09:00:00,2026-05-11 20:00:00,6.64,1.86,4,63.01,True,DELIVERED
D01057,VAN-03,DEPOT-B,South Zone 1,2026-06-12 08:35:00,2026-06-12 08:43:35.641782810,2026-06-12 09:00:00,2026-06-12 10:00:00,4.94,10.21,6,77.69,True,DELIVERED
D01058,VAN-44,DEPOT-A,North Zone 1,2026-07-01 13:01:00,2026-07-01 13:05:00.000000000,2026-07-01 09:00:00,2026-07-01 15:00:00,5.36,4.38,3,67.31,True,DELIVERED
D01059,VAN-38,DEPOT-A,North Zone 1,2026-07-06 07:15:00,2026-07-06 07:41:32.655400080,2026-07-06 09:00:00,2026-07-06 09:00:00,9.47,4.84,7,76.42,True,DELIVERED
D01060,VAN-38,DEPOT-B,South Zone 2,2026-05-06 10:41:00,2026-05-06 11:15:04.697260268,2026-05-06 09:00:00,2026-05-06 12:00:00,10.23,2.13,3,85.68,True,DELIVERED
D01061,VAN-39,DEPOT-C,North Zone 2,2026-05-18 13:49:00,2026-05-18 14:08:32.022445389,2026-05-18 09:00:00,2026-05-18 15:00:00,6.61,6.92,7,80.12,True,DELIVERED
D01062,VAN-12,DEPOT-A,East Zone 1,2026-05-21 13:01:00,2026-05-21 13:21:34.665501733,2026-05-21 09:00:00,2026-05-21 15:00:00,9.12,4.07,11,83.52,True,DELIVERED
D01063,VAN-52,DEPOT-B,South Zone 1,2026-07-07 08:43:00,2026-07-07 08:47:00.000000000,2026-07-07 09:00:00,2026-07-07 10:00:00,6.78,12.16,9,75.84,False,REDELIVERY_REQUIRED
D01064,VAN-15,DEPOT-A,South Zone 1,2026-06-13 17:31:00,2026-06-13 17:38:25.197180438,2026-06-13 09:00:00,2026-06-13 19:00:00,7.85,2.66,7,84.54,True,DELIVERED
D01065,VAN-54,DEPOT-C,North Zone 1,2026-07-09 16:19:00,2026-07-09 16:36:30.146250653,2026-07-09 09:00:00,2026-07-09 18:00:00,7.82,4.57,7,84.19,True,DELIVERED
D01066,VAN-29,DEPOT-C,West Zone 1,2026-05-07 08:31:00,2026-05-07 09:22:28.664115332,2026-05-07 09:00:00,2026-05-07 10:00:00,11.78,6.44,5,94.05,True,DELIVERED
D01067,VAN-33,DEPOT-C,North Zone 1,2026-06-08 10:32:00,2026-06-08 10:45:45.895904810,2026-06-08 09:00:00,2026-06-08 12:00:00,4.62,3.09,5,69.59,True,DELIVERED
D01068,VAN-49,DEPOT-A,South Zone 1,2026-06-23 13:21:00,2026-06-23 13:25:00.000000000,2026-06-23 09:00:00,2026-06-23 15:00:00,4.95,1.46,7,64.7,True,DELIVERED
D01069,VAN-16,DEPOT-A,East Zone 1,2026-07-10 12:06:00,2026-07-10 12:23:41.528807204,2026-07-10 09:00:00,2026-07-10 14:00:00,8.2,2.65,6,78.24,True,DELIVERED
D01070,VAN-21,DEPOT-A,North Zone 2,2026-06-18 13:09:00,2026-06-18 13:22:52.045680928,2026-06-18 09:00:00,2026-06-18 15:00:00,6.78,2.72,11,81.31,True,DELIVERED
D01071,VAN-04,DEPOT-A,South Zone 1,2026-05-20 12:15:00,2026-05-20 12:19:00.000000000,2026-05-20 09:00:00,2026-05-20 14:00:00,0.5,4.7,9,54.34,True,DELIVERED
D01072,VAN-44,DEPOT-A,North Zone 2,2026-05-20 09:36:00,2026-05-20 10:17:32.314722841,2026-05-20 09:00:00,2026-05-20 11:00:00,12.81,7.34,5,110.62,True,DELIVERED
D01073,VAN-23,DEPOT-C,North Zone 2,2026-06-21 16:27:00,2026-06-21 17:10:00.236755705,2026-06-21 09:00:00,2026-06-21 18:00:00,14.11,9.34,7,109.62,True,DELIVERED
D01074,VAN-53,DEPOT-A,North Zone 2,2026-05-04 08:28:00,2026-05-04 09:03:23.050734901,2026-05-04 09:00:00,2026-05-04 10:00:00,12.48,2.01,3,83.58,True,DELIVERED
D01075,VAN-20,DEPOT-B,North Zone 1,2026-07-06 14:10:00,2026-07-06 14:20:31.064977265,2026-07-06 09:00:00,2026-07-06 16:00:00,3.29,0.39,5,62.54,True,DELIVERED
D01076,VAN-08,DEPOT-A,North Zone 2,2026-05-23 16:01:00,2026-05-23 16:21:39.511935390,2026-05-23 09:00:00,2026-05-23 18:00:00,8.25,2.91,11,74.94,True,DELIVERED
D01077,VAN-33,DEPOT-A,West Zone 1,2026-05-30 16:58:00,2026-05-30 17:39:30.337875624,2026-05-30 09:00:00,2026-05-30 18:00:00,13.51,0.57,6,89.33,True,DELIVERED
D01078,VAN-29,DEPOT-B,South Zone 1,2026-07-01 13:01:00,2026-07-01 13:12:58.971491833,2026-07-01 09:00:00,2026-07-01 15:00:00,4.55,3.28,6,64.58,True,DELIVERED
D01079,VAN-07,DEPOT-A,South Zone 1,2026-05-14 17:00:00,2026-05-14 17:11:34.584904256,2026-05-14 09:00:00,2026-05-14 19:00:00,5.81,4.48,9,67.45,True,DELIVERED
D01080,VAN-24,DEPOT-C,South Zone 2,2026-07-06 07:01:00,2026-07-06 07:34:17.487790717,2026-07-06 09:00:00,2026-07-06 09:00:00,10.03,9.11,13,95.43,True,DELIVERED
D01081,VAN-29,DEPOT-A,North Zone 1,2026-06-15 15:58:00,2026-06-15 16:21:15.721478341,2026-06-15 09:00:00,2026-06-15 17:00:00,7.28,5.38,3,85.1,True,DELIVERED
D01082,VAN-02,DEPOT-B,North Zone 2,2026-07-02 11:45:00,2026-07-02 12:20:15.312083258,2026-07-02 09:00:00,2026-07-02 13:00:00,13.49,3.89,7,101.3,True,DELIVERED
D01083,VAN-30,DEPOT-A,North Zone 1,2026-05-11 09:46:00,2026-05-11 09:56:37.983726190,2026-05-11 09:00:00,2026-05-11 11:00:00,4.08,5.63,6,77.89,True,DELIVERED
D01084,VAN-50,DEPOT-C,East Zone 1,2026-05-15 17:10:00,2026-05-15 17:33:38.173802504,2026-05-15 09:00:00,2026-05-15 19:00:00,9.94,0.77,5,86.66,True,DELIVERED
D01085,VAN-50,DEPOT-C,South Zone 2,2026-06-01 11:20:00,2026-06-01 12:11:00.448885388,2026-06-01 09:00:00,2026-06-01 13:00:00,13.58,7.45,3,100.89,True,DELIVERED
D01086,VAN-10,DEPOT-B,South Zone 2,2026-06-13 17:39:00,2026-06-13 18:01:12.129293007,2026-06-13 09:00:00,2026-06-13 19:00:00,7.16,3.33,7,71.11,True,DELIVERED
D01087,VAN-55,DEPOT-B,South Zone 2,2026-06-16 16:28:00,2026-06-16 17:14:30.684952647,2026-06-16 09:00:00,2026-06-16 18:00:00,12.9,14.03,5,112.98,True,DELIVERED
D01088,VAN-56,DEPOT-B,East Zone 1,2026-06-25 11:44:00,2026-06-25 12:06:54.345277358,2026-06-25 09:00:00,2026-06-25 13:00:00,10.35,4.19,6,80.95,True,DELIVERED
D01089,VAN-48,DEPOT-B,South Zone 2,2026-05-27 16:38:00,2026-05-27 17:15:17.369370586,2026-05-27 09:00:00,2026-05-27 18:00:00,11.07,6.11,8,89.12,True,DELIVERED
D01090,VAN-41,DEPOT-A,South Zone 2,2026-06-03 15:52:00,2026-06-03 16:38:43.585347913,2026-06-03 09:00:00,2026-06-03 17:00:00,12.46,3.31,6,90.05,True,DELIVERED
D01091,VAN-54,DEPOT-B,South Zone 2,2026-06-10 08:45:00,2026-06-10 09:20:11.603246847,2026-06-10 09:00:00,2026-06-10 10:00:00,8.71,1.73,6,75.04,True,DELIVERED
D01092,VAN-60,DEPOT-C,East Zone 1,2026-06-01 12:06:00,2026-06-01 12:28:50.472304203,2026-06-01 09:00:00,2026-06-01 14:00:00,9.8,4.09,8,92.47,True,DELIVERED
D01093,VAN-52,DEPOT-B,West Zone 1,2026-06-05 08:10:00,2026-06-05 09:07:11.971240735,2026-06-05 09:00:00,2026-06-05 10:00:00,16.32,13.44,4,128.4,True,DELIVERED
D01094,VAN-06,DEPOT-A,North Zone 1,2026-05-27 12:10:00,2026-05-27 12:15:30.908045503,2026-05-27 09:00:00,2026-05-27 14:00:00,0.5,2.22,7,54.15,True,DELIVERED
D01095,VAN-23,DEPOT-B,East Zone 1,2026-06-06 18:32:00,2026-06-06 18:36:42.149990278,2026-06-06 09:00:00,2026-06-06 20:00:00,3.5,0.8,6,52.71,True,DELIVERED
D01096,VAN-15,DEPOT-C,North Zone 2,2026-05-28 10:39:00,2026-05-28 11:10:49.611416112,2026-05-28 09:00:00,2026-05-28 12:00:00,9.94,4.25,7,82.95,True,DELIVERED
D01097,VAN-01,DEPOT-B,East Zone 1,2026-06-11 17:49:00,2026-06-11 18:04:20.185836990,2026-06-11 09:00:00,2026-06-11 19:00:00,5.7,9.91,9,81.94,True,DELIVERED
D01098,VAN-41,DEPOT-C,West Zone 1,2026-06-28 07:03:00,2026-06-28 07:50:01.759006540,2026-06-28 09:00:00,2026-06-28 09:00:00,13.22,7.72,6,107.21,True,DELIVERED
D01099,VAN-22,DEPOT-B,North Zone 2,2026-05-18 16:13:00,2026-05-18 16:44:09.547913584,2026-05-18 09:00:00,2026-05-18 18:00:00,12.36,2.68,9,90.26,True,DELIVERED
D01100,VAN-52,DEPOT-B,West Zone 1,2026-06-02 09:53:00,2026-06-02 10:47:20.638548520,2026-06-02 09:00:00,2026-06-02 11:00:00,11.3,4.11,3,87.41,True,DELIVERED
D01101,VAN-09,DEPOT-A,East Zone 1,2026-06-07 14:55:00,2026-06-07 15:22:32.697547858,2026-06-07 09:00:00,2026-06-07 16:00:00,11.54,8.19,5,95.43,True,DELIVERED
D01102,VAN-07,DEPOT-A,North Zone 2,2026-07-01 12:43:00,2026-07-01 13:00:06.452406422,2026-07-01 09:00:00,2026-07-01 14:00:00,6.39,2.09,8,71.49,True,DELIVERED
D01103,VAN-13,DEPOT-B,South Zone 2,2026-06-21 10:12:00,2026-06-21 10:51:44.762308632,2026-06-21 09:00:00,2026-06-21 12:00:00,9.89,10.79,6,87.89,True,DELIVERED
D01104,VAN-29,DEPOT-C,North Zone 2,2026-05-16 08:43:00,2026-05-16 09:07:47.255676973,2026-05-16 09:00:00,2026-05-16 10:00:00,10.24,4.66,9,83.78,True,DELIVERED
D01105,VAN-33,DEPOT-B,West Zone 1,2026-05-21 07:01:00,2026-05-21 07:59:58.161861468,2026-05-21 09:00:00,2026-05-21 09:00:00,14.15,4.98,6,101.66,True,DELIVERED
D01106,VAN-30,DEPOT-C,East Zone 1,2026-05-20 17:48:00,2026-05-20 18:12:35.648036072,2026-05-20 09:00:00,2026-05-20 19:00:00,8.28,1.88,7,73.63,True,DELIVERED
D01107,VAN-30,DEPOT-C,North Zone 2,2026-05-12 16:52:00,2026-05-12 17:17:18.465687616,2026-05-12 09:00:00,2026-05-12 18:00:00,6.58,2.97,8,59.14,True,DELIVERED
D01108,VAN-34,DEPOT-B,North Zone 1,2026-05-16 18:49:00,2026-05-16 18:55:39.176274975,2026-05-16 09:00:00,2026-05-16 20:00:00,2.81,0.88,8,58.19,True,DELIVERED
D01109,VAN-35,DEPOT-B,South Zone 1,2026-07-02 08:32:00,2026-07-02 08:36:00.000000000,2026-07-02 09:00:00,2026-07-02 10:00:00,5.93,1.43,6,70.95,False,REDELIVERY_REQUIRED
D01110,VAN-02,DEPOT-B,South Zone 1,2026-06-07 13:43:00,2026-06-07 13:54:21.505546981,2026-06-07 09:00:00,2026-06-07 15:00:00,7.78,2.64,5,77.28,True,DELIVERED
D01111,VAN-58,DEPOT-B,South Zone 2,2026-05-20 15:13:00,2026-05-20 15:45:03.617136264,2026-05-20 09:00:00,2026-05-20 17:00:00,8.0,8.35,5,86.82,True,DELIVERED
D01112,VAN-30,DEPOT-A,South Zone 2,2026-05-24 07:11:00,2026-05-24 07:57:22.689196662,2026-05-24 09:00:00,2026-05-24 09:00:00,14.3,2.86,4,97.19,True,DELIVERED
D01113,VAN-59,DEPOT-C,South Zone 2,2026-06-06 14:25:00,2026-06-06 14:55:19.931147617,2026-06-06 09:00:00,2026-06-06 16:00:00,11.24,3.44,9,77.82,True,DELIVERED
D01114,VAN-23,DEPOT-C,North Zone 1,2026-05-14 09:46:00,2026-05-14 10:02:06.523865097,2026-05-14 09:00:00,2026-05-14 11:00:00,5.09,1.46,3,64.26,True,DELIVERED
D01115,VAN-47,DEPOT-C,North Zone 1,2026-06-24 15:15:00,2026-06-24 15:21:47.616926951,2026-06-24 09:00:00,2026-06-24 17:00:00,1.74,4.45,10,61.81,True,DELIVERED
D01116,VAN-14,DEPOT-C,North Zone 2,2026-06-01 11:24:00,2026-06-01 11:46:22.011485450,2026-06-01 09:00:00,2026-06-01 13:00:00,6.01,9.24,6,80.19,True,DELIVERED
D01117,VAN-23,DEPOT-B,North Zone 2,2026-06-30 08:20:00,2026-06-30 08:44:29.112063299,2026-06-30 09:00:00,2026-06-30 10:00:00,10.26,3.41,9,84.39,True,DELIVERED
D01118,VAN-56,DEPOT-C,South Zone 1,2026-07-06 18:25:00,2026-07-06 18:34:43.856901451,2026-07-06 09:00:00,2026-07-06 20:00:00,4.73,4.82,11,60.94,True,DELIVERED
D01119,VAN-04,DEPOT-A,South Zone 1,2026-06-26 14:38:00,2026-06-26 14:42:16.868242453,2026-06-26 09:00:00,2026-06-26 16:00:00,3.62,4.74,2,71.42,True,DELIVERED
D01120,VAN-15,DEPOT-C,West Zone 1,2026-05-13 09:04:00,2026-05-13 10:12:40.981406906,2026-05-13 09:00:00,2026-05-13 11:00:00,13.5,0.77,9,97.45,True,DELIVERED
D01121,VAN-42,DEPOT-C,North Zone 1,2026-06-04 07:03:00,2026-06-04 07:18:04.861661487,2026-06-04 09:00:00,2026-06-04 09:00:00,4.62,1.68,11,66.22,True,DELIVERED
D01122,VAN-13,DEPOT-B,South Zone 1,2026-05-20 18:54:00,2026-05-20 19:07:35.462926568,2026-05-20 09:00:00,2026-05-20 20:00:00,6.99,4.82,8,80.12,True,DELIVERED
D01123,VAN-12,DEPOT-C,South Zone 2,2026-06-08 14:55:00,2026-06-08 15:31:18.302145013,2026-06-08 09:00:00,2026-06-08 16:00:00,12.51,2.45,7,80.94,True,DELIVERED
D01124,VAN-45,DEPOT-B,South Zone 2,2026-06-23 10:10:00,2026-06-23 10:50:36.499075625,2026-06-23 09:00:00,2026-06-23 12:00:00,11.55,3.84,8,92.22,True,DELIVERED
D01125,VAN-10,DEPOT-C,East Zone 1,2026-07-10 14:41:00,2026-07-10 14:59:17.065890385,2026-07-10 09:00:00,2026-07-10 16:00:00,9.3,7.79,8,80.3,True,DELIVERED
D01126,VAN-06,DEPOT-A,North Zone 1,2026-06-02 07:23:00,2026-06-02 07:33:11.635838791,2026-06-02 09:00:00,2026-06-02 09:00:00,4.97,3.51,10,62.6,True,DELIVERED
D01127,VAN-42,DEPOT-C,North Zone 2,2026-05-29 18:42:00,2026-05-29 18:52:14.004853949,2026-05-29 09:00:00,2026-05-29 20:00:00,7.08,3.72,8,78.79,True,DELIVERED
D01128,VAN-59,DEPOT-B,South Zone 2,2026-05-16 11:18:00,2026-05-16 11:56:21.065682580,2026-05-16 09:00:00,2026-05-16 13:00:00,13.88,1.95,11,94.52,True,DELIVERED
D01129,VAN-30,DEPOT-C,East Zone 1,2026-05-25 07:44:00,2026-05-25 08:16:05.645933126,2026-05-25 09:00:00,2026-05-25 09:00:00,12.02,5.86,5,103.9,True,DELIVERED
D01130,VAN-03,DEPOT-C,North Zone 1,2026-06-28 09:44:00,2026-06-28 10:00:04.307034525,2026-06-28 09:00:00,2026-06-28 11:00:00,5.96,4.67,2,62.39,True,DELIVERED
D01131,VAN-07,DEPOT-B,North Zone 2,2026-06-01 18:18:00,2026-06-01 18:44:29.640156303,2026-06-01 09:00:00,2026-06-01 20:00:00,8.81,,7,80.56,True,DELIVERED
D01132,VAN-59,DEPOT-C,North Zone 1,2026-05-06 12:03:00,2026-05-06 12:20:01.584000491,2026-05-06 09:00:00,2026-05-06 14:00:00,8.97,6.57,3,78.93,True,DELIVERED
D01133,VAN-12,DEPOT-C,South Zone 1,2026-05-08 09:01:00,2026-05-08 09:06:20.953298940,2026-05-08 09:00:00,2026-05-08 11:00:00,4.02,2.56,9,63.94,True,DELIVERED
D01134,VAN-14,DEPOT-B,West Zone 1,2026-05-07 16:21:00,2026-05-07 17:14:45.559810255,2026-05-07 09:00:00,2026-05-07 18:00:00,13.71,2.29,8,98.28,False,REDELIVERY_REQUIRED
D01135,VAN-34,DEPOT-B,East Zone 1,2026-06-05 14:10:00,2026-06-05 14:23:50.406987433,2026-06-05 09:00:00,2026-06-05 16:00:00,7.61,1.86,5,69.57,True,DELIVERED
D01136,VAN-25,DEPOT-B,North Zone 2,2026-06-10 18:18:00,2026-06-10 18:54:55.792046642,2026-06-10 09:00:00,2026-06-10 20:00:00,11.0,3.68,8,81.65,True,DELIVERED
D01137,VAN-52,DEPOT-C,West Zone 1,2026-05-20 12:17:00,2026-05-20 13:23:58.816093492,2026-05-20 09:00:00,2026-05-20 14:00:00,13.23,6.58,7,92.22,False,REDELIVERY_REQUIRED
D01138,VAN-22,DEPOT-C,South Zone 1,2026-06-06 08:21:00,2026-06-06 08:32:47.728151369,2026-06-06 09:00:00,2026-06-06 10:00:00,4.34,10.97,6,73.6,True,DELIVERED
D01139,VAN-10,DEPOT-C,East Zone 1,2026-06-24 08:36:00,2026-06-24 08:53:54.132635778,2026-06-24 09:00:00,2026-06-24 10:00:00,7.1,0.5,4,74.41,False,REDELIVERY_REQUIRED
D01140,VAN-16,DEPOT-C,East Zone 1,2026-05-28 17:00:00,2026-05-28 17:17:33.673704618,2026-05-28 09:00:00,2026-05-28 19:00:00,8.23,7.9,7,83.01,True,DELIVERED
D01141,VAN-28,DEPOT-C,South Zone 1,2026-05-22 14:28:00,2026-05-22 14:42:51.069052574,2026-05-22 09:00:00,2026-05-22 16:00:00,8.04,5.43,9,83.59,True,DELIVERED
D01142,VAN-13,DEPOT-B,North Zone 2,2026-06-12 14:26:00,2026-06-12 14:54:07.282090478,2026-06-12 09:00:00,2026-06-12 16:00:00,11.28,4.48,5,85.31,True,DELIVERED
D01143,VAN-39,DEPOT-A,South Zone 2,2026-07-12 11:31:00,2026-07-12 12:18:46.033173905,2026-07-12 09:00:00,2026-07-12 13:00:00,12.96,1.95,6,84.49,True,DELIVERED
D01144,VAN-58,DEPOT-C,North Zone 1,2026-05-09 09:18:00,2026-05-09 09:22:00.000000000,2026-05-09 09:00:00,2026-05-09 11:00:00,3.35,2.78,6,66.64,True,DELIVERED
D01145,VAN-56,DEPOT-B,North Zone 2,2026-06-06 18:27:00,2026-06-06 18:44:07.283186611,2026-06-06 09:00:00,2026-06-06 20:00:00,8.61,0.59,3,86.13,True,DELIVERED
D01146,VAN-06,DEPOT-C,West Zone 1,2026-05-11 10:37:00,2026-05-11 11:38:13.383238658,2026-05-11 09:00:00,2026-05-11 12:00:00,14.81,4.15,6,96.34,True,DELIVERED
D01147,VAN-60,DEPOT-A,North Zone 2,2026-05-10 15:56:00,2026-05-10 16:28:35.260295585,2026-05-10 09:00:00,2026-05-10 17:00:00,11.9,3.11,9,84.03,True,DELIVERED
D01148,VAN-28,DEPOT-A,East Zone 1,2026-06-12 13:49:00,2026-06-12 14:06:48.377587446,2026-06-12 09:00:00,2026-06-12 15:00:00,10.53,5.68,11,90.67,True,DELIVERED
D01149,VAN-32,DEPOT-B,North Zone 1,2026-06-05 12:46:00,2026-06-05 12:53:17.968813617,2026-06-05 09:00:00,2026-06-05 14:00:00,4.14,,11,75.76,True,DELIVERED
D01150,VAN-05,DEPOT-C,South Zone 1,2026-06-20 18:47:00,2026-06-20 18:55:39.126158612,2026-06-20 09:00:00,2026-06-20 20:00:00,9.73,1.25,4,76.56,True,DELIVERED
D01151,VAN-33,DEPOT-A,North Zone 1,2026-05-10 14:38:00,2026-05-10 14:46:12.481861798,2026-05-10 09:00:00,2026-05-10 16:00:00,5.02,8.75,9,77.27,True,DELIVERED
D01152,VAN-18,DEPOT-A,South Zone 2,2026-05-31 16:45:00,2026-05-31 17:22:30.109949474,2026-05-31 09:00:00,2026-05-31 18:00:00,13.51,2.71,5,91.88,True,DELIVERED
D01153,VAN-44,DEPOT-C,North Zone 1,2026-06-17 10:01:00,2026-06-17 10:24:18.703803495,2026-06-17 09:00:00,2026-06-17 12:00:00,8.4,7.64,6,75.54,True,DELIVERED
D01154,VAN-32,DEPOT-B,West Zone 1,2026-06-10 07:49:00,2026-06-10 08:51:00.282838844,2026-06-10 09:00:00,2026-06-10 09:00:00,13.4,5.48,9,92.23,True,DELIVERED
D01155,VAN-15,DEPOT-A,East Zone 1,2026-06-24 18:18:00,2026-06-24 18:43:26.947429722,2026-06-24 09:00:00,2026-06-24 20:00:00,7.75,9.67,11,90.53,True,DELIVERED
D01156,VAN-57,DEPOT-B,South Zone 1,2026-06-27 09:13:00,2026-06-27 09:27:22.388679512,2026-06-27 09:00:00,2026-06-27 11:00:00,9.42,6.21,3,82.44,True,DELIVERED
D01157,VAN-07,DEPOT-C,East Zone 1,2026-05-20 12:03:00,2026-05-20 12:31:03.560668493,2026-05-20 09:00:00,2026-05-20 14:00:00,9.96,1.26,7,80.48,True,DELIVERED
D01158,VAN-12,DEPOT-A,South Zone 2,2026-07-08 17:35:00,2026-07-08 18:27:47.044677152,2026-07-08 09:00:00,2026-07-08 19:00:00,13.9,2.77,3,96.39,True,DELIVERED
D01159,VAN-42,DEPOT-C,South Zone 2,2026-06-30 09:00:00,2026-06-30 09:33:00.601511009,2026-06-30 09:00:00,2026-06-30 11:00:00,8.8,8.81,7,89.18,True,DELIVERED
D01160,VAN-20,DEPOT-C,South Zone 1,2026-06-29 07:34:00,2026-06-29 07:38:01.984441387,2026-06-29 09:00:00,2026-06-29 09:00:00,3.25,2.19,7,62.36,True,DELIVERED
D01161,VAN-17,DEPOT-B,North Zone 2,2026-05-20 17:52:00,2026-05-20 18:06:21.945354777,2026-05-20 09:00:00,2026-05-20 19:00:00,5.14,8.17,7,77.77,True,DELIVERED
D01162,VAN-60,DEPOT-C,North Zone 1,2026-06-11 17:56:00,2026-06-11 18:08:18.417643567,2026-06-11 09:00:00,2026-06-11 19:00:00,5.18,2.81,3,63.54,True,DELIVERED
D01163,VAN-31,DEPOT-B,West Zone 1,2026-06-19 18:01:00,2026-06-19 18:54:37.474305803,2026-06-19 09:00:00,2026-06-19 20:00:00,14.46,0.58,5,89.9,True,DELIVERED
D01164,VAN-27,DEPOT-B,South Zone 2,2026-06-29 15:16:00,2026-06-29 22:16:00.000000000,2026-06-29 09:00:00,2026-06-29 17:00:00,11.25,2.28,7,86.09,True,DELIVERED
D01165,VAN-40,DEPOT-C,South Zone 1,2026-06-04 08:02:00,2026-06-04 08:13:03.415611841,2026-06-04 09:00:00,2026-06-04 10:00:00,3.29,3.9,7,73.39,True,DELIVERED
D01166,VAN-24,DEPOT-A,West Zone 1,2026-05-19 12:29:00,2026-05-19 13:27:01.889329738,2026-05-19 09:00:00,2026-05-19 14:00:00,12.74,2.07,4,81.62,True,DELIVERED
D01167,VAN-07,DEPOT-A,East Zone 1,2026-06-26 13:01:00,2026-06-26 13:19:52.836067147,2026-06-26 09:00:00,2026-06-26 15:00:00,10.56,2.16,5,91.08,True,DELIVERED
D01168,VAN-25,DEPOT-A,West Zone 1,2026-05-10 07:38:00,2026-05-10 08:42:04.386850176,2026-05-10 09:00:00,2026-05-10 09:00:00,16.17,3.06,4,107.56,True,DELIVERED
D01169,VAN-39,DEPOT-C,North Zone 1,2026-07-04 16:40:00,2026-07-04 16:55:57.775144627,2026-07-04 09:00:00,2026-07-04 18:00:00,11.09,5.74,6,95.83,True,DELIVERED
D01170,VAN-14,DEPOT-A,South Zone 2,2026-05-16 15:03:00,2026-05-16 15:32:41.735576156,2026-05-16 09:00:00,2026-05-16 17:00:00,9.35,8.07,12,96.59,False,REDELIVERY_REQUIRED
D01171,VAN-07,DEPOT-A,West Zone 1,2026-05-28 11:25:00,2026-05-28 12:27:48.800065800,2026-05-28 09:00:00,2026-05-28 13:00:00,14.74,3.7,9,90.77,True,DELIVERED
D01172,VAN-48,DEPOT-B,South Zone 1,2026-06-17 07:50:00,2026-06-17 08:09:43.795705644,2026-06-17 09:00:00,2026-06-17 09:00:00,6.21,5.54,10,73.43,False,REDELIVERY_REQUIRED
D01173,VAN-49,DEPOT-A,North Zone 1,2026-06-21 17:25:00,2026-06-21 17:29:00.000000000,2026-06-21 09:00:00,2026-06-21 19:00:00,4.35,2.06,10,56.82,True,DELIVERED
D01174,VAN-25,DEPOT-A,South Zone 2,2026-06-29 10:42:00,2026-06-29 11:24:21.051740128,2026-06-29 09:00:00,2026-06-29 12:00:00,11.36,8.82,4,99.99,True,DELIVERED
D01175,VAN-27,DEPOT-C,East Zone 1,2026-06-23 16:32:00,2026-06-23 16:47:11.353765183,2026-06-23 09:00:00,2026-06-23 18:00:00,4.79,5.69,9,73.68,True,DELIVERED
D01176,VAN-10,DEPOT-B,South Zone 2,2026-05-08 14:36:00,2026-05-08 15:03:30.585799531,2026-05-08 09:00:00,2026-05-08 16:00:00,12.46,4.42,11,98.61,True,DELIVERED
D01177,VAN-27,DEPOT-C,North Zone 1,2026-05-09 16:20:00,2026-05-09 16:24:00.000000000,2026-05-09 09:00:00,2026-05-09 18:00:00,0.5,4.0,4,56.31,True,DELIVERED
D01178,VAN-48,DEPOT-A,East Zone 1,2026-05-17 15:11:00,2026-05-17 15:35:11.488590402,2026-05-17 09:00:00,2026-05-17 17:00:00,9.8,0.56,10,62.19,True,DELIVERED
D01179,VAN-29,DEPOT-B,North Zone 2,2026-05-26 11:34:00,2026-05-26 12:06:06.371969646,2026-05-26 09:00:00,2026-05-26 13:00:00,9.4,1.13,9,78.15,True,DELIVERED
D01180,VAN-01,DEPOT-A,South Zone 2,2026-05-14 07:09:00,2026-05-14 07:49:48.369697008,2026-05-14 09:00:00,2026-05-14 09:00:00,12.53,3.21,5,79.29,True,DELIVERED
D01181,VAN-02,DEPOT-A,East Zone 1,2026-05-14 13:52:00,2026-05-14 14:15:54.115341940,2026-05-14 09:00:00,2026-05-14 15:00:00,9.51,0.97,1,81.6,True,DELIVERED
D01182,VAN-51,DEPOT-A,East Zone 1,2026-05-28 17:30:00,2026-05-28 17:48:16.067354040,2026-05-28 09:00:00,2026-05-28 19:00:00,8.45,4.7,8,70.82,True,DELIVERED
D01183,VAN-01,DEPOT-A,North Zone 1,2026-06-12 14:46:00,2026-06-12 14:50:49.323843119,2026-06-12 09:00:00,2026-06-12 16:00:00,5.04,3.78,6,81.1,True,DELIVERED
D01184,VAN-24,DEPOT-C,West Zone 1,2026-05-19 09:51:00,2026-05-19 10:36:41.433278345,2026-05-19 09:00:00,2026-05-19 11:00:00,10.62,3.0,4,91.41,True,DELIVERED
D01185,VAN-55,DEPOT-B,West Zone 1,2026-06-23 11:49:00,2026-06-23 12:40:40.460128494,2026-06-23 09:00:00,2026-06-23 13:00:00,11.06,3.4,10,79.89,True,DELIVERED
D01186,VAN-51,DEPOT-C,East Zone 1,2026-05-15 16:36:00,2026-05-15 16:50:50.083877597,2026-05-15 09:00:00,2026-05-15 18:00:00,7.1,3.75,8,78.85,True,DELIVERED
D01187,VAN-50,DEPOT-A,East Zone 1,2026-07-05 17:30:00,2026-07-05 17:40:52.385570541,2026-07-05 09:00:00,2026-07-05 19:00:00,6.03,1.83,2,72.16,True,DELIVERED
D01188,VAN-04,DEPOT-B,West Zone 1,2026-05-30 16:34:00,2026-05-30 17:14:02.721797250,2026-05-30 09:00:00,2026-05-30 18:00:00,10.42,8.33,8,87.16,True,DELIVERED
D01189,VAN-13,DEPOT-A,South Zone 2,2026-06-05 07:29:00,2026-06-05 08:11:03.472434975,2026-06-05 09:00:00,2026-06-05 09:00:00,13.42,2.83,5,95.74,True,DELIVERED
D01190,VAN-21,DEPOT-A,South Zone 1,2026-05-12 07:21:00,2026-05-12 07:25:00.000000000,2026-05-12 09:00:00,2026-05-12 09:00:00,4.65,1.8,8,63.01,True,DELIVERED
D01191,VAN-04,DEPOT-C,West Zone 1,2026-05-23 14:15:00,2026-05-23 15:08:29.257667601,2026-05-23 09:00:00,2026-05-23 16:00:00,14.99,1.29,8,98.48,True,DELIVERED
D01192,VAN-19,DEPOT-C,West Zone 1,2026-06-21 11:52:00,2026-06-21 12:50:53.466636106,2026-06-21 09:00:00,2026-06-21 13:00:00,16.1,6.64,9,101.1,True,DELIVERED
D01193,VAN-40,DEPOT-B,West Zone 1,2026-05-23 16:06:00,2026-05-23 16:49:20.216043881,2026-05-23 09:00:00,2026-05-23 18:00:00,11.12,4.45,10,88.93,True,DELIVERED
D01194,VAN-37,DEPOT-C,East Zone 1,2026-06-12 07:12:00,2026-06-12 07:16:59.832166126,2026-06-12 09:00:00,2026-06-12 09:00:00,2.31,3.02,11,47.38,True,DELIVERED
D01195,VAN-54,DEPOT-B,North Zone 1,2026-06-10 13:18:00,2026-06-10 13:31:32.470667712,2026-06-10 09:00:00,2026-06-10 15:00:00,5.91,1.99,13,58.6,False,REDELIVERY_REQUIRED
D01196,VAN-57,DEPOT-B,North Zone 1,2026-06-15 10:18:00,2026-06-15 10:33:12.430463954,2026-06-15 09:00:00,2026-06-15 12:00:00,8.33,0.39,7,66.48,True,DELIVERED
D01197,VAN-26,DEPOT-B,East Zone 1,2026-06-16 17:42:00,2026-06-16 17:53:56.978834643,2026-06-16 09:00:00,2026-06-16 19:00:00,5.4,4.85,3,59.47,True,DELIVERED
D01198,VAN-52,DEPOT-B,North Zone 1,2026-05-21 08:34:00,2026-05-21 08:52:51.476230413,2026-05-21 09:00:00,2026-05-21 10:00:00,6.89,3.4,8,69.09,True,DELIVERED
D01199,VAN-14,DEPOT-B,North Zone 2,2026-06-13 17:01:00,2026-06-13 17:24:27.542431214,2026-06-13 09:00:00,2026-06-13 19:00:00,12.14,11.96,2,106.99,True,DELIVERED
D01200,VAN-15,DEPOT-A,N. Zone 1,2026-06-13 14:27:00,2026-06-13 14:46:26.541281731,2026-06-13 09:00:00,2026-06-13 16:00:00,10.53,1.88,6,95.38,True,DELIVERED
D01201,VAN-09,DEPOT-C,South Zone 2,2026-05-15 17:16:00,2026-05-15 17:52:32.509122041,2026-05-15 09:00:00,2026-05-15 19:00:00,12.37,3.84,10,100.94,True,DELIVERED
D01202,VAN-13,DEPOT-A,South Zone 2,2026-06-16 07:26:00,2026-06-16 08:20:06.782751806,2026-06-16 09:00:00,2026-06-16 09:00:00,14.09,2.07,7,96.81,False,REDELIVERY_REQUIRED
D01203,VAN-31,DEPOT-C,North Zone 1,2026-07-12 07:43:00,2026-07-12 07:53:42.828474445,2026-07-12 09:00:00,2026-07-12 09:00:00,6.89,2.79,11,76.31,False,REDELIVERY_REQUIRED
D01204,VAN-14,DEPOT-B,East Zone 1,2026-06-29 11:13:00,2026-06-29 11:38:33.080804901,2026-06-29 09:00:00,2026-06-29 13:00:00,8.97,4.78,2,83.71,True,DELIVERED
D01205,VAN-57,DEPOT-C,East Zone 1,2026-07-02 15:57:00,2026-07-02 16:19:17.776698081,2026-07-02 09:00:00,2026-07-02 17:00:00,12.05,1.1,13,89.07,False,REDELIVERY_REQUIRED
D01206,VAN-01,DEPOT-C,North Zone 1,2026-06-02 15:44:00,2026-06-02 15:57:08.566795109,2026-06-02 09:00:00,2026-06-02 17:00:00,5.73,2.8,5,73.05,True,DELIVERED
D01207,VAN-25,DEPOT-A,South Zone 2,2026-06-02 07:05:00,2026-06-02 08:04:41.013811362,2026-06-02 09:00:00,2026-06-02 09:00:00,14.93,4.23,10,108.44,True,DELIVERED
D01208,VAN-16,DEPOT-A,South Zone 2,2026-06-20 07:28:00,2026-06-20 08:00:30.613733200,2026-06-20 09:00:00,2026-06-20 09:00:00,13.59,1.89,10,89.3,True,DELIVERED
D01209,VAN-27,DEPOT-B,East Zone 1,2026-07-03 11:45:00,2026-07-03 11:49:00.000000000,2026-07-03 09:00:00,2026-07-03 13:00:00,7.17,9.07,3,85.71,True,DELIVERED
D01210,VAN-17,DEPOT-A,West Zone 1,2026-05-22 07:15:00,2026-05-22 08:08:32.387051526,2026-05-22 09:00:00,2026-05-22 09:00:00,16.32,,9,88.74,True,DELIVERED
D01211,VAN-16,DEPOT-B,South Zone 1,2026-05-11 15:58:00,2026-05-11 16:16:37.060558790,2026-05-11 09:00:00,2026-05-11 17:00:00,7.04,1.57,5,80.69,True,DELIVERED
D01212,VAN-40,DEPOT-B,North Zone 1,2026-05-21 16:28:00,2026-05-21 16:40:05.856085215,2026-05-21 09:00:00,2026-05-21 18:00:00,7.35,0.74,9,71.65,True,DELIVERED
D01213,VAN-48,DEPOT-A,North Zone 2,2026-05-08 07:50:00,2026-05-08 08:17:42.522949850,2026-05-08 09:00:00,2026-05-08 09:00:00,11.13,4.5,10,93.21,True,DELIVERED
D01214,VAN-08,DEPOT-C,East Zone 1,2026-05-21 17:00:00,2026-05-21 17:19:47.105136090,2026-05-21 09:00:00,2026-05-21 19:00:00,8.95,6.32,6,74.88,True,DELIVERED
D01215,VAN-35,DEPOT-B,South Zone 1,2026-05-22 11:48:00,2026-05-22 11:58:22.963898312,2026-05-22 09:00:00,2026-05-22 13:00:00,2.82,6.14,5,71.64,True,DELIVERED
D01216,VAN-57,DEPOT-C,North Zone 1,2026-05-15 17:52:00,2026-05-15 17:57:25.271328148,2026-05-15 09:00:00,2026-05-15 19:00:00,3.48,1.02,5,51.28,False,REDELIVERY_REQUIRED
D01217,VAN-09,DEPOT-A,South Zone 1,2026-06-29 13:01:00,2026-06-29 13:05:00.000000000,2026-06-29 09:00:00,2026-06-29 15:00:00,3.25,3.08,12,65.07,True,DELIVERED
D01218,VAN-32,DEPOT-A,East Zone 1,2026-05-24 07:12:00,2026-05-24 07:30:28.944398949,2026-05-24 09:00:00,2026-05-24 09:00:00,6.93,2.5,6,84.67,True,DELIVERED
D01219,VAN-30,DEPOT-C,West Zone 1,2026-06-11 18:51:00,2026-06-11 20:06:10.997259590,2026-06-11 09:00:00,2026-06-11 20:00:00,17.13,4.88,9,110.18,True,DELIVERED
D01220,VAN-36,DEPOT-C,North Zone 1,2026-06-07 13:20:00,2026-06-07 13:40:26.054334507,2026-06-07 09:00:00,2026-06-07 15:00:00,9.61,3.21,7,80.83,True,DELIVERED
D01221,VAN-14,DEPOT-C,North Zone 2,2026-05-27 12:46:00,2026-05-27 13:29:58.506167225,2026-05-27 09:00:00,2026-05-27 14:00:00,10.91,6.09,10,88.06,True,DELIVERED
D01222,VAN-57,DEPOT-B,South Zone 2,2026-05-26 09:25:00,2026-05-26 10:13:06.513552391,2026-05-26 09:00:00,2026-05-26 11:00:00,12.1,2.26,7,91.38,True,DELIVERED
D01223,VAN-52,DEPOT-C,West Zone 1,2026-06-04 12:12:00,2026-06-04 13:20:56.430723994,2026-06-04 09:00:00,2026-06-04 14:00:00,15.84,2.41,3,101.56,True,DELIVERED
D01224,VAN-52,DEPOT-B,South Zone 2,2026-05-15 15:36:00,2026-05-15 16:25:26.318618095,2026-05-15 09:00:00,2026-05-15 17:00:00,15.02,4.08,6,93.93,True,DELIVERED
D01225,VAN-48,DEPOT-C,North Zone 2,2026-06-17 16:55:00,2026-06-17 17:34:32.418134563,2026-06-17 09:00:00,2026-06-17 18:00:00,12.51,3.92,3,100.94,True,DELIVERED
D01226,VAN-18,DEPOT-A,South Zone 2,2026-06-17 13:03:00,2026-06-17 13:55:58.701834868,2026-06-17 09:00:00,2026-06-17 15:00:00,12.9,0.91,2,74.93,True,DELIVERED
D01227,VAN-02,DEPOT-A,South Zone 2,2026-05-22 14:49:00,2026-05-22 15:35:45.818919500,2026-05-22 09:00:00,2026-05-22 16:00:00,12.94,4.72,8,85.64,True,DELIVERED
D01228,VAN-28,DEPOT-B,South Zone 2,2026-05-26 12:57:00,2026-05-26 13:40:54.688431757,2026-05-26 09:00:00,2026-05-26 14:00:00,12.18,2.96,6,80.06,True,DELIVERED
D01229,VAN-02,DEPOT-C,South Zone 1,2026-05-30 07:16:00,2026-05-30 07:25:26.892852403,2026-05-30 09:00:00,2026-05-30 09:00:00,5.07,4.74,8,73.66,True,DELIVERED
D01230,VAN-26,DEPOT-A,East Zone 1,2026-06-02 11:53:00,2026-06-02 12:02:47.756672339,2026-06-02 09:00:00,2026-06-02 13:00:00,2.22,4.85,5,63.52,True,DELIVERED
D01231,VAN-60,DEPOT-A,South Zone 1,2026-05-10 18:10:00,2026-05-10 18:17:52.016494132,2026-05-10 09:00:00,2026-05-10 20:00:00,7.21,6.17,7,82.9,True,DELIVERED
D01232,VAN-03,DEPOT-B,North Zone 1,2026-07-02 09:10:00,2026-07-02 09:33:00.370394095,2026-07-02 09:00:00,2026-07-02 11:00:00,9.45,1.27,7,80.27,True,DELIVERED
D01233,VAN-11,DEPOT-B,East Zone 1,2026-05-31 15:58:00,2026-05-31 16:19:03.474179218,2026-05-31 09:00:00,2026-05-31 17:00:00,8.29,1.45,7,79.77,True,DELIVERED
D01234,VAN-18,DEPOT-C,North Zone 1,2026-07-11 10:11:00,2026-07-11 17:11:00.000000000,2026-07-11 09:00:00,2026-07-11 12:00:00,6.38,3.55,12,74.45,True,DELIVERED
D01235,VAN-36,DEPOT-C,South Zone 2,2026-06-23 14:38:00,2026-06-23 15:43:03.795832780,2026-06-23 09:00:00,2026-06-23 16:00:00,17.0,14.48,6,125.07,True,DELIVERED
D01236,VAN-46,DEPOT-A,South Zone 2,2026-07-03 16:29:00,2026-07-03 16:44:11.703411425,2026-07-03 09:00:00,2026-07-03 18:00:00,6.6,2.5,8,70.06,True,DELIVERED
D01237,VAN-37,DEPOT-A,East Zone 1,2026-05-25 10:01:00,2026-05-25 10:32:00.402038109,2026-05-25 09:00:00,2026-05-25 12:00:00,11.55,1.07,10,86.08,False,REDELIVERY_REQUIRED
D01238,VAN-20,DEPOT-C,West Zone 1,2026-05-26 10:23:00,2026-05-26 11:09:13.042627556,2026-05-26 09:00:00,2026-05-26 12:00:00,11.03,3.67,5,81.69,True,DELIVERED
D01239,VAN-27,DEPOT-B,South Zone 2,2026-05-19 07:49:00,2026-05-19 08:31:05.473183208,2026-05-19 09:00:00,2026-05-19 09:00:00,11.48,4.4,5,99.88,True,DELIVERED
D01240,VAN-39,DEPOT-B,West Zone 1,2026-06-17 18:58:00,2026-06-17 19:34:07.187547423,2026-06-17 09:00:00,2026-06-17 20:00:00,8.03,5.62,9,77.79,False,REDELIVERY_REQUIRED
D01241,VAN-03,DEPOT-A,South Zone 2,2026-06-20 15:03:00,2026-06-20 15:46:17.982221020,2026-06-20 09:00:00,2026-06-20 17:00:00,14.6,0.81,7,98.03,True,DELIVERED
D01242,VAN-59,DEPOT-A,North Zone 1,2026-07-11 15:57:00,2026-07-11 16:14:43.630950004,2026-07-11 09:00:00,2026-07-11 17:00:00,8.98,2.31,10,82.58,True,DELIVERED
D01243,VAN-08,DEPOT-B,West Zone 1,2026-06-09 15:41:00,2026-06-09 16:43:30.465648364,2026-06-09 09:00:00,2026-06-09 17:00:00,13.51,5.0,7,89.32,True,DELIVERED
D01244,VAN-44,DEPOT-B,East Zone 1,2026-07-02 09:40:00,2026-07-02 09:53:17.160304292,2026-07-02 09:00:00,2026-07-02 11:00:00,8.55,2.41,7,84.58,True,DELIVERED
D01245,VAN-60,DEPOT-C,North Zone 2,2026-05-05 07:13:00,2026-05-05 07:33:33.260035313,2026-05-05 09:00:00,2026-05-05 09:00:00,5.89,7.49,6,68.51,True,DELIVERED
D01246,VAN-48,DEPOT-B,East Zone 1,2026-05-23 17:10:00,2026-05-23 17:25:56.408100216,2026-05-23 09:00:00,2026-05-23 19:00:00,7.92,3.49,7,71.85,True,DELIVERED
D01247,VAN-07,DEPOT-C,West Zone 1,2026-06-15 15:50:00,2026-06-15 16:51:39.457460591,2026-06-15 09:00:00,2026-06-15 17:00:00,14.77,3.4,5,96.66,True,DELIVERED
D01248,VAN-58,DEPOT-C,South Zone 2,2026-07-11 13:49:00,2026-07-11 14:30:30.169621404,2026-07-11 09:00:00,2026-07-11 15:00:00,14.09,2.33,6,88.74,True,DELIVERED
D01249,VAN-23,DEPOT-B,North Zone 2,2026-05-20 13:38:00,2026-05-20 14:12:31.940362912,2026-05-20 09:00:00,2026-05-20 15:00:00,10.23,9.32,8,94.95,True,DELIVERED
D01250,VAN-54,DEPOT-A,North Zone 1,2026-05-05 07:10:00,2026-05-05 07:25:12.281374712,2026-05-05 09:00:00,2026-05-05 09:00:00,7.98,2.57,8,71.23,True,DELIVERED
D01251,VAN-29,DEPOT-C,West Zone 1,2026-07-06 17:22:00,2026-07-06 18:07:20.956636323,2026-07-06 09:00:00,2026-07-06 19:00:00,10.91,6.26,4,98.94,True,DELIVERED
D01252,VAN-51,DEPOT-B,North Zone 2,2026-06-20 17:45:00,2026-06-20 18:21:30.770651041,2026-06-20 09:00:00,2026-06-20 19:00:00,13.16,1.58,7,90.74,False,REDELIVERY_REQUIRED
D01253,VAN-48,DEPOT-C,East Zone 1,2026-06-07 18:16:00,2026-06-07 18:34:27.520258466,2026-06-07 09:00:00,2026-06-07 20:00:00,7.75,1.21,7,86.76,True,DELIVERED
D01254,VAN-29,DEPOT-B,North Zone 1,2026-07-01 16:07:00,2026-07-01 16:24:32.627863255,2026-07-01 09:00:00,2026-07-01 18:00:00,5.69,10.41,6,88.65,True,DELIVERED
D01255,VAN-52,DEPOT-B,South Zone 2,2026-06-20 17:57:00,2026-06-20 18:31:19.032944611,2026-06-20 09:00:00,2026-06-20 19:00:00,12.65,6.42,9,101.02,True,DELIVERED
D01256,VAN-01,DEPOT-C,East Zone 1,2026-06-20 07:29:00,2026-06-20 07:39:41.177060222,2026-06-20 09:00:00,2026-06-20 09:00:00,4.67,2.88,7,63.61,True,DELIVERED
D01257,VAN-11,DEPOT-C,South Zone 2,2026-06-16 18:47:00,2026-06-16 19:36:46.334155121,2026-06-16 09:00:00,2026-06-16 20:00:00,14.17,10.34,11,107.73,True,DELIVERED
D01258,VAN-43,DEPOT-A,East Zone 1,2026-07-04 15:49:00,2026-07-04 16:01:46.208650883,2026-07-04 09:00:00,2026-07-04 17:00:00,7.33,1.89,9,74.46,True,DELIVERED
D01259,VAN-37,DEPOT-C,South Zone 2,2026-05-11 16:37:00,2026-05-11 17:26:27.156839795,2026-05-11 09:00:00,2026-05-11 18:00:00,15.42,1.42,6,96.35,True,DELIVERED
D01260,VAN-08,DEPOT-A,South Zone 1,2026-06-04 12:11:00,2026-06-04 12:19:25.199970956,2026-06-04 09:00:00,2026-06-04 14:00:00,7.09,1.05,7,69.53,True,DELIVERED
D01261,VAN-51,DEPOT-C,North Zone 2,2026-05-18 10:46:00,2026-05-18 11:07:29.630344270,2026-05-18 09:00:00,2026-05-18 12:00:00,9.02,2.23,5,79.06,True,DELIVERED
D01262,VAN-24,DEPOT-C,East Zone 1,2026-06-28 18:47:00,2026-06-28 19:11:06.780134374,2026-06-28 09:00:00,2026-06-28 20:00:00,9.85,3.46,3,91.46,True,DELIVERED
D01263,VAN-35,DEPOT-B,North Zone 1,2026-05-14 11:56:00,2026-05-14 12:05:42.384711385,2026-05-14 09:00:00,2026-05-14 13:00:00,9.12,11.21,6,93.04,True,DELIVERED
D01264,VAN-17,DEPOT-A,South Zone 2,2026-07-08 16:25:00,2026-07-08 17:17:12.117295273,2026-07-08 09:00:00,2026-07-08 18:00:00,11.38,2.71,11,76.21,True,DELIVERED
D01265,VAN-19,DEPOT-B,South Zone 1,2026-05-11 08:37:00,2026-05-11 08:47:02.735301741,2026-05-11 09:00:00,2026-05-11 10:00:00,4.89,2.02,10,76.29,True,DELIVERED
D01266,VAN-20,DEPOT-A,West Zone 1,2026-05-07 07:03:00,2026-05-07 07:57:24.098792806,2026-05-07 09:00:00,2026-05-07 09:00:00,12.58,1.35,5,90.93,True,
D01267,VAN-45,DEPOT-C,North Zone 1,2026-05-07 11:57:00,2026-05-07 12:14:29.394490048,2026-05-07 09:00:00,2026-05-07 13:00:00,7.01,3.26,10,70.71,True,DELIVERED
D01268,VAN-05,DEPOT-B,North Zone 2,2026-07-09 15:01:00,2026-07-09 15:26:53.882668514,2026-07-09 09:00:00,2026-07-09 17:00:00,8.84,2.18,5,80.68,True,DELIVERED
D01269,VAN-08,DEPOT-C,South Zone 2,2026-05-21 09:36:00,2026-05-21 10:08:47.146691408,2026-05-21 09:00:00,2026-05-21 11:00:00,11.54,4.99,5,100.49,True,DELIVERED
D01270,VAN-36,DEPOT-B,South Zone 2,2026-05-21 18:41:00,2026-05-21 19:30:24.667077613,2026-05-21 09:00:00,2026-05-21 20:00:00,13.42,5.71,10,101.35,True,DELIVERED
D01271,VAN-07,DEPOT-A,North Zone 1,2026-07-05 15:23:00,2026-07-05 15:29:01.632542704,2026-07-05 09:00:00,2026-07-05 17:00:00,5.9,4.06,6,74.15,True,DELIVERED
D01272,VAN-17,DEPOT-A,North Zone 1,2026-07-02 10:21:00,2026-07-02 10:44:22.088087199,2026-07-02 09:00:00,2026-07-02 12:00:00,6.69,1.55,11,81.12,True,DELIVERED
D01273,VAN-02,DEPOT-C,West Zone 1,2026-07-09 17:03:00,2026-07-09 18:21:57.625015812,2026-07-09 09:00:00,2026-07-09 19:00:00,20.26,2.38,9,113.83,True,DELIVERED
D01274,VAN-35,DEPOT-C,South Zone 2,2026-07-11 13:12:00,2026-07-11 13:43:49.825080169,2026-07-11 09:00:00,2026-07-11 15:00:00,9.97,4.9,10,90.24,True,DELIVERED
D01275,VAN-12,DEPOT-A,South Zone 2,2026-06-25 15:09:00,2026-06-25 15:53:15.986270558,2026-06-25 09:00:00,2026-06-25 17:00:00,13.86,1.06,3,112.59,True,DELIVERED
D01276,VAN-03,DEPOT-B,South Zone 2,2026-07-10 13:57:00,2026-07-10 14:34:08.074369574,2026-07-10 09:00:00,2026-07-10 15:00:00,13.35,2.8,5,94.47,True,DELIVERED
D01277,VAN-44,DEPOT-C,North Zone 2,2026-05-24 09:23:00,2026-05-24 10:00:12.279236139,2026-05-24 09:00:00,2026-05-24 11:00:00,12.26,5.93,4,105.69,True,DELIVERED
D01278,VAN-40,DEPOT-A,South Zone 2,2026-05-11 17:29:00,2026-05-11 18:02:19.342165408,2026-05-11 09:00:00,2026-05-11 19:00:00,10.89,0.68,5,93.28,True,DELIVERED
D01279,VAN-29,DEPOT-C,North Zone 1,2026-07-12 09:49:00,2026-07-12 10:11:05.941439742,2026-07-12 09:00:00,2026-07-12 11:00:00,7.15,1.35,9,73.86,True,DELIVERED
D01280,VAN-23,DEPOT-B,East Zone 1,2026-05-10 16:22:00,2026-05-10 16:36:35.093939599,2026-05-10 09:00:00,2026-05-10 18:00:00,7.61,3.85,5,71.3,True,DELIVERED
D01281,VAN-17,DEPOT-B,North Zone 1,2026-06-11 11:59:00,2026-06-11 12:11:48.890568358,2026-06-11 09:00:00,2026-06-11 13:00:00,7.23,1.67,5,73.21,True,DELIVERED
D01282,VAN-01,DEPOT-B,West Zone 1,2026-06-04 18:15:00,2026-06-04 19:12:18.490783362,2026-06-04 09:00:00,2026-06-04 20:00:00,12.75,,8,93.39,True,DELIVERED
D01283,VAN-08,DEPOT-C,South Zone 1,2026-06-20 15:32:00,2026-06-20 15:45:51.484842343,2026-06-20 09:00:00,2026-06-20 17:00:00,6.04,0.65,8,64.03,True,DELIVERED
D01284,VAN-46,DEPOT-B,North Zone 2,2026-07-12 07:37:00,2026-07-12 07:59:00.032080474,2026-07-12 09:00:00,2026-07-12 09:00:00,7.75,0.54,4,53.05,True,DELIVERED
D01285,VAN-37,DEPOT-C,West Zone 1,2026-06-08 08:29:00,2026-06-08 09:26:31.481322928,2026-06-08 09:00:00,2026-06-08 10:00:00,13.16,10.54,10,114.29,False,REDELIVERY_REQUIRED
D01286,VAN-09,DEPOT-B,West Zone 1,2026-05-04 14:31:00,2026-05-04 15:25:04.086157752,2026-05-04 09:00:00,2026-05-04 16:00:00,13.12,3.91,7,100.18,True,DELIVERED
D01287,VAN-34,DEPOT-C,West Zone 1,2026-06-09 17:56:00,2026-06-09 19:01:05.747446117,2026-06-09 09:00:00,2026-06-09 19:00:00,13.63,6.61,13,96.2,True,DELIVERED
D01288,VAN-21,DEPOT-A,South Zone 2,2026-06-02 07:28:00,2026-06-02 08:16:59.110828400,2026-06-02 09:00:00,2026-06-02 09:00:00,12.91,5.82,4,86.82,True,DELIVERED
D01289,VAN-21,DEPOT-A,North Zone 2,2026-06-10 17:38:00,2026-06-10 18:04:34.917511764,2026-06-10 09:00:00,2026-06-10 19:00:00,10.06,6.7,10,97.25,True,DELIVERED
D01290,VAN-26,DEPOT-A,West Zone 1,2026-05-14 17:08:00,2026-05-14 17:49:55.800478349,2026-05-14 09:00:00,2026-05-14 19:00:00,10.35,3.63,6,87.01,True,DELIVERED
D01291,VAN-33,DEPOT-C,South Zone 1,2026-05-10 13:06:00,2026-05-10 13:12:51.646897908,2026-05-10 09:00:00,2026-05-10 15:00:00,4.19,2.31,6,62.74,True,DELIVERED
D01292,VAN-14,DEPOT-C,West Zone 1,2026-06-26 07:53:00,2026-06-26 08:32:30.951235332,2026-06-26 09:00:00,2026-06-26 09:00:00,11.25,1.32,10,78.87,True,DELIVERED
D01293,VAN-47,DEPOT-A,East Zone 1,2026-06-26 08:04:00,2026-06-26 08:24:35.492316901,2026-06-26 09:00:00,2026-06-26 10:00:00,12.31,2.4,8,80.3,False,REDELIVERY_REQUIRED
D01294,VAN-31,DEPOT-B,North Zone 2,2026-06-20 18:54:00,2026-06-20 19:11:03.720969677,2026-06-20 09:00:00,2026-06-20 20:00:00,7.75,1.18,8,68.54,True,DELIVERED
D01295,VAN-20,DEPOT-C,East Zone 1,2026-07-07 10:22:00,2026-07-07 10:56:12.275281271,2026-07-07 09:00:00,2026-07-07 12:00:00,12.55,8.19,8,97.14,True,DELIVERED
D01296,VAN-56,DEPOT-A,South Zone 2,2026-06-19 16:36:00,2026-06-19 17:14:12.507564132,2026-06-19 09:00:00,2026-06-19 18:00:00,13.3,3.18,6,95.2,False,REDELIVERY_REQUIRED
D01297,VAN-43,DEPOT-C,South Zone 1,2026-06-28 11:06:00,2026-06-28 11:14:09.668488346,2026-06-28 09:00:00,2026-06-28 13:00:00,2.21,6.38,6,54.54,True,DELIVERED
D01298,VAN-11,DEPOT-B,South Zone 2,2026-07-07 10:42:00,2026-07-07 11:35:41.289091772,2026-07-07 09:00:00,2026-07-07 12:00:00,14.37,3.56,7,101.81,True,DELIVERED
D01299,VAN-42,DEPOT-A,North Zone 2,2026-06-16 11:29:00,2026-06-16 11:47:08.743809364,2026-06-16 09:00:00,2026-06-16 13:00:00,5.79,4.17,5,65.9,True,DELIVERED
D01300,VAN-39,DEPOT-A,East Zone 1,2026-06-21 09:00:00,2026-06-21 09:05:54.008430442,2026-06-21 09:00:00,2026-06-21 11:00:00,5.94,4.58,4,70.26,True,DELIVERED
D01301,VAN-52,DEPOT-A,West Zone 1,2026-06-13 13:22:00,2026-06-13 14:10:05.687913162,2026-06-13 09:00:00,2026-06-13 15:00:00,14.17,1.52,9,108.16,True,DELIVERED
D01302,VAN-43,DEPOT-C,South Zone 2,2026-06-29 16:35:00,2026-06-29 17:03:25.102711508,2026-06-29 09:00:00,2026-06-29 18:00:00,8.55,3.29,4,69.62,True,DELIVERED
D01303,VAN-18,DEPOT-A,North Zone 1,2026-05-08 18:16:00,2026-05-08 18:17:00.000000000,2026-05-08 09:00:00,2026-05-08 20:00:00,6.84,7.16,8,75.04,True,DELIVERED
D01304,VAN-13,DEPOT-B,South Zone 1,2026-07-09 08:24:00,2026-07-09 08:39:27.560101079,2026-07-09 09:00:00,2026-07-09 10:00:00,8.81,14.3,10,109.2,True,DELIVERED
D01305,VAN-57,DEPOT-C,West Zone 1,2026-05-11 12:12:00,2026-05-11 13:07:19.725590272,2026-05-11 09:00:00,2026-05-11 14:00:00,13.8,3.71,12,100.45,True,DELIVERED
D01306,VAN-37,DEPOT-C,South Zone 2,2026-06-14 10:55:00,2026-06-14 11:26:32.063237465,2026-06-14 09:00:00,2026-06-14 12:00:00,9.5,3.6,8,84.0,True,DELIVERED
D01307,VAN-49,DEPOT-C,South Zone 1,2026-06-11 09:47:00,2026-06-11 09:51:00.000000000,2026-06-11 09:00:00,2026-06-11 11:00:00,0.5,2.3,7,49.58,True,DELIVERED
D01308,VAN-47,DEPOT-A,South Zone 1,2026-05-15 10:46:00,2026-05-15 10:50:00.000000000,2026-05-15 09:00:00,2026-05-15 12:00:00,4.22,4.01,6,55.66,True,DELIVERED
D01309,VAN-24,DEPOT-C,South Zone 2,2026-06-23 07:05:00,2026-06-23 07:44:48.595422851,2026-06-23 09:00:00,2026-06-23 09:00:00,11.03,8.6,4,99.13,True,DELIVERED
D01310,VAN-50,DEPOT-A,South Zone 1,2026-05-08 07:51:00,2026-05-08 07:55:00.000000000,2026-05-08 09:00:00,2026-05-08 09:00:00,3.25,4.08,8,71.25,True,DELIVERED
D01311,VAN-53,DEPOT-A,East Zone 1,2026-07-11 18:26:00,2026-07-11 18:41:37.915011241,2026-07-11 09:00:00,2026-07-11 20:00:00,8.58,3.59,7,74.72,True,DELIVERED
D01312,VAN-15,DEPOT-A,West Zone 1,2026-06-23 16:01:00,2026-06-23 17:03:01.738700406,2026-06-23 09:00:00,2026-06-23 18:00:00,12.7,2.7,7,86.25,True,DELIVERED
D01313,VAN-50,DEPOT-B,North Zone 2,2026-05-22 15:31:00,2026-05-22 15:48:11.777450978,2026-05-22 09:00:00,2026-05-22 17:00:00,7.89,8.03,6,71.23,True,DELIVERED
D01314,VAN-03,DEPOT-A,East Zone 1,2026-05-14 08:55:00,2026-05-14 08:56:00.000000000,2026-05-14 09:00:00,2026-05-14 10:00:00,1.17,6.87,5,73.77,True,DELIVERED
D01315,VAN-03,DEPOT-B,South Zone 2,2026-06-09 07:58:00,2026-06-09 08:43:08.651365840,2026-06-09 09:00:00,2026-06-09 09:00:00,13.85,,7,103.63,True,DELIVERED
D01316,VAN-36,DEPOT-C,South Zone 2,2026-05-20 08:50:00,2026-05-20 09:34:55.193064061,2026-05-20 09:00:00,2026-05-20 10:00:00,11.94,1.27,5,80.01,False,REDELIVERY_REQUIRED
D01317,VAN-22,DEPOT-B,North Zone 2,2026-06-13 09:01:00,2026-06-13 09:19:05.488193188,2026-06-13 09:00:00,2026-06-13 11:00:00,8.86,2.63,10,89.33,True,DELIVERED
D01318,VAN-14,DEPOT-B,West Zone 1,2026-06-17 18:06:00,2026-06-17 19:09:56.513070599,2026-06-17 09:00:00,2026-06-17 20:00:00,13.92,4.5,7,97.29,False,REDELIVERY_REQUIRED
D01319,VAN-56,DEPOT-A,South Zone 1,2026-06-24 09:13:00,2026-06-24 09:22:18.163286783,2026-06-24 09:00:00,2026-06-24 11:00:00,4.2,2.76,6,65.08,False,REDELIVERY_REQUIRED
D01320,VAN-53,DEPOT-C,South Zone 1,2026-05-12 17:13:00,2026-05-12 17:17:00.000000000,2026-05-12 09:00:00,2026-05-12 19:00:00,2.1,0.3,7,52.32,True,DELIVERED
D01321,VAN-56,DEPOT-B,South Zone 1,2026-07-11 17:29:00,2026-07-11 17:36:43.580076044,2026-07-11 09:00:00,2026-07-11 19:00:00,4.49,7.71,5,59.19,True,DELIVERED
D01322,VAN-54,DEPOT-A,North Zone 2,2026-06-08 12:22:00,2026-06-08 12:53:09.561582127,2026-06-08 09:00:00,2026-06-08 14:00:00,12.74,13.12,9,104.46,True,DELIVERED
D01323,VAN-23,DEPOT-B,North Zone 2,2026-06-10 10:49:00,2026-06-10 11:23:02.301358164,2026-06-10 09:00:00,2026-06-10 12:00:00,11.59,7.24,8,94.67,False,REDELIVERY_REQUIRED
D01324,VAN-43,DEPOT-C,South Zone 1,2026-06-20 10:24:00,2026-06-20 10:28:00.000000000,2026-06-20 09:00:00,2026-06-20 12:00:00,3.85,2.39,9,65.53,True,DELIVERED
D01325,VAN-44,DEPOT-C,North Zone 1,2026-05-06 11:50:00,2026-05-06 12:17:54.608704010,2026-05-06 09:00:00,2026-05-06 13:00:00,9.05,0.55,11,76.56,True,DELIVERED
D01326,VAN-56,DEPOT-B,North Zone 1,2026-07-04 08:53:00,2026-07-04 09:00:29.163945387,2026-07-04 09:00:00,2026-07-04 10:00:00,5.78,1.68,10,76.73,True,DELIVERED
D01327,VAN-17,DEPOT-B,North Zone 1,2026-06-16 09:02:00,2026-06-16 09:14:05.275228676,2026-06-16 09:00:00,2026-06-16 11:00:00,5.19,6.49,7,58.66,True,DELIVERED
D01328,VAN-30,DEPOT-C,South Zone 2,2026-07-12 07:33:00,2026-07-12 08:14:55.128181575,2026-07-12 09:00:00,2026-07-12 09:00:00,13.52,1.6,9,85.57,True,DELIVERED
D01329,VAN-37,DEPOT-B,West Zone 1,2026-07-01 11:10:00,2026-07-01 12:19:34.909615257,2026-07-01 09:00:00,2026-07-01 13:00:00,14.7,5.9,4,102.65,False,REDELIVERY_REQUIRED
D01330,VAN-44,DEPOT-B,West Zone 1,2026-06-12 18:31:00,2026-06-12 19:21:51.153780764,2026-06-12 09:00:00,2026-06-12 20:00:00,14.33,2.44,16,97.01,True,DELIVERED
D01331,VAN-09,DEPOT-A,East Zone 1,2026-05-10 09:48:00,2026-05-10 10:01:52.010112695,2026-05-10 09:00:00,2026-05-10 11:00:00,4.26,0.76,6,60.1,True,DELIVERED
D01332,VAN-37,DEPOT-C,North Zone 1,2026-06-17 18:01:00,2026-06-17 18:18:19.325909939,2026-06-17 09:00:00,2026-06-17 20:00:00,5.18,12.51,6,73.81,True,DELIVERED
D01333,VAN-22,DEPOT-C,South Zone 2,2026-06-23 09:58:00,2026-06-23 10:55:22.424451903,2026-06-23 09:00:00,2026-06-23 11:00:00,13.58,11.12,8,108.67,True,DELIVERED
D01334,VAN-10,DEPOT-B,South Zone 2,2026-05-20 18:36:00,2026-05-20 19:13:54.543387439,2026-05-20 09:00:00,2026-05-20 20:00:00,11.29,3.41,6,87.6,True,DELIVERED
D01335,VAN-28,DEPOT-C,South Zone 1,2026-05-16 12:55:00,2026-05-16 13:06:32.089367765,2026-05-16 09:00:00,2026-05-16 14:00:00,6.59,1.82,7,71.7,True,DELIVERED
D01336,VAN-47,DEPOT-B,South Zone 2,2026-05-29 08:06:00,2026-05-29 09:00:26.783803472,2026-05-29 09:00:00,2026-05-29 10:00:00,17.83,3.89,13,97.81,True,DELIVERED
D01337,VAN-02,DEPOT-A,West Zone 1,2026-06-03 13:50:00,2026-06-03 14:48:02.743149054,2026-06-03 09:00:00,2026-06-03 15:00:00,13.64,11.24,7,106.3,True,DELIVERED
D01338,VAN-16,DEPOT-A,East Zone 1,2026-05-05 15:04:00,2026-05-05 15:15:17.074593241,2026-05-05 09:00:00,,5.36,9.18,6,75.44,True,DELIVERED
D01339,VAN-26,DEPOT-B,North Zone 1,2026-05-12 18:40:00,2026-05-12 18:58:26.866500775,2026-05-12 09:00:00,2026-05-12 20:00:00,6.8,10.0,12,91.23,True,DELIVERED
D01340,VAN-28,DEPOT-B,North Zone 2,2026-05-09 18:26:00,2026-05-09 18:48:12.123475024,2026-05-09 09:00:00,2026-05-09 20:00:00,6.31,8.15,7,83.52,True,DELIVERED
D01341,VAN-32,DEPOT-A,North Zone 1,2026-05-28 11:39:00,2026-05-28 11:53:36.733477810,2026-05-28 09:00:00,2026-05-28 13:00:00,5.38,3.58,10,72.23,True,DELIVERED
D01342,VAN-32,DEPOT-A,South Zone 1,2026-06-04 07:16:00,2026-06-04 07:27:09.845589262,2026-06-04 09:00:00,2026-06-04 09:00:00,4.56,4.08,7,62.55,True,DELIVERED
D01343,VAN-39,DEPOT-C,South Zone 2,2026-05-12 13:07:00,2026-05-12 13:49:21.194480930,2026-05-12 09:00:00,2026-05-12 15:00:00,12.66,1.28,8,96.41,True,DELIVERED
D01344,VAN-25,DEPOT-B,South Zone 2,2026-05-07 16:28:00,2026-05-07 17:00:27.933150349,2026-05-07 09:00:00,2026-05-07 18:00:00,9.63,14.27,5,101.35,True,DELIVERED
D01345,VAN-60,DEPOT-C,North Zone 1,2026-07-10 09:35:00,2026-07-10 09:39:16.951347154,2026-07-10 09:00:00,2026-07-10 11:00:00,1.33,4.54,7,63.02,True,DELIVERED
D01346,VAN-17,DEPOT-B,East Zone 1,2026-05-11 13:05:00,2026-05-11 13:34:41.202189813,2026-05-11 09:00:00,2026-05-11 15:00:00,12.03,8.1,9,102.33,True,DELIVERED
D01347,VAN-55,DEPOT-C,South Zone 1,2026-06-24 09:14:00,2026-06-24 09:26:14.517672672,2026-06-24 09:00:00,2026-06-24 11:00:00,7.59,5.51,8,76.28,True,DELIVERED
D01348,VAN-58,DEPOT-C,North Zone 2,2026-06-13 14:21:00,2026-06-13 14:47:42.409258603,2026-06-13 09:00:00,2026-06-13 16:00:00,10.13,4.22,8,78.61,True,DELIVERED
D01349,VAN-07,DEPOT-B,West Zone 1,2026-06-01 18:32:00,2026-06-01 19:34:32.596002751,2026-06-01 09:00:00,2026-06-01 20:00:00,15.49,8.54,3,111.39,True,DELIVERED
D01350,VAN-23,DEPOT-B,North Zone 1,2026-06-23 18:00:00,2026-06-23 18:11:36.798312995,2026-06-23 09:00:00,2026-06-23 20:00:00,7.16,2.3,9,70.63,True,DELIVERED
D01351,VAN-49,DEPOT-A,East Zone 1,2026-06-29 09:20:00,2026-06-29 09:34:40.782613375,2026-06-29 09:00:00,2026-06-29 11:00:00,6.22,4.1,9,68.81,False,REDELIVERY_REQUIRED
D01352,VAN-10,DEPOT-A,South Zone 2,2026-06-04 08:44:00,2026-06-04 09:19:52.885591633,2026-06-04 09:00:00,2026-06-04 10:00:00,10.14,4.74,13,72.95,True,DELIVERED
D01353,VAN-29,DEPOT-B,South Zone 1,2026-05-26 07:33:00,2026-05-26 07:47:04.197081779,2026-05-26 09:00:00,2026-05-26 09:00:00,7.62,1.71,7,75.34,True,DELIVERED
D01354,VAN-39,DEPOT-C,South Zone 2,2026-07-04 08:12:00,2026-07-04 08:39:41.803047715,2026-07-04 09:00:00,2026-07-04 10:00:00,10.69,0.2,5,81.96,False,REDELIVERY_REQUIRED
D01355,VAN-22,DEPOT-A,North Zone 2,2026-06-04 10:02:00,2026-06-04 10:28:06.924923982,2026-06-04 09:00:00,2026-06-04 12:00:00,8.07,3.88,12,78.08,True,DELIVERED
D01356,VAN-30,DEPOT-C,West Zone 1,2026-07-06 16:43:00,2026-07-06 17:43:24.780490695,2026-07-06 09:00:00,2026-07-06 18:00:00,14.41,7.13,9,102.55,True,DELIVERED
D01357,VAN-56,DEPOT-A,East Zone 1,2026-05-25 10:29:00,2026-05-25 10:46:53.204518590,2026-05-25 09:00:00,2026-05-25 12:00:00,8.94,0.35,9,79.82,True,DELIVERED
D01358,VAN-32,DEPOT-C,South Zone 2,2026-07-05 17:37:00,2026-07-05 18:13:37.709369714,2026-07-05 09:00:00,2026-07-05 19:00:00,11.21,3.11,8,86.58,True,DELIVERED
D01359,VAN-24,DEPOT-B,North Zone 1,2026-07-06 10:12:00,2026-07-06 10:32:49.613473203,2026-07-06 09:00:00,2026-07-06 12:00:00,10.45,0.38,6,74.44,True,DELIVERED
D01360,VAN-36,DEPOT-B,North Zone 1,2026-05-22 07:57:00,2026-05-22 08:07:36.687912418,2026-05-22 09:00:00,2026-05-22 09:00:00,5.89,1.97,4,66.61,True,DELIVERED
D01361,VAN-30,DEPOT-B,South Zone 1,2026-06-10 18:45:00,2026-06-10 19:03:20.825685344,2026-06-10 09:00:00,2026-06-10 20:00:00,8.41,4.05,2,76.27,True,DELIVERED
D01362,VAN-32,DEPOT-B,South Zone 2,2026-06-01 15:31:00,2026-06-01 16:18:08.094609702,2026-06-01 09:00:00,2026-06-01 17:00:00,14.59,0.53,7,95.85,True,DELIVERED
D01363,VAN-52,DEPOT-B,South Zone 2,2026-05-15 11:43:00,2026-05-15 12:19:40.745326937,2026-05-15 09:00:00,2026-05-15 13:00:00,10.63,18.71,6,115.06,True,DELIVERED
D01364,VAN-10,DEPOT-B,South Zone 1,2026-05-17 16:48:00,2026-05-17 16:52:00.000000000,2026-05-17 09:00:00,2026-05-17 18:00:00,2.5,5.29,7,60.29,True,DELIVERED
D01365,VAN-18,DEPOT-C,North Zone 1,2026-05-09 16:03:00,2026-05-09 16:14:03.365005951,2026-05-09 09:00:00,2026-05-09 18:00:00,7.66,3.85,7,83.92,False,REDELIVERY_REQUIRED
D01366,VAN-26,DEPOT-B,West Zone 1,2026-06-16 15:40:00,2026-06-16 16:40:30.186360572,2026-06-16 09:00:00,2026-06-16 17:00:00,11.67,3.16,6,96.41,True,DELIVERED
D01367,VAN-17,DEPOT-C,West Zone 1,2026-05-05 11:03:00,2026-05-05 12:06:18.055552892,2026-05-05 09:00:00,2026-05-05 13:00:00,13.02,2.73,9,101.56,True,DELIVERED
D01368,VAN-53,DEPOT-C,South Zone 1,2026-06-05 14:55:00,2026-06-05 14:59:00.000000000,2026-06-05 09:00:00,2026-06-05 16:00:00,4.32,2.24,8,71.57,True,DELIVERED
D01369,VAN-21,DEPOT-A,South Zone 1,2026-05-12 10:57:00,2026-05-12 11:11:01.543606577,2026-05-12 09:00:00,2026-05-12 12:00:00,3.05,4.41,8,68.59,True,DELIVERED
D01370,VAN-14,DEPOT-C,East Zone 1,2026-06-21 11:44:00,2026-06-21 11:52:04.327356828,2026-06-21 09:00:00,2026-06-21 13:00:00,5.0,1.79,9,53.59,True,DELIVERED
D01371,VAN-60,DEPOT-A,North Zone 1,2026-06-18 07:56:00,2026-06-18 08:19:28.757557590,2026-06-18 09:00:00,2026-06-18 09:00:00,9.81,1.85,6,75.44,True,DELIVERED
D01372,VAN-53,DEPOT-C,North Zone 1,2026-06-30 18:30:00,2026-06-30 18:45:47.311200855,2026-06-30 09:00:00,2026-06-30 20:00:00,6.96,2.61,5,79.04,True,DELIVERED
D01373,VAN-14,DEPOT-B,South Zone 1,2026-06-12 08:34:00,2026-06-12 08:50:10.619085845,2026-06-12 09:00:00,2026-06-12 10:00:00,5.43,0.95,5,61.68,True,DELIVERED
D01374,VAN-46,DEPOT-C,North Zone 1,2026-05-14 18:11:00,2026-05-14 18:25:07.288017864,2026-05-14 09:00:00,2026-05-14 20:00:00,9.19,3.43,9,82.56,True,DELIVERED
D01375,VAN-06,DEPOT-A,East Zone 1,2026-07-01 11:17:00,2026-07-01 11:31:27.255652132,2026-07-01 09:00:00,2026-07-01 13:00:00,4.62,8.9,5,75.9,True,DELIVERED
D01376,VAN-08,DEPOT-A,North Zone 2,2026-05-25 10:38:00,2026-05-25 11:05:26.281693686,2026-05-25 09:00:00,2026-05-25 12:00:00,7.46,6.22,4,73.25,True,DELIVERED
D01377,VAN-21,DEPOT-A,West Zone 1,2026-05-16 08:35:00,2026-05-16 09:24:22.382279672,2026-05-16 09:00:00,2026-05-16 10:00:00,15.49,0.73,5,91.82,True,DELIVERED
D01378,VAN-14,DEPOT-C,North Zone 2,2026-05-04 14:04:00,2026-05-04 14:30:35.676572054,2026-05-04 09:00:00,2026-05-04 16:00:00,9.02,8.71,7,91.46,True,DELIVERED
D01379,VAN-12,DEPOT-A,East Zone 1,2026-05-06 07:46:00,2026-05-06 07:55:49.954182720,2026-05-06 09:00:00,2026-05-06 09:00:00,5.94,4.33,6,75.31,True,DELIVERED
D01380,VAN-36,DEPOT-B,South Zone 1,2026-05-06 08:17:00,2026-05-06 08:28:40.313217009,2026-05-06 09:00:00,2026-05-06 10:00:00,4.45,6.16,9,72.03,True,DELIVERED
D01381,VAN-57,DEPOT-C,North Zone 1,2026-06-16 14:09:00,2026-06-16 14:16:44.071606910,2026-06-16 09:00:00,2026-06-16 16:00:00,4.34,3.56,12,77.05,True,DELIVERED
D01382,VAN-53,DEPOT-C,West Zone 1,2026-06-26 12:46:00,2026-06-26 13:33:28.314375815,2026-06-26 09:00:00,2026-06-26 14:00:00,12.77,1.08,5,94.07,True,DELIVERED
D01383,VAN-20,DEPOT-A,West Zone 1,2026-05-28 14:49:00,2026-05-28 15:47:31.806499151,2026-05-28 09:00:00,2026-05-28 16:00:00,12.99,2.82,6,93.7,True,DELIVERED
D01384,VAN-34,DEPOT-A,West Zone 1,2026-06-23 13:11:00,2026-06-23 14:36:00.300646515,2026-06-23 09:00:00,2026-06-23 15:00:00,18.35,3.35,5,107.98,True,DELIVERED
D01385,VAN-22,DEPOT-B,North Zone 1,2026-07-10 18:56:00,2026-07-10 19:10:15.420988977,2026-07-10 09:00:00,2026-07-10 20:00:00,6.68,5.17,9,75.07,True,DELIVERED
D01386,VAN-13,DEPOT-C,North Zone 1,2026-07-12 09:51:00,2026-07-12 09:58:55.426724907,2026-07-12 09:00:00,2026-07-12 11:00:00,5.97,1.79,8,58.08,True,DELIVERED
D01387,VAN-45,DEPOT-B,East Zone 1,2026-05-08 17:50:00,2026-05-08 18:11:59.777342917,2026-05-08 09:00:00,2026-05-08 19:00:00,8.95,6.85,9,92.88,True,DELIVERED
D01388,VAN-51,DEPOT-A,North Zone 1,2026-07-04 10:14:00,2026-07-04 10:18:00.000000000,2026-07-04 09:00:00,2026-07-04 12:00:00,3.91,5.05,5,62.25,True,DELIVERED
D01389,VAN-33,DEPOT-C,West Zone 1,2026-06-17 09:24:00,2026-06-17 10:24:03.495315490,2026-06-17 09:00:00,2026-06-17 11:00:00,12.15,0.92,6,84.99,False,REDELIVERY_REQUIRED
D01390,VAN-19,DEPOT-B,South Zone 2,2026-05-23 16:52:00,2026-05-23 17:23:51.621306016,2026-05-23 09:00:00,2026-05-23 18:00:00,10.53,1.13,11,74.48,True,DELIVERED
D01391,VAN-07,DEPOT-A,North Zone 2,2026-06-03 07:49:00,2026-06-03 08:17:01.788524339,2026-06-03 09:00:00,2026-06-03 09:00:00,11.94,9.8,4,106.21,True,DELIVERED
D01392,VAN-03,DEPOT-A,North Zone 1,2026-06-09 07:47:00,2026-06-09 07:51:00.000000000,2026-06-09 09:00:00,2026-06-09 09:00:00,1.16,3.05,9,48.14,True,DELIVERED
D01393,VAN-15,DEPOT-C,West Zone 1,2026-07-04 10:38:00,2026-07-04 11:17:36.139599248,2026-07-04 09:00:00,2026-07-04 12:00:00,11.95,4.72,6,102.83,True,DELIVERED
D01394,VAN-41,DEPOT-A,North Zone 1,2026-05-10 17:15:00,2026-05-10 17:19:00.000000000,2026-05-10 09:00:00,2026-05-10 19:00:00,5.67,2.58,6,67.27,True,DELIVERED
D01395,VAN-19,DEPOT-C,North Zone 1,2026-05-23 15:24:00,2026-05-23 15:36:43.580704118,2026-05-23 09:00:00,2026-05-23 17:00:00,5.57,1.35,10,68.15,True,DELIVERED
D01396,VAN-35,DEPOT-C,North Zone 1,2026-06-21 16:00:00,2026-06-21 16:07:25.736488159,2026-06-21 09:00:00,2026-06-21 18:00:00,6.67,2.14,7,60.42,True,DELIVERED
D01397,VAN-05,DEPOT-B,North Zone 2,2026-06-07 09:48:00,2026-06-07 09:59:34.961309797,2026-06-07 09:00:00,2026-06-07 11:00:00,4.08,4.89,8,69.97,True,DELIVERED
D01398,VAN-01,DEPOT-C,South Zone 2,2026-05-16 16:45:00,2026-05-16 17:25:36.395422544,2026-05-16 09:00:00,2026-05-16 18:00:00,11.24,1.26,5,79.66,True,DELIVERED
D01399,VAN-13,DEPOT-C,North Zone 1,2026-05-23 12:46:00,2026-05-23 12:50:00.000000000,2026-05-23 09:00:00,2026-05-23 14:00:00,0.5,2.15,5,58.76,True,DELIVERED
D01400,VAN-59,DEPOT-C,South Zone 2,2026-06-15 07:30:00,2026-06-15 08:12:43.044691311,2026-06-15 09:00:00,2026-06-15 09:00:00,12.93,5.44,9,99.91,True,DELIVERED
D01401,VAN-25,DEPOT-C,North Zone 1,2026-05-29 10:29:00,2026-05-29 10:40:43.024978235,2026-05-29 09:00:00,2026-05-29 12:00:00,5.98,1.77,4,61.14,True,DELIVERED
D01402,VAN-40,DEPOT-A,West Zone 1,2026-07-09 15:49:00,2026-07-09 16:47:38.940095365,2026-07-09 09:00:00,2026-07-09 17:00:00,14.4,1.68,5,92.33,True,DELIVERED
D01403,VAN-47,DEPOT-B,East Zone 1,2026-05-05 08:55:00,2026-05-05 09:10:45.847896809,2026-05-05 09:00:00,2026-05-05 10:00:00,6.23,4.18,8,71.17,True,DELIVERED
D01404,VAN-56,DEPOT-A,West Zone 1,2026-07-03 08:46:00,2026-07-03 09:51:00.784142535,2026-07-03 09:00:00,2026-07-03 10:00:00,17.07,6.57,3,113.02,False,REDELIVERY_REQUIRED
D01405,VAN-14,DEPOT-C,West Zone 1,2026-05-04 12:25:00,2026-05-04 13:34:53.375469219,2026-05-04 09:00:00,2026-05-04 14:00:00,18.35,7.24,7,117.25,True,DELIVERED
D01406,VAN-35,DEPOT-C,North Zone 1,2026-06-01 10:26:00,2026-06-01 10:27:00.000000000,2026-06-01 09:00:00,2026-06-01 12:00:00,3.08,0.78,5,59.33,True,DELIVERED
D01407,VAN-31,DEPOT-B,East Zone 1,2026-06-25 10:03:00,2026-06-25 10:16:09.546764004,2026-06-25 09:00:00,2026-06-25 12:00:00,5.81,7.27,8,73.55,True,DELIVERED
D01408,VAN-07,DEPOT-C,South Zone 2,2026-05-14 12:44:00,2026-05-14 13:27:33.128351235,2026-05-14 09:00:00,2026-05-14 14:00:00,12.95,6.94,9,106.7,True,DELIVERED
D01409,VAN-09,DEPOT-B,North Zone 1,2026-06-22 17:40:00,2026-06-22 17:47:47.151094281,2026-06-22 09:00:00,2026-06-22 19:00:00,4.27,0.2,5,57.24,True,DELIVERED
D01410,VAN-20,DEPOT-B,East Zone 1,2026-06-24 07:55:00,2026-06-24 08:16:09.015879827,2026-06-24 09:00:00,2026-06-24 09:00:00,8.54,12.07,8,95.61,True,DELIVERED
D01411,VAN-05,DEPOT-A,South Zone 2,2026-06-22 10:10:00,2026-06-22 10:32:58.355814043,2026-06-22 09:00:00,2026-06-22 12:00:00,8.92,4.79,7,91.04,True,DELIVERED
D01412,VAN-16,DEPOT-B,North Zone 2,2026-05-04 11:00:00,2026-05-04 11:20:57.362700757,2026-05-04 09:00:00,2026-05-04 13:00:00,8.04,3.8,8,73.79,True,DELIVERED
D01413,VAN-54,DEPOT-B,North Zone 2,2026-05-29 15:52:00,2026-05-29 16:15:21.339418214,2026-05-29 09:00:00,2026-05-29 17:00:00,10.26,6.25,8,89.31,False,REDELIVERY_REQUIRED
D01414,VAN-23,DEPOT-B,West Zone 1,2026-05-30 07:40:00,2026-05-30 08:48:36.231375496,2026-05-30 09:00:00,2026-05-30 09:00:00,19.36,1.91,3,107.68,True,DELIVERED
D01415,VAN-48,DEPOT-C,South Zone 2,2026-05-30 09:43:00,2026-05-30 10:12:34.040456114,2026-05-30 09:00:00,2026-05-30 11:00:00,9.72,3.58,6,80.84,True,DELIVERED
D01416,VAN-11,DEPOT-A,East Zone 1,2026-05-28 18:55:00,2026-05-28 19:17:02.197072621,2026-05-28 09:00:00,2026-05-28 20:00:00,11.91,1.1,10,89.66,True,DELIVERED
D01417,VAN-01,DEPOT-A,North Zone 2,2026-06-19 08:27:00,2026-06-19 08:51:40.922776689,2026-06-19 09:00:00,2026-06-19 10:00:00,8.28,0.23,3,74.18,True,DELIVERED
D01418,VAN-57,DEPOT-A,West Zone 1,2026-06-07 12:57:00,2026-06-07 13:58:20.875888442,2026-06-07 09:00:00,2026-06-07 14:00:00,15.04,4.47,12,92.04,True,DELIVERED
D01419,VAN-14,DEPOT-C,East Zone 1,2026-06-02 10:23:00,2026-06-02 10:45:02.645982511,2026-06-02 09:00:00,2026-06-02 12:00:00,6.97,3.49,8,72.28,True,DELIVERED
D01420,VAN-42,DEPOT-A,East Zone 1,2026-06-11 09:54:00,2026-06-11 10:11:08.540280779,2026-06-11 09:00:00,2026-06-11 11:00:00,9.64,6.6,8,89.78,True,DELIVERED
D01421,VAN-32,DEPOT-A,East Zone 1,2026-06-29 10:19:00,2026-06-29 10:45:43.747335968,2026-06-29 09:00:00,2026-06-29 12:00:00,12.15,3.41,5,79.72,True,DELIVERED
D01422,VAN-15,DEPOT-A,West Zone 1,2026-05-15 12:48:00,2026-05-15 13:26:07.810981098,2026-05-15 09:00:00,2026-05-15 14:00:00,11.38,8.15,7,101.8,True,DELIVERED
D01423,VAN-33,DEPOT-B,West Zone 1,2026-05-10 17:10:00,2026-05-10 18:10:42.914144945,2026-05-10 09:00:00,2026-05-10 19:00:00,14.66,5.38,7,99.71,True,DELIVERED
D01424,VAN-26,DEPOT-B,South Zone 2,2026-06-07 15:20:00,2026-06-07 16:03:31.240012334,2026-06-07 09:00:00,2026-06-07 17:00:00,13.78,7.07,1,99.24,True,DELIVERED
D01425,VAN-44,DEPOT-B,South Zone 1,2026-06-20 13:25:00,2026-06-20 13:38:16.830509920,2026-06-20 09:00:00,2026-06-20 15:00:00,4.06,1.76,12,64.21,True,DELIVERED
D01426,VAN-19,DEPOT-C,South Zone 2,2026-06-11 13:30:00,2026-06-11 14:07:06.287051837,2026-06-11 09:00:00,2026-06-11 15:00:00,10.41,1.7,7,75.88,False,REDELIVERY_REQUIRED
D01427,VAN-43,DEPOT-C,South Zone 2,2026-06-20 10:46:00,2026-06-20 11:34:30.254541118,2026-06-20 09:00:00,2026-06-20 12:00:00,16.0,3.53,7,102.13,False,REDELIVERY_REQUIRED
D01428,VAN-54,DEPOT-A,South Zone 2,2026-06-04 08:43:00,2026-06-04 09:27:02.832653155,2026-06-04 09:00:00,2026-06-04 10:00:00,11.92,3.67,8,83.85,True,DELIVERED
D01429,VAN-42,DEPOT-A,West Zone 1,2026-06-07 12:09:00,2026-06-07 12:50:43.712099909,2026-06-07 09:00:00,2026-06-07 14:00:00,11.14,4.46,9,78.62,True,DELIVERED
D01430,VAN-33,DEPOT-B,West Zone 1,2026-05-15 08:32:00,2026-05-15 09:20:38.671192188,2026-05-15 09:00:00,2026-05-15 10:00:00,12.08,2.98,8,88.79,True,DELIVERED
D01431,VAN-16,DEPOT-B,East Zone 1,2026-05-30 18:59:00,2026-05-30 19:03:44.343674048,2026-05-30 09:00:00,2026-05-30 20:00:00,8.18,4.18,9,77.34,False,REDELIVERY_REQUIRED
D01432,VAN-01,DEPOT-C,West Zone 1,2026-06-27 10:56:00,2026-06-27 11:48:19.562991455,2026-06-27 09:00:00,2026-06-27 12:00:00,15.33,4.86,8,101.17,True,DELIVERED
D01433,VAN-30,DEPOT-C,East Zone 1,2026-06-23 13:45:00,2026-06-23 14:01:22.616903790,2026-06-23 09:00:00,2026-06-23 15:00:00,6.84,2.53,7,73.21,True,DELIVERED
D01434,VAN-33,DEPOT-C,South Zone 1,2026-06-27 10:08:00,2026-06-27 10:15:38.770979293,2026-06-27 09:00:00,2026-06-27 12:00:00,5.67,1.66,5,66.36,True,DELIVERED
D01435,VAN-41,DEPOT-C,East Zone 1,2026-05-12 07:21:00,2026-05-12 07:50:08.081501459,2026-05-12 09:00:00,2026-05-12 09:00:00,8.98,5.8,7,92.16,True,DELIVERED
D01436,VAN-38,DEPOT-B,South Zone 1,2026-06-21 13:31:00,2026-06-21 13:46:04.841549964,2026-06-21 09:00:00,2026-06-21 15:00:00,7.79,14.11,7,94.88,True,DELIVERED
D01437,VAN-28,DEPOT-B,East Zone 1,2026-06-03 13:13:00,2026-06-03 13:31:51.130941813,2026-06-03 09:00:00,2026-06-03 15:00:00,6.74,3.24,4,69.36,True,DELIVERED
D01438,VAN-47,DEPOT-B,East Zone 1,2026-06-01 08:38:00,2026-06-01 08:51:17.328364921,2026-06-01 09:00:00,2026-06-01 10:00:00,6.01,0.74,1,76.43,True,DELIVERED
D01439,VAN-23,DEPOT-C,South Zone 1,2026-06-26 14:30:00,2026-06-26 14:36:03.369928274,2026-06-26 09:00:00,2026-06-26 16:00:00,4.42,2.5,9,66.46,True,DELIVERED
D01440,VAN-04,DEPOT-B,West Zone 1,2026-06-01 16:20:00,2026-06-01 17:20:56.958064718,2026-06-01 09:00:00,2026-06-01 18:00:00,12.33,7.68,7,95.16,True,DELIVERED
D01441,VAN-26,DEPOT-C,South Zone 1,2026-06-06 07:50:00,2026-06-06 07:54:00.000000000,2026-06-06 09:00:00,2026-06-06 09:00:00,6.28,2.21,9,74.42,True,DELIVERED
D01442,VAN-49,DEPOT-C,South Zone 2,2026-05-06 07:14:00,2026-05-06 08:03:37.180456459,2026-05-06 09:00:00,2026-05-06 09:00:00,12.19,4.36,6,99.22,True,DELIVERED
D01443,VAN-60,DEPOT-C,South Zone 1,2026-06-17 09:56:00,2026-06-17 10:00:00.000000000,2026-06-17 09:00:00,2026-06-17 11:00:00,5.6,7.01,8,69.23,True,DELIVERED
D01444,VAN-55,DEPOT-B,North Zone 2,2026-05-29 11:52:00,2026-05-29 12:34:20.777212694,2026-05-29 09:00:00,2026-05-29 13:00:00,13.69,4.42,4,95.05,True,DELIVERED
D01445,VAN-04,DEPOT-A,South Zone 2,2026-07-09 18:00:00,2026-07-09 18:55:44.253775286,2026-07-09 09:00:00,2026-07-09 20:00:00,14.46,3.9,10,92.33,False,REDELIVERY_REQUIRED
D01446,VAN-33,DEPOT-A,South Zone 2,2026-05-20 14:04:00,2026-05-20 14:36:04.023214731,2026-05-20 09:00:00,2026-05-20 16:00:00,8.77,4.75,7,87.37,True,DELIVERED
D01447,VAN-09,DEPOT-A,South Zone 2,2026-05-15 17:46:00,2026-05-15 18:22:13.459379928,2026-05-15 09:00:00,2026-05-15 19:00:00,10.65,1.82,7,87.35,True,DELIVERED
D01448,VAN-37,DEPOT-B,North Zone 1,2026-06-08 18:15:00,2026-06-08 18:24:44.514151701,2026-06-08 09:00:00,2026-06-08 20:00:00,7.55,3.08,5,71.37,True,DELIVERED
D01449,VAN-25,DEPOT-C,South Zone 1,2026-05-23 10:21:00,2026-05-23 10:25:00.000000000,2026-05-23 09:00:00,2026-05-23 12:00:00,0.5,3.05,5,50.64,True,DELIVERED
D01450,VAN-29,DEPOT-C,North Zone 2,2026-05-08 16:14:00,2026-05-08 16:30:59.036548349,2026-05-08 09:00:00,2026-05-08 18:00:00,6.57,6.07,6,80.76,True,DELIVERED
D01451,VAN-04,DEPOT-B,North Zone 2,2026-07-07 15:44:00,2026-07-07 16:24:33.548379866,2026-07-07 09:00:00,2026-07-07 17:00:00,10.57,4.98,3,81.29,True,DELIVERED
D01452,VAN-36,DEPOT-C,North Zone 2,2026-06-10 07:52:00,2026-06-10 08:06:50.643708381,2026-06-10 09:00:00,2026-06-10 09:00:00,5.15,0.8,3,56.5,False,REDELIVERY_REQUIRED
D01453,VAN-38,DEPOT-B,South Zone 2,2026-05-26 15:25:00,2026-05-26 16:01:08.423671668,2026-05-26 09:00:00,2026-05-26 17:00:00,8.83,3.77,4,76.24,True,DELIVERED
D01454,VAN-21,DEPOT-C,South Zone 2,2026-05-28 16:53:00,2026-05-28 17:39:24.772653322,2026-05-28 09:00:00,2026-05-28 18:00:00,12.72,8.41,11,99.6,True,DELIVERED
D01455,VAN-40,DEPOT-A,N. Zone 1,2026-05-11 14:00:00,2026-05-11 14:15:22.400907388,2026-05-11 09:00:00,2026-05-11 16:00:00,7.2,1.03,3,57.46,True,DELIVERED
D01456,VAN-54,DEPOT-B,South Zone 2,2026-07-07 09:32:00,2026-07-07 10:16:08.002178764,2026-07-07 09:00:00,2026-07-07 11:00:00,11.38,1.17,7,80.84,True,DELIVERED
D01457,VAN-54,DEPOT-C,East Zone 1,2026-06-16 18:36:00,2026-06-16 18:44:56.180662004,2026-06-16 09:00:00,2026-06-16 20:00:00,3.91,2.69,7,68.25,True,DELIVERED
D01458,VAN-32,DEPOT-A,South Zone 1,2026-05-30 16:50:00,2026-05-30 17:08:43.202919119,2026-05-30 09:00:00,2026-05-30 18:00:00,8.36,3.19,6,83.22,True,DELIVERED
D01459,VAN-38,DEPOT-A,North Zone 2,2026-07-01 09:05:00,2026-07-01 09:29:10.031689064,2026-07-01 09:00:00,,9.15,4.18,7,83.96,True,DELIVERED
D01460,VAN-13,DEPOT-C,North Zone 2,2026-05-08 11:14:00,2026-05-08 11:30:57.608380943,2026-05-08 09:00:00,2026-05-08 13:00:00,6.23,0.75,3,73.26,True,DELIVERED
D01461,VAN-14,DEPOT-B,North Zone 1,2026-05-25 12:29:00,2026-05-25 12:45:35.125141403,2026-05-25 09:00:00,2026-05-25 14:00:00,7.85,1.61,3,81.65,False,REDELIVERY_REQUIRED
D01462,VAN-36,DEPOT-C,East Zone 1,2026-06-14 10:35:00,2026-06-14 11:00:59.963844484,2026-06-14 09:00:00,2026-06-14 12:00:00,9.25,2.69,12,79.44,True,DELIVERED
D01463,VAN-18,DEPOT-C,South Zone 1,2026-07-10 07:17:00,2026-07-10 07:22:53.652350809,2026-07-10 09:00:00,2026-07-10 09:00:00,5.52,1.36,7,69.56,True,DELIVERED
D01464,VAN-44,DEPOT-A,West Zone 1,2026-06-19 14:18:00,2026-06-19 15:02:34.984657871,2026-06-19 09:00:00,2026-06-19 16:00:00,11.26,3.91,4,87.93,True,DELIVERED
D01465,VAN-29,DEPOT-B,South Zone 1,2026-05-16 12:59:00,2026-05-16 13:08:13.707524721,2026-05-16 09:00:00,2026-05-16 14:00:00,5.96,1.87,6,67.19,True,DELIVERED
D01466,VAN-12,DEPOT-C,North Zone 1,2026-05-04 12:33:00,2026-05-04 12:46:54.494933574,2026-05-04 09:00:00,2026-05-04 14:00:00,8.31,0.71,6,71.3,True,DELIVERED
D01467,VAN-28,DEPOT-C,N. Zone 2,2026-06-03 07:56:00,2026-06-03 08:30:32.695816688,2026-06-03 09:00:00,2026-06-03 09:00:00,9.93,2.2,7,80.14,True,DELIVERED
D01468,VAN-51,DEPOT-A,East Zone 1,2026-06-24 14:16:00,2026-06-24 14:42:18.623681926,2026-06-24 09:00:00,2026-06-24 16:00:00,7.89,,6,91.09,True,DELIVERED
D01469,VAN-37,DEPOT-C,North Zone 1,2026-06-01 12:43:00,2026-06-01 13:06:20.117759385,2026-06-01 09:00:00,2026-06-01 14:00:00,9.96,3.7,8,73.54,True,DELIVERED
D01470,VAN-40,DEPOT-B,East Zone 1,2026-05-16 08:15:00,2026-05-16 08:35:44.809914227,2026-05-16 09:00:00,2026-05-16 10:00:00,8.41,2.43,9,80.38,False,REDELIVERY_REQUIRED
D01471,VAN-42,DEPOT-B,North Zone 1,2026-06-19 07:42:00,2026-06-19 07:46:59.455483428,2026-06-19 09:00:00,2026-06-19 09:00:00,3.33,7.9,8,74.33,False,REDELIVERY_REQUIRED
D01472,VAN-49,DEPOT-A,East Zone 1,2026-05-30 12:39:00,2026-05-30 12:47:02.754401778,2026-05-30 09:00:00,2026-05-30 14:00:00,7.22,5.67,9,80.36,True,DELIVERED
D01473,VAN-50,DEPOT-A,South Zone 2,2026-05-21 09:34:00,2026-05-21 10:17:43.611253869,2026-05-21 09:00:00,2026-05-21 11:00:00,10.47,2.26,9,79.35,True,DELIVERED
D01474,VAN-17,DEPOT-A,East Zone 1,2026-06-07 10:32:00,2026-06-07 10:49:52.316015791,2026-06-07 09:00:00,2026-06-07 12:00:00,7.07,2.38,4,68.01,True,DELIVERED
D01475,VAN-39,DEPOT-A,North Zone 1,2026-06-28 07:27:00,2026-06-28 14:27:00.000000000,2026-06-28 09:00:00,2026-06-28 09:00:00,6.74,2.21,6,72.19,True,DELIVERED
D01476,VAN-48,DEPOT-A,North Zone 1,2026-05-09 12:19:00,2026-05-09 12:31:48.049307956,2026-05-09 09:00:00,2026-05-09 14:00:00,8.59,0.89,6,75.63,True,DELIVERED
D01477,VAN-10,DEPOT-A,East Zone 1,2026-06-13 13:16:00,2026-06-13 13:48:19.921846003,2026-06-13 09:00:00,2026-06-13 15:00:00,13.27,2.59,6,98.52,False,REDELIVERY_REQUIRED
D01478,VAN-32,DEPOT-B,East Zone 1,2026-06-17 13:11:00,2026-06-17 13:36:09.588329607,2026-06-17 09:00:00,2026-06-17 15:00:00,8.06,4.19,7,73.18,False,REDELIVERY_REQUIRED
D01479,VAN-41,DEPOT-C,South Zone 2,2026-05-04 09:20:00,2026-05-04 10:03:26.810906808,2026-05-04 09:00:00,2026-05-04 11:00:00,11.28,5.37,5,96.63,True,DELIVERED
D01480,VAN-19,DEPOT-B,East Zone 1,2026-05-30 10:04:00,2026-05-30 10:12:53.260480815,2026-05-30 09:00:00,2026-05-30 12:00:00,4.34,5.53,5,71.95,True,DELIVERED
D01481,VAN-22,DEPOT-A,South Zone 2,2026-06-04 14:20:00,2026-06-04 14:58:40.686594377,2026-06-04 09:00:00,2026-06-04 16:00:00,11.7,4.53,4,93.35,True,DELIVERED
D01482,VAN-56,DEPOT-A,East Zone 1,2026-06-11 07:27:00,2026-06-11 07:47:30.739166082,2026-06-11 09:00:00,2026-06-11 09:00:00,8.97,1.87,8,82.93,True,DELIVERED
D01483,VAN-46,DEPOT-C,East Zone 1,2026-06-07 13:18:00,2026-06-07 13:30:34.394458978,2026-06-07 09:00:00,2026-06-07 15:00:00,5.72,4.39,7,74.78,True,DELIVERED
D01484,VAN-38,DEPOT-C,East Zone 1,2026-05-09 11:16:00,2026-05-09 11:34:20.405086970,2026-05-09 09:00:00,2026-05-09 13:00:00,9.73,3.48,9,82.99,True,DELIVERED
D01485,VAN-08,DEPOT-A,West Zone 1,2026-06-04 07:36:00,2026-06-04 08:51:59.957733133,2026-06-04 09:00:00,2026-06-04 09:00:00,17.38,2.56,9,109.49,True,DELIVERED
D01486,VAN-38,DEPOT-C,North Zone 1,2026-07-05 18:55:00,2026-07-05 19:01:27.042146109,2026-07-05 09:00:00,2026-07-05 20:00:00,3.0,5.73,10,76.44,True,DELIVERED
D01487,VAN-48,DEPOT-C,South Zone 1,2026-06-08 10:25:00,2026-06-08 10:29:00.000000000,2026-06-08 09:00:00,2026-06-08 12:00:00,0.68,3.75,11,62.71,True,DELIVERED
D01488,VAN-11,DEPOT-C,East Zone 1,2026-05-05 18:14:00,2026-05-05 18:34:21.286177716,2026-05-05 09:00:00,2026-05-05 20:00:00,6.38,8.33,3,95.34,True,DELIVERED
D01489,VAN-28,DEPOT-B,East Zone 1,2026-06-11 16:18:00,2026-06-11 16:36:48.679228513,2026-06-11 09:00:00,2026-06-11 18:00:00,9.36,1.42,10,73.66,True,DELIVERED
D01490,VAN-02,DEPOT-B,North Zone 1,2026-06-12 07:51:00,2026-06-12 08:08:19.103991535,2026-06-12 09:00:00,2026-06-12 09:00:00,8.97,3.25,10,79.47,True,DELIVERED
D01491,VAN-37,DEPOT-A,South Zone 1,2026-07-01 18:33:00,2026-07-01 18:45:27.105396574,2026-07-01 09:00:00,2026-07-01 20:00:00,6.73,10.76,6,89.59,True,DELIVERED
D01492,VAN-37,DEPOT-B,South Zone 1,2026-07-01 15:16:00,2026-07-01 15:29:48.469946619,2026-07-01 09:00:00,2026-07-01 17:00:00,4.13,1.21,7,55.3,True,DELIVERED
D01493,VAN-54,DEPOT-A,South Zone 2,2026-05-28 08:21:00,2026-05-28 09:09:39.290015465,2026-05-28 09:00:00,2026-05-28 10:00:00,12.98,9.83,8,107.26,True,DELIVERED
D01494,VAN-37,DEPOT-A,South Zone 1,2026-05-29 11:21:00,2026-05-29 11:29:37.397505446,2026-05-29 09:00:00,2026-05-29 13:00:00,4.48,8.47,5,66.78,True,DELIVERED
D01495,VAN-03,DEPOT-B,North Zone 1,2026-07-11 10:14:00,2026-07-11 10:30:32.818365304,2026-07-11 09:00:00,2026-07-11 12:00:00,10.47,6.65,4,82.97,True,DELIVERED
D01496,VAN-36,DEPOT-B,East Zone 1,2026-05-18 13:00:00,2026-05-18 13:37:41.343885866,2026-05-18 09:00:00,2026-05-18 15:00:00,12.77,,7,80.35,True,DELIVERED
D01497,VAN-30,DEPOT-A,North Zone 1,2026-05-08 15:20:00,2026-05-08 15:27:45.658080498,2026-05-08 09:00:00,2026-05-08 17:00:00,5.83,3.84,9,70.74,True,DELIVERED
D01498,VAN-10,DEPOT-A,South Zone 1,2026-05-27 10:32:00,2026-05-27 10:39:58.228722242,2026-05-27 09:00:00,2026-05-27 12:00:00,3.74,2.48,5,55.45,True,DELIVERED
D01499,VAN-15,DEPOT-A,West Zone 1,2026-06-28 15:05:00,2026-06-28 16:06:55.832604251,2026-06-28 09:00:00,2026-06-28 17:00:00,15.93,1.39,6,99.79,True,DELIVERED
D01500,VAN-37,DEPOT-A,West Zone 1,2026-07-05 16:01:00,2026-07-05 16:52:33.569779882,2026-07-05 09:00:00,2026-07-05 18:00:00,13.96,0.9,8,88.67,True,DELIVERED
D01501,VAN-18,DEPOT-A,North Zone 2,2026-06-11 10:14:00,2026-06-11 10:25:12.741608730,2026-06-11 09:00:00,2026-06-11 12:00:00,7.08,1.82,8,75.88,False,REDELIVERY_REQUIRED
D01502,VAN-08,DEPOT-B,North Zone 1,2026-06-14 16:09:00,2026-06-14 16:27:33.226429051,2026-06-14 09:00:00,2026-06-14 18:00:00,7.03,5.95,5,76.02,True,DELIVERED
D01503,VAN-31,DEPOT-B,South Zone 1,2026-07-12 11:39:00,2026-07-12 11:48:43.396329612,2026-07-12 09:00:00,2026-07-12 13:00:00,7.2,3.84,6,73.19,True,DELIVERED
D01504,VAN-07,DEPOT-C,North Zone 2,2026-07-05 12:24:00,2026-07-05 12:50:53.041917121,2026-07-05 09:00:00,2026-07-05 14:00:00,9.85,0.2,6,85.0,True,DELIVERED
D01505,VAN-43,DEPOT-C,South Zone 2,2026-05-19 16:14:00,2026-05-19 16:48:50.947303275,2026-05-19 09:00:00,2026-05-19 18:00:00,9.04,2.46,5,79.08,False,REDELIVERY_REQUIRED
D01506,VAN-18,DEPOT-B,South Zone 2,2026-06-29 17:50:00,2026-06-29 18:33:37.450238510,2026-06-29 09:00:00,2026-06-29 19:00:00,10.74,1.33,3,86.0,True,DELIVERED
D01507,VAN-12,DEPOT-B,South Zone 2,2026-05-28 10:26:00,2026-05-28 10:57:25.665571391,2026-05-28 09:00:00,2026-05-28 12:00:00,8.13,5.88,4,75.47,True,DELIVERED
D01508,VAN-22,DEPOT-B,South Zone 2,2026-06-29 15:34:00,2026-06-29 16:29:48.069934977,2026-06-29 09:00:00,2026-06-29 17:00:00,15.62,10.2,7,122.59,True,DELIVERED
D01509,VAN-21,DEPOT-A,South Zone 1,2026-06-05 12:58:00,2026-06-05 13:15:52.646449606,2026-06-05 09:00:00,2026-06-05 14:00:00,10.65,6.23,9,77.22,True,DELIVERED
D01510,VAN-58,DEPOT-B,North Zone 2,2026-05-25 12:47:00,2026-05-25 13:21:47.310212566,2026-05-25 09:00:00,2026-05-25 14:00:00,11.23,2.61,6,80.29,True,DELIVERED
D01511,VAN-28,DEPOT-C,North Zone 1,2026-06-18 12:49:00,2026-06-18 13:00:26.880824320,2026-06-18 09:00:00,2026-06-18 14:00:00,6.82,4.92,3,77.74,True,DELIVERED
D01512,VAN-18,DEPOT-A,North Zone 1,2026-07-05 11:34:00,2026-07-05 11:51:44.968782597,2026-07-05 09:00:00,2026-07-05 13:00:00,3.9,3.57,6,61.42,True,DELIVERED
D01513,VAN-56,DEPOT-B,West Zone 1,2026-05-26 09:42:00,2026-05-26 10:58:16.145812180,2026-05-26 09:00:00,2026-05-26 11:00:00,14.69,8.09,7,109.48,True,DELIVERED
D01514,VAN-58,DEPOT-C,South Zone 2,2026-07-07 18:02:00,2026-07-07 18:49:51.731600967,2026-07-07 09:00:00,2026-07-07 20:00:00,13.17,4.04,10,92.31,True,DELIVERED
D01515,VAN-46,DEPOT-C,South Zone 2,2026-05-12 17:38:00,2026-05-12 18:26:30.618387899,2026-05-12 09:00:00,2026-05-12 19:00:00,12.79,3.1,6,88.72,True,DELIVERED
D01516,VAN-21,DEPOT-A,West Zone 1,2026-05-17 17:07:00,2026-05-17 18:10:02.041763091,2026-05-17 09:00:00,2026-05-17 19:00:00,16.13,4.48,6,105.76,False,REDELIVERY_REQUIRED
D01517,VAN-45,DEPOT-C,North Zone 2,2026-05-23 14:06:00,2026-05-23 14:31:49.022686407,2026-05-23 09:00:00,2026-05-23 16:00:00,8.25,9.59,2,88.7,True,DELIVERED
D01518,VAN-54,DEPOT-C,East Zone 1,2026-05-05 07:08:00,2026-05-05 07:21:13.008139385,2026-05-05 09:00:00,2026-05-05 09:00:00,3.68,6.9,11,82.74,True,DELIVERED
D01519,VAN-38,DEPOT-B,South Zone 2,2026-07-09 07:23:00,2026-07-09 08:19:17.655591419,2026-07-09 09:00:00,2026-07-09 09:00:00,15.46,2.83,7,106.34,True,DELIVERED
D01520,VAN-52,DEPOT-C,North Zone 2,2026-05-10 08:43:00,2026-05-10 09:03:18.941319389,2026-05-10 09:00:00,2026-05-10 10:00:00,7.2,8.18,14,84.06,True,DELIVERED
D01521,VAN-32,DEPOT-B,North Zone 2,2026-06-19 09:02:00,2026-06-19 09:15:10.974681761,2026-06-19 09:00:00,2026-06-19 11:00:00,6.36,0.71,5,73.39,True,DELIVERED
D01522,VAN-57,DEPOT-B,South Zone 1,2026-06-18 10:32:00,2026-06-18 10:41:33.533520778,2026-06-18 09:00:00,2026-06-18 12:00:00,2.53,5.15,8,79.77,True,DELIVERED
D01523,VAN-30,DEPOT-A,South Zone 2,2026-05-10 12:27:00,2026-05-10 13:10:07.683877696,2026-05-10 09:00:00,2026-05-10 14:00:00,12.24,8.99,8,99.77,True,DELIVERED
D01524,VAN-01,DEPOT-B,North Zone 2,2026-07-01 08:28:00,2026-07-01 09:03:56.504013331,2026-07-01 09:00:00,2026-07-01 10:00:00,12.47,2.67,12,89.64,True,DELIVERED
D01525,VAN-32,DEPOT-B,South Zone 1,2026-07-04 12:34:00,2026-07-04 12:38:00.000000000,2026-07-04 09:00:00,2026-07-04 14:00:00,4.31,4.84,7,74.18,True,DELIVERED
D01526,VAN-55,DEPOT-A,North Zone 1,2026-06-20 15:08:00,2026-06-20 15:21:51.697465875,2026-06-20 09:00:00,2026-06-20 17:00:00,6.86,2.4,6,68.78,True,DELIVERED
D01527,VAN-58,DEPOT-A,South Zone 2,2026-06-10 10:14:00,2026-06-10 10:36:55.001584297,2026-06-10 09:00:00,2026-06-10 12:00:00,7.9,5.63,6,77.74,True,DELIVERED
D01528,VAN-12,DEPOT-B,South Zone 2,2026-05-10 10:22:00,2026-05-10 10:53:56.533750980,2026-05-10 09:00:00,2026-05-10 12:00:00,10.62,2.1,7,82.11,True,DELIVERED
D01529,VAN-33,DEPOT-C,North Zone 2,2026-05-09 13:33:00,2026-05-09 13:47:51.534278943,2026-05-09 09:00:00,2026-05-09 15:00:00,8.13,1.64,7,80.11,True,DELIVERED
D01530,VAN-41,DEPOT-B,West Zone 1,2026-05-21 14:25:00,2026-05-21 15:18:53.100744267,2026-05-21 09:00:00,2026-05-21 16:00:00,13.16,3.1,8,95.47,True,DELIVERED
D01531,VAN-44,DEPOT-A,East Zone 1,2026-05-11 08:07:00,2026-05-11 08:20:56.690643652,2026-05-11 09:00:00,2026-05-11 10:00:00,5.5,1.29,8,59.69,True,DELIVERED
D01532,VAN-24,DEPOT-C,South Zone 1,2026-07-05 12:15:00,2026-07-05 12:27:33.121650158,2026-07-05 09:00:00,2026-07-05 14:00:00,4.59,7.97,12,77.69,True,DELIVERED
D01533,VAN-23,DEPOT-A,East Zone 1,2026-06-06 14:02:00,2026-06-06 14:13:09.915629227,2026-06-06 09:00:00,2026-06-06 16:00:00,3.93,2.05,8,58.71,True,DELIVERED
D01534,VAN-53,DEPOT-A,West Zone 1,2026-07-08 09:35:00,2026-07-08 10:38:50.706049318,2026-07-08 09:00:00,2026-07-08 11:00:00,12.8,6.75,8,99.28,True,DELIVERED
D01535,VAN-14,DEPOT-A,West Zone 1,2026-07-12 07:57:00,2026-07-12 09:04:39.846557732,2026-07-12 09:00:00,2026-07-12 09:00:00,14.52,3.68,5,108.31,True,DELIVERED
D01536,VAN-57,DEPOT-A,South Zone 2,2026-07-01 15:56:00,2026-07-01 16:40:59.464668568,2026-07-01 09:00:00,2026-07-01 17:00:00,13.12,4.85,7,113.07,True,DELIVERED
D01537,VAN-54,DEPOT-B,East Zone 1,2026-05-17 14:51:00,2026-05-17 15:04:26.042555432,2026-05-17 09:00:00,2026-05-17 16:00:00,5.98,4.92,6,72.28,True,DELIVERED
D01538,VAN-22,DEPOT-A,South Zone 2,2026-05-11 14:49:00,2026-05-11 15:30:19.957502479,2026-05-11 09:00:00,2026-05-11 16:00:00,10.97,2.12,5,77.5,True,DELIVERED
D01539,VAN-05,DEPOT-B,South Zone 2,2026-05-11 12:52:00,2026-05-11 13:40:02.834875474,2026-05-11 09:00:00,2026-05-11 14:00:00,13.79,2.32,5,93.12,True,DELIVERED
D01540,VAN-26,DEPOT-B,South Zone 2,2026-05-08 12:56:00,2026-05-08 12:57:00.000000000,2026-05-08 09:00:00,2026-05-08 14:00:00,11.66,2.26,7,95.13,True,DELIVERED
D01541,VAN-23,DEPOT-C,South Zone 1,2026-06-26 07:20:00,2026-06-26 07:27:25.548228937,2026-06-26 09:00:00,2026-06-26 09:00:00,5.97,3.18,9,68.24,True,DELIVERED
D01542,VAN-20,DEPOT-B,East Zone 1,2026-05-29 09:00:00,2026-05-29 09:16:25.137101587,2026-05-29 09:00:00,2026-05-29 11:00:00,9.22,0.2,7,86.07,True,DELIVERED
D01543,VAN-11,DEPOT-A,West Zone 1,2026-07-12 08:43:00,2026-07-12 09:36:35.059110645,2026-07-12 09:00:00,2026-07-12 10:00:00,13.69,3.2,6,93.59,True,DELIVERED
D01544,VAN-12,DEPOT-C,North Zone 2,2026-05-10 11:40:00,2026-05-10 12:09:04.614561512,2026-05-10 09:00:00,2026-05-10 13:00:00,9.36,6.02,8,83.94,True,DELIVERED
D01545,VAN-02,DEPOT-A,South Zone 2,2026-06-07 18:06:00,2026-06-07 18:53:35.908522600,2026-06-07 09:00:00,2026-06-07 20:00:00,14.87,6.94,8,102.18,True,DELIVERED
D01546,VAN-54,DEPOT-A,South Zone 2,2026-05-20 16:16:00,2026-05-20 17:17:09.236270698,2026-05-20 09:00:00,2026-05-20 18:00:00,16.57,1.58,9,95.83,True,DELIVERED
D01547,VAN-19,DEPOT-A,North Zone 2,2026-06-21 09:48:00,2026-06-21 10:23:52.103728863,2026-06-21 09:00:00,2026-06-21 11:00:00,12.95,8.15,7,91.76,True,DELIVERED
D01548,VAN-53,DEPOT-B,East Zone 1,2026-05-08 13:48:00,2026-05-08 14:06:39.831792761,2026-05-08 09:00:00,2026-05-08 15:00:00,6.78,2.57,5,78.56,True,DELIVERED
D01549,VAN-13,DEPOT-A,West Zone 1,2026-06-19 16:05:00,2026-06-19 16:48:32.213185616,2026-06-19 09:00:00,2026-06-19 18:00:00,11.07,3.19,5,95.45,False,REDELIVERY_REQUIRED
D01550,VAN-39,DEPOT-A,West Zone 1,2026-07-12 07:27:00,2026-07-12 08:29:48.336488472,2026-07-12 09:00:00,2026-07-12 09:00:00,14.99,5.74,8,96.67,False,REDELIVERY_REQUIRED
D01551,VAN-52,DEPOT-C,East Zone 1,2026-06-05 12:56:00,2026-06-05 13:09:47.409704365,2026-06-05 09:00:00,2026-06-05 14:00:00,5.8,1.32,7,61.64,True,DELIVERED
D01552,VAN-16,DEPOT-B,South Zone 1,2026-06-08 15:43:00,2026-06-08 15:58:35.517104524,2026-06-08 09:00:00,2026-06-08 17:00:00,6.98,4.49,9,75.36,True,DELIVERED
D01553,VAN-47,DEPOT-A,East Zone 1,2026-06-09 16:37:00,2026-06-09 17:04:16.870482048,2026-06-09 09:00:00,2026-06-09 18:00:00,7.78,3.02,6,73.95,True,DELIVERED
D01554,VAN-47,DEPOT-A,East Zone 1,2026-05-31 09:33:00,2026-05-31 09:49:00.252396425,2026-05-31 09:00:00,2026-05-31 11:00:00,6.7,1.33,9,72.24,True,DELIVERED
D01555,VAN-01,DEPOT-C,South Zone 2,2026-05-09 07:37:00,2026-05-09 08:15:59.674494671,2026-05-09 09:00:00,2026-05-09 09:00:00,10.53,1.18,10,84.6,False,REDELIVERY_REQUIRED
D01556,VAN-21,DEPOT-B,North Zone 2,2026-06-06 07:04:00,2026-06-06 07:28:50.624829467,2026-06-06 09:00:00,2026-06-06 09:00:00,6.88,11.44,1,87.95,True,DELIVERED
D01557,VAN-10,DEPOT-A,North Zone 2,2026-05-29 12:07:00,2026-05-29 12:29:47.268355450,2026-05-29 09:00:00,2026-05-29 14:00:00,11.94,6.2,5,94.86,True,DELIVERED
D01558,VAN-24,DEPOT-A,South Zone 1,2026-06-29 11:02:00,2026-06-29 11:20:20.721424683,2026-06-29 09:00:00,2026-06-29 13:00:00,4.43,1.47,7,60.16,True,DELIVERED
D01559,VAN-25,DEPOT-A,South Zone 2,2026-06-10 13:20:00,2026-06-10 13:42:15.680014476,2026-06-10 09:00:00,2026-06-10 15:00:00,7.04,3.09,6,83.21,True,DELIVERED
D01560,VAN-29,DEPOT-C,East Zone 1,2026-06-08 12:00:00,2026-06-08 12:14:22.415817331,2026-06-08 09:00:00,2026-06-08 14:00:00,7.01,9.05,7,72.9,True,DELIVERED
D01561,VAN-37,DEPOT-C,South Zone 1,2026-07-02 12:59:00,2026-07-02 13:04:07.848462250,2026-07-02 09:00:00,2026-07-02 14:00:00,6.31,4.11,7,67.01,True,DELIVERED
D01562,VAN-37,DEPOT-C,West Zone 1,2026-07-05 17:54:00,2026-07-05 18:59:04.135948467,2026-07-05 09:00:00,2026-07-05 19:00:00,16.85,0.94,12,101.39,True,DELIVERED
D01563,VAN-05,DEPOT-A,South Zone 1,2026-06-13 11:36:00,2026-06-13 11:40:00.000000000,2026-06-13 09:00:00,2026-06-13 13:00:00,4.58,3.84,5,64.78,True,DELIVERED
D01564,VAN-39,DEPOT-B,East Zone 1,2026-05-08 09:02:00,2026-05-08 09:28:00.661828513,2026-05-08 09:00:00,2026-05-08 11:00:00,11.44,3.68,7,78.07,True,DELIVERED
D01565,VAN-28,DEPOT-C,West Zone 1,2026-07-11 10:02:00,2026-07-11 11:00:36.017193974,2026-07-11 09:00:00,2026-07-11 12:00:00,17.6,4.69,4,112.87,True,DELIVERED
D01566,VAN-50,DEPOT-C,North Zone 2,2026-05-16 17:38:00,2026-05-16 18:07:20.285213753,2026-05-16 09:00:00,2026-05-16 19:00:00,11.78,3.48,8,91.96,True,DELIVERED
D01567,VAN-06,DEPOT-B,South Zone 2,2026-06-16 08:43:00,2026-06-16 09:31:47.606780527,2026-06-16 09:00:00,2026-06-16 10:00:00,12.55,2.02,6,87.66,True,DELIVERED
D01568,VAN-01,DEPOT-A,South Zone 2,2026-05-20 07:09:00,2026-05-20 07:58:15.151993713,2026-05-20 09:00:00,2026-05-20 09:00:00,13.31,2.02,8,85.44,True,DELIVERED
D01569,VAN-25,DEPOT-C,South Zone 2,2026-06-27 14:43:00,2026-06-27 15:05:13.119517921,2026-06-27 09:00:00,2026-06-27 16:00:00,8.42,1.1,8,77.04,True,DELIVERED
D01570,VAN-30,DEPOT-B,South Zone 2,2026-07-04 14:26:00,2026-07-04 15:03:53.187336637,2026-07-04 09:00:00,2026-07-04 16:00:00,12.65,3.86,4,96.47,True,DELIVERED
D01571,VAN-38,DEPOT-B,West Zone 1,2026-06-27 12:58:00,2026-06-27 13:51:53.579760504,2026-06-27 09:00:00,2026-06-27 14:00:00,17.7,5.09,12,115.48,True,DELIVERED
D01572,VAN-22,DEPOT-B,North Zone 1,2026-06-20 07:48:00,2026-06-20 07:58:19.608364991,2026-06-20 09:00:00,2026-06-20 09:00:00,6.37,4.74,5,81.94,True,DELIVERED
D01573,VAN-06,DEPOT-A,North Zone 1,2026-06-22 17:02:00,2026-06-22 17:16:44.047918233,2026-06-22 09:00:00,2026-06-22 19:00:00,6.39,2.13,6,69.91,True,DELIVERED
D01574,VAN-29,DEPOT-B,West Zone 1,2026-05-19 13:56:00,2026-05-19 14:45:22.469361720,2026-05-19 09:00:00,2026-05-19 15:00:00,11.17,4.34,6,86.11,True,DELIVERED
D01575,VAN-15,DEPOT-A,North Zone 1,2026-07-09 10:26:00,2026-07-09 10:30:00.000000000,2026-07-09 09:00:00,2026-07-09 12:00:00,1.41,7.27,5,51.92,True,DELIVERED
D01576,VAN-21,DEPOT-A,South Zone 2,2026-05-15 12:57:00,2026-05-15 13:28:06.391586945,2026-05-15 09:00:00,2026-05-15 14:00:00,9.1,0.6,8,79.95,True,DELIVERED
D01577,VAN-23,DEPOT-B,West Zone 1,2026-06-03 16:27:00,2026-06-03 17:30:00.561979505,2026-06-03 09:00:00,2026-06-03 18:00:00,14.23,3.82,5,93.56,True,DELIVERED
D01578,VAN-04,DEPOT-B,North Zone 2,2026-07-11 10:28:00,2026-07-11 11:01:10.363656816,2026-07-11 09:00:00,2026-07-11 12:00:00,12.08,3.55,10,99.33,True,DELIVERED
D01579,VAN-10,DEPOT-A,South Zone 1,2026-05-31 12:37:00,2026-05-31 12:47:13.705836078,2026-05-31 09:00:00,2026-05-31 14:00:00,5.36,3.56,16,71.94,True,DELIVERED
D01580,VAN-18,DEPOT-C,West Zone 1,2026-06-24 11:30:00,2026-06-24 12:37:31.495187441,2026-06-24 09:00:00,2026-06-24 13:00:00,14.77,3.02,4,92.32,True,DELIVERED
D01581,VAN-32,DEPOT-B,South Zone 2,2026-06-25 08:57:00,2026-06-25 10:02:05.677932641,2026-06-25 09:00:00,2026-06-25 10:00:00,18.12,6.27,3,96.93,True,DELIVERED
D01582,VAN-54,DEPOT-A,East Zone 1,2026-07-01 18:23:00,2026-07-01 18:46:38.348614041,2026-07-01 09:00:00,2026-07-01 20:00:00,7.78,6.78,3,86.13,True,DELIVERED
D01583,VAN-58,DEPOT-C,West Zone 1,2026-06-12 08:59:00,2026-06-12 09:51:43.111988320,2026-06-12 09:00:00,2026-06-12 10:00:00,13.53,4.63,1,98.49,True,DELIVERED
D01584,VAN-17,DEPOT-A,North Zone 2,2026-05-18 07:47:00,2026-05-18 08:08:14.920602787,2026-05-18 09:00:00,2026-05-18 09:00:00,10.09,3.82,5,82.82,True,DELIVERED
D01585,VAN-18,DEPOT-C,North Zone 1,2026-05-14 15:02:00,2026-05-14 15:08:51.177714906,2026-05-14 09:00:00,2026-05-14 17:00:00,5.19,0.38,7,64.85,True,DELIVERED
D01586,VAN-32,DEPOT-A,North Zone 1,2026-06-12 14:47:00,2026-06-12 14:52:39.907725896,2026-06-12 09:00:00,2026-06-12 16:00:00,1.23,2.42,9,56.7,True,DELIVERED
D01587,VAN-58,DEPOT-A,East Zone 1,2026-07-04 09:59:00,2026-07-04 10:19:19.429155079,2026-07-04 09:00:00,2026-07-04 11:00:00,8.57,8.55,4,85.73,True,DELIVERED
D01588,VAN-37,DEPOT-C,East Zone 1,2026-05-18 07:14:00,2026-05-18 07:24:01.628911703,2026-05-18 09:00:00,2026-05-18 09:00:00,5.22,2.24,8,71.61,True,DELIVERED
D01589,VAN-41,DEPOT-A,South Zone 1,2026-06-01 09:46:00,2026-06-01 09:56:36.089992564,2026-06-01 09:00:00,2026-06-01 11:00:00,5.09,3.05,7,57.27,True,DELIVERED
D01590,VAN-12,DEPOT-A,South Zone 1,2026-05-25 10:20:00,2026-05-25 10:30:32.815472355,2026-05-25 09:00:00,2026-05-25 12:00:00,5.41,3.53,5,74.79,True,DELIVERED
D01591,VAN-29,DEPOT-A,South Zone 2,2026-06-25 13:39:00,2026-06-25 14:33:01.446442356,2026-06-25 09:00:00,2026-06-25 15:00:00,15.48,0.89,5,96.02,True,DELIVERED
D01592,VAN-34,DEPOT-C,North Zone 2,2026-07-02 11:32:00,2026-07-02 11:46:24.192186027,2026-07-02 09:00:00,2026-07-02 13:00:00,6.19,1.18,9,61.58,True,DELIVERED
D01593,VAN-24,DEPOT-A,North Zone 2,2026-06-06 16:47:00,2026-06-06 17:07:05.429074686,2026-06-06 09:00:00,2026-06-06 18:00:00,9.8,2.31,6,85.33,True,DELIVERED
D01594,VAN-32,DEPOT-B,South Zone 1,2026-06-11 10:01:00,2026-06-11 10:07:38.903253110,2026-06-11 09:00:00,2026-06-11 12:00:00,5.57,3.82,9,67.49,True,DELIVERED
D01595,VAN-20,DEPOT-C,South Zone 1,2026-05-13 07:32:00,2026-05-13 07:36:00.000000000,2026-05-13 09:00:00,2026-05-13 09:00:00,0.5,2.17,9,43.32,True,DELIVERED
D01596,VAN-34,DEPOT-B,West Zone 1,2026-05-14 14:46:00,2026-05-14 15:39:45.907522592,2026-05-14 09:00:00,2026-05-14 16:00:00,12.2,4.87,7,97.53,True,DELIVERED
D01597,VAN-09,DEPOT-A,North Zone 1,2026-07-09 11:40:00,2026-07-09 11:56:16.158962204,2026-07-09 09:00:00,2026-07-09 13:00:00,9.03,5.01,10,83.81,True,DELIVERED
D01598,VAN-17,DEPOT-A,North Zone 2,2026-05-19 12:57:00,2026-05-19 13:19:04.894755410,2026-05-19 09:00:00,2026-05-19 14:00:00,6.93,14.99,4,102.71,False,REDELIVERY_REQUIRED
D01599,VAN-26,DEPOT-C,South Zone 1,2026-05-25 16:50:00,2026-05-25 16:55:12.822703741,2026-05-25 09:00:00,2026-05-25 18:00:00,7.56,2.41,5,73.19,True,DELIVERED
D01600,VAN-50,DEPOT-B,West Zone 1,2026-06-20 12:38:00,2026-06-20 13:27:42.634167618,2026-06-20 09:00:00,2026-06-20 14:00:00,13.02,3.16,7,89.35,True,DELIVERED
D01601,VAN-51,DEPOT-C,North Zone 2,2026-06-25 15:00:00,2026-06-25 15:17:36.128783341,2026-06-25 09:00:00,2026-06-25 17:00:00,4.5,2.54,6,56.74,True,DELIVERED
D01602,VAN-01,DEPOT-C,South Zone 1,2026-07-01 14:03:00,2026-07-01 14:20:40.325108604,2026-07-01 09:00:00,2026-07-01 16:00:00,7.83,4.75,5,73.03,True,DELIVERED
D01603,VAN-02,DEPOT-C,South Zone 1,2026-05-22 17:41:00,2026-05-22 17:53:02.906152354,2026-05-22 09:00:00,2026-05-22 19:00:00,2.86,0.8,7,58.76,True,DELIVERED
D01604,VAN-04,DEPOT-C,West Zone 1,2026-06-16 15:54:00,2026-06-16 17:01:58.236297051,2026-06-16 09:00:00,2026-06-16 17:00:00,14.9,2.0,8,115.51,True,DELIVERED
D01605,VAN-58,DEPOT-B,North Zone 1,2026-07-04 08:53:00,2026-07-04 09:07:05.830729175,2026-07-04 09:00:00,2026-07-04 10:00:00,7.36,2.48,4,89.93,True,DELIVERED
D01606,VAN-22,DEPOT-C,South Zone 1,2026-05-17 07:24:00,2026-05-17 07:28:00.000000000,2026-05-17 09:00:00,2026-05-17 09:00:00,5.45,1.8,6,59.52,True,DELIVERED
D01607,VAN-60,DEPOT-C,North Zone 1,2026-07-11 14:42:00,2026-07-11 14:50:40.253671565,2026-07-11 09:00:00,2026-07-11 16:00:00,4.56,2.34,10,57.2,True,DELIVERED
D01608,VAN-30,DEPOT-A,South Zone 1,2026-07-08 07:06:00,2026-07-08 07:12:17.257135468,2026-07-08 09:00:00,2026-07-08 09:00:00,3.5,1.48,3,55.94,True,DELIVERED
D01609,VAN-40,DEPOT-B,West Zone 1,2026-06-22 11:37:00,2026-06-22 12:22:24.582177240,2026-06-22 09:00:00,2026-06-22 13:00:00,12.51,1.61,9,83.09,False,REDELIVERY_REQUIRED
D01610,VAN-12,DEPOT-C,South Zone 1,2026-06-28 16:47:00,2026-06-28 16:59:23.995426652,2026-06-28 09:00:00,2026-06-28 18:00:00,8.52,16.01,7,95.29,True,DELIVERED
D01611,VAN-05,DEPOT-C,South Zone 1,2026-07-10 07:19:00,2026-07-10 07:23:00.000000000,2026-07-10 09:00:00,2026-07-10 09:00:00,4.17,4.98,6,76.24,True,DELIVERED
D01612,VAN-54,DEPOT-A,North Zone 2,2026-06-27 09:31:00,2026-06-27 09:54:55.476375123,2026-06-27 09:00:00,2026-06-27 11:00:00,9.58,3.78,9,85.68,True,DELIVERED
D01613,VAN-42,DEPOT-A,North Zone 1,2026-05-11 18:39:00,2026-05-11 19:02:42.642970335,2026-05-11 09:00:00,2026-05-11 20:00:00,11.16,1.58,9,96.88,True,DELIVERED
D01614,VAN-20,DEPOT-C,South Zone 1,2026-05-26 17:34:00,2026-05-26 17:50:56.472168139,2026-05-26 09:00:00,2026-05-26 19:00:00,6.02,5.93,7,77.7,True,DELIVERED
D01615,VAN-56,DEPOT-C,North Zone 2,2026-07-06 12:11:00,2026-07-06 12:22:19.662103562,2026-07-06 09:00:00,2026-07-06 14:00:00,6.06,3.55,6,63.65,True,DELIVERED
D01616,VAN-01,DEPOT-A,West Zone 1,2026-06-08 08:57:00,2026-06-08 09:50:33.089466130,2026-06-08 09:00:00,2026-06-08 10:00:00,12.75,0.72,10,87.4,True,DELIVERED
D01617,VAN-41,DEPOT-C,North Zone 1,2026-06-21 09:03:00,2026-06-21 09:07:13.337266046,2026-06-21 09:00:00,2026-06-21 11:00:00,1.12,2.25,6,54.91,True,DELIVERED
D01618,VAN-32,DEPOT-B,East Zone 1,2026-05-26 08:50:00,2026-05-26 09:10:07.786441602,2026-05-26 09:00:00,2026-05-26 10:00:00,5.52,2.66,6,71.04,True,DELIVERED
D01619,VAN-37,DEPOT-C,North Zone 2,2026-06-09 14:08:00,2026-06-09 14:14:08.381247449,2026-06-09 09:00:00,2026-06-09 16:00:00,2.39,7.78,5,71.77,True,DELIVERED
D01620,VAN-32,DEPOT-B,East Zone 1,2026-05-15 13:16:00,2026-05-15 13:41:54.315575279,2026-05-15 09:00:00,2026-05-15 15:00:00,11.48,0.79,6,71.52,True,DELIVERED
D01621,VAN-19,DEPOT-C,North Zone 2,2026-05-06 12:46:00,2026-05-06 13:17:13.376293320,2026-05-06 09:00:00,2026-05-06 14:00:00,10.47,0.38,6,75.5,True,DELIVERED
D01622,VAN-60,DEPOT-A,North Zone 2,2026-07-03 14:39:00,2026-07-03 15:01:58.358453769,2026-07-03 09:00:00,2026-07-03 16:00:00,9.95,2.01,5,81.95,True,
D01623,VAN-33,DEPOT-A,North Zone 2,2026-07-08 11:17:00,2026-07-08 11:51:20.028855693,2026-07-08 09:00:00,2026-07-08 13:00:00,9.23,1.21,8,85.04,False,REDELIVERY_REQUIRED
D01624,VAN-32,DEPOT-A,West Zone 1,2026-07-04 15:17:00,2026-07-04 16:17:37.506411208,2026-07-04 09:00:00,2026-07-04 17:00:00,18.86,3.3,8,117.4,True,DELIVERED
D01625,VAN-28,DEPOT-C,N. Zone 2,2026-06-24 09:28:00,2026-06-24 09:53:07.933411417,2026-06-24 09:00:00,2026-06-24 11:00:00,9.38,0.97,5,72.57,True,DELIVERED
D01626,VAN-32,DEPOT-A,South Zone 2,2026-06-29 15:44:00,2026-06-29 16:14:02.406170409,2026-06-29 09:00:00,2026-06-29 17:00:00,8.67,6.36,4,84.15,True,DELIVERED
D01627,VAN-17,DEPOT-B,South Zone 2,2026-06-01 09:06:00,2026-06-01 09:56:54.475558548,2026-06-01 09:00:00,2026-06-01 11:00:00,15.88,8.75,7,113.8,True,DELIVERED
D01628,VAN-12,DEPOT-C,East Zone 1,2026-05-11 14:53:00,2026-05-11 15:05:57.048430111,2026-05-11 09:00:00,2026-05-11 16:00:00,6.22,2.4,12,68.52,True,DELIVERED
D01629,VAN-32,DEPOT-C,West Zone 1,2026-05-21 18:15:00,2026-05-21 19:06:39.886147895,2026-05-21 09:00:00,2026-05-21 20:00:00,14.08,8.52,9,111.9,True,DELIVERED
D01630,VAN-30,DEPOT-C,South Zone 1,2026-05-16 13:38:00,2026-05-16 13:52:40.404785322,2026-05-16 09:00:00,2026-05-16 15:00:00,8.51,0.28,9,77.12,True,DELIVERED
D01631,VAN-28,DEPOT-A,North Zone 1,2026-07-08 14:42:00,2026-07-08 14:56:01.049421158,2026-07-08 09:00:00,2026-07-08 16:00:00,4.29,1.62,4,52.85,True,DELIVERED
D01632,VAN-57,DEPOT-A,East Zone 1,2026-06-11 10:58:00,2026-06-11 11:14:13.670287116,2026-06-11 09:00:00,2026-06-11 12:00:00,7.62,7.16,9,82.18,True,DELIVERED
D01633,VAN-08,DEPOT-B,South Zone 2,2026-05-30 16:07:00,2026-05-30 16:47:25.487507965,2026-05-30 09:00:00,2026-05-30 18:00:00,14.52,3.62,6,90.09,True,DELIVERED
D01634,VAN-08,DEPOT-C,East Zone 1,2026-07-11 16:51:00,2026-07-11 17:05:56.971202655,2026-07-11 09:00:00,2026-07-11 18:00:00,8.11,4.76,9,71.77,False,REDELIVERY_REQUIRED
D01635,VAN-06,DEPOT-C,South Zone 1,2026-06-22 17:05:00,2026-06-22 17:16:17.799215183,2026-06-22 09:00:00,2026-06-22 19:00:00,4.14,8.06,5,80.47,True,DELIVERED
D01636,VAN-01,DEPOT-A,North Zone 1,2026-06-01 16:14:00,2026-06-01 16:18:14.826202942,2026-06-01 09:00:00,2026-06-01 18:00:00,5.0,,8,72.26,True,DELIVERED
D01637,VAN-47,DEPOT-B,South Zone 1,2026-06-05 12:44:00,2026-06-05 12:48:00.000000000,2026-06-05 09:00:00,2026-06-05 14:00:00,7.31,8.09,7,97.18,True,DELIVERED
D01638,VAN-04,DEPOT-A,North Zone 1,2026-07-10 07:52:00,2026-07-10 07:57:34.467271710,2026-07-10 09:00:00,2026-07-10 09:00:00,5.19,1.47,12,57.19,False,REDELIVERY_REQUIRED
D01639,VAN-10,DEPOT-B,North Zone 1,2026-05-25 18:06:00,2026-05-25 18:10:00.000000000,2026-05-25 09:00:00,2026-05-25 20:00:00,2.48,0.77,8,48.13,True,DELIVERED
D01640,VAN-44,DEPOT-C,South Zone 1,2026-05-05 12:09:00,2026-05-05 12:17:47.570994190,2026-05-05 09:00:00,2026-05-05 14:00:00,4.49,1.58,9,67.53,True,DELIVERED
D01641,VAN-16,DEPOT-C,West Zone 1,2026-06-23 17:57:00,2026-06-23 18:57:06.671266578,2026-06-23 09:00:00,2026-06-23 19:00:00,14.07,3.01,15,106.16,True,DELIVERED
D01642,VAN-51,DEPOT-A,West Zone 1,2026-05-25 10:17:00,2026-05-25 11:17:30.675120386,2026-05-25 09:00:00,2026-05-25 12:00:00,13.88,2.81,5,83.55,True,DELIVERED
D01643,VAN-33,DEPOT-A,North Zone 1,2026-06-06 16:34:00,2026-06-06 16:48:13.032949090,2026-06-06 09:00:00,2026-06-06 18:00:00,6.25,2.89,7,73.53,True,DELIVERED
D01644,VAN-32,DEPOT-C,West Zone 1,2026-05-17 15:40:00,2026-05-17 16:37:25.060526652,2026-05-17 09:00:00,2026-05-17 17:00:00,16.05,0.24,8,92.33,True,DELIVERED
D01645,VAN-47,DEPOT-C,South Zone 2,2026-06-10 09:17:00,2026-06-10 10:00:00.935224020,2026-06-10 09:00:00,2026-06-10 11:00:00,11.39,3.21,6,90.08,False,REDELIVERY_REQUIRED
D01646,VAN-10,DEPOT-A,East Zone 1,2026-05-21 09:22:00,2026-05-21 09:37:30.243775739,2026-05-21 09:00:00,2026-05-21 11:00:00,6.39,2.09,8,83.68,True,DELIVERED
D01647,VAN-42,DEPOT-C,North Zone 2,2026-05-13 15:02:00,2026-05-13 15:13:10.050802846,2026-05-13 09:00:00,2026-05-13 17:00:00,4.61,4.47,9,66.25,True,DELIVERED
D01648,VAN-51,DEPOT-A,West Zone 1,2026-06-01 11:37:00,2026-06-01 12:20:59.183678001,2026-06-01 09:00:00,2026-06-01 13:00:00,10.96,0.25,9,83.06,True,DELIVERED
D01649,VAN-07,DEPOT-B,South Zone 1,2026-05-23 17:13:00,2026-05-23 17:19:32.458774264,2026-05-23 09:00:00,2026-05-23 19:00:00,5.95,4.86,5,71.26,True,DELIVERED
D01650,VAN-52,DEPOT-C,South Zone 1,2026-05-20 11:47:00,2026-05-20 12:08:20.500828298,2026-05-20 09:00:00,2026-05-20 13:00:00,10.88,4.33,10,84.35,True,DELIVERED
D01651,VAN-44,DEPOT-A,West Zone 1,2026-07-03 10:42:00,2026-07-03 11:41:18.697101540,2026-07-03 09:00:00,2026-07-03 12:00:00,16.72,0.5,6,90.32,True,DELIVERED
D01652,VAN-49,DEPOT-B,South Zone 1,2026-05-25 14:20:00,2026-05-25 14:27:10.052590831,2026-05-25 09:00:00,2026-05-25 16:00:00,2.97,0.9,5,57.95,True,DELIVERED
D01653,VAN-23,DEPOT-A,West Zone 1,2026-05-13 09:07:00,2026-05-13 10:09:39.992904225,2026-05-13 09:00:00,2026-05-13 11:00:00,13.72,2.53,11,96.78,True,DELIVERED
D01654,VAN-52,DEPOT-C,North Zone 2,2026-06-20 13:30:00,2026-06-20 13:49:56.152401564,2026-06-20 09:00:00,2026-06-20 15:00:00,10.85,4.07,7,85.92,True,DELIVERED
D01655,VAN-51,DEPOT-B,South Zone 2,2026-06-30 07:13:00,2026-06-30 07:37:44.307059790,2026-06-30 09:00:00,2026-06-30 09:00:00,7.53,3.72,7,71.96,True,DELIVERED
D01656,VAN-37,DEPOT-C,North Zone 1,2026-06-03 12:40:00,2026-06-03 12:48:55.544631381,2026-06-03 09:00:00,2026-06-03 14:00:00,4.9,9.18,7,83.8,True,DELIVERED
D01657,VAN-12,DEPOT-B,South Zone 2,2026-06-10 15:52:00,2026-06-10 16:50:54.849326191,2026-06-10 09:00:00,2026-06-10 17:00:00,15.81,6.34,6,105.36,True,DELIVERED
D01658,VAN-48,DEPOT-B,North Zone 1,2026-06-14 16:31:00,2026-06-14 16:47:29.623795444,2026-06-14 09:00:00,2026-06-14 18:00:00,6.58,1.92,8,76.16,True,DELIVERED
D01659,VAN-12,DEPOT-B,East Zone 1,2026-07-12 13:18:00,2026-07-12 13:44:23.994505031,2026-07-12 09:00:00,2026-07-12 15:00:00,9.89,3.43,8,79.46,True,DELIVERED
D01660,VAN-13,DEPOT-C,West Zone 1,2026-06-20 14:59:00,2026-06-20 15:50:00.007896472,2026-06-20 09:00:00,2026-06-20 16:00:00,14.86,6.07,8,104.73,True,DELIVERED
D01661,VAN-41,DEPOT-A,North Zone 1,2026-05-06 12:26:00,2026-05-06 12:32:08.698206923,2026-05-06 09:00:00,2026-05-06 14:00:00,4.94,4.15,12,62.03,True,DELIVERED
D01662,VAN-19,DEPOT-C,South Zone 1,2026-06-11 18:39:00,2026-06-11 18:44:57.448181114,2026-06-11 09:00:00,2026-06-11 20:00:00,2.68,1.99,6,60.93,True,DELIVERED
D01663,VAN-04,DEPOT-B,South Zone 1,2026-06-27 14:04:00,2026-06-27 14:13:23.435896273,2026-06-27 09:00:00,2026-06-27 16:00:00,5.47,3.47,8,69.35,True,DELIVERED
D01664,VAN-12,DEPOT-B,South Zone 1,2026-05-20 16:31:00,2026-05-20 16:46:22.896158843,2026-05-20 09:00:00,2026-05-20 18:00:00,7.08,6.54,6,72.24,True,DELIVERED
D01665,VAN-33,DEPOT-A,South Zone 1,2026-06-16 07:47:00,2026-06-16 08:00:24.862944581,2026-06-16 09:00:00,2026-06-16 09:00:00,6.79,2.71,3,58.4,True,DELIVERED
D01666,VAN-15,DEPOT-A,West Zone 1,2026-05-04 15:46:00,2026-05-04 16:50:35.749117042,2026-05-04 09:00:00,2026-05-04 17:00:00,15.71,5.31,5,102.89,True,DELIVERED
D01667,VAN-52,DEPOT-A,South Zone 1,2026-05-31 18:06:00,2026-05-31 18:23:20.114959246,2026-05-31 09:00:00,2026-05-31 20:00:00,2.7,1.03,9,52.61,False,REDELIVERY_REQUIRED
D01668,VAN-41,DEPOT-B,North Zone 2,2026-05-24 16:04:00,2026-05-24 16:44:11.517873196,2026-05-24 09:00:00,2026-05-24 18:00:00,11.97,8.43,7,106.71,True,DELIVERED
D01669,VAN-14,DEPOT-C,East Zone 1,2026-06-03 16:04:00,2026-06-03 16:31:49.106274753,2026-06-03 09:00:00,2026-06-03 18:00:00,11.32,0.7,11,95.41,True,DELIVERED
D01670,VAN-20,DEPOT-C,South Zone 1,2026-05-14 16:33:00,2026-05-14 16:41:53.961034765,2026-05-14 09:00:00,2026-05-14 18:00:00,4.37,3.66,4,58.28,True,DELIVERED
D01671,VAN-52,DEPOT-C,East Zone 1,2026-06-28 16:14:00,2026-06-28 16:29:10.873782370,2026-06-28 09:00:00,2026-06-28 18:00:00,6.73,2.31,7,72.24,False,REDELIVERY_REQUIRED
D01672,VAN-43,DEPOT-C,North Zone 2,2026-07-01 11:24:00,2026-07-01 11:35:50.835792713,2026-07-01 09:00:00,2026-07-01 13:00:00,4.59,4.76,11,65.57,True,DELIVERED
D01673,VAN-17,DEPOT-B,South Zone 1,2026-07-12 11:26:00,2026-07-12 11:35:19.044549173,2026-07-12 09:00:00,2026-07-12 13:00:00,7.48,6.34,3,82.33,True,DELIVERED
D01674,VAN-44,DEPOT-C,North Zone 1,2026-06-23 09:50:00,2026-06-23 10:02:40.611844624,2026-06-23 09:00:00,2026-06-23 11:00:00,3.66,6.72,6,71.0,True,DELIVERED
D01675,VAN-37,DEPOT-B,East Zone 1,2026-06-01 11:36:00,2026-06-01 12:01:56.358790979,2026-06-01 09:00:00,2026-06-01 13:00:00,9.27,1.53,9,80.89,True,DELIVERED
D01676,VAN-60,DEPOT-B,South Zone 2,2026-06-18 07:23:00,2026-06-18 08:11:15.899527241,2026-06-18 09:00:00,2026-06-18 09:00:00,13.01,3.34,11,91.96,True,DELIVERED
D01677,VAN-25,DEPOT-B,North Zone 2,2026-07-05 09:11:00,2026-07-05 09:38:15.334015229,2026-07-05 09:00:00,2026-07-05 11:00:00,10.56,7.04,9,88.11,True,DELIVERED
D01678,VAN-56,DEPOT-C,North Zone 2,2026-05-31 07:17:00,2026-05-31 07:38:03.401340857,2026-05-31 09:00:00,2026-05-31 09:00:00,6.83,2.87,8,61.99,True,DELIVERED
D01679,VAN-60,DEPOT-A,South Zone 1,2026-06-19 14:24:00,2026-06-19 14:34:45.211652060,2026-06-19 09:00:00,2026-06-19 16:00:00,6.43,1.0,11,59.23,True,DELIVERED
D01680,VAN-26,DEPOT-C,West Zone 1,2026-06-16 10:57:00,2026-06-16 11:44:39.085502339,2026-06-16 09:00:00,2026-06-16 12:00:00,10.93,10.14,10,96.09,False,REDELIVERY_REQUIRED
D01681,VAN-17,DEPOT-C,South Zone 1,2026-06-20 11:47:00,2026-06-20 11:54:56.526372907,2026-06-20 09:00:00,2026-06-20 13:00:00,4.96,6.45,9,77.01,True,DELIVERED
D01682,VAN-20,DEPOT-C,North Zone 1,2026-06-09 11:44:00,2026-06-09 12:05:41.379223176,2026-06-09 09:00:00,2026-06-09 13:00:00,8.14,,5,80.37,True,DELIVERED
D01683,VAN-28,DEPOT-A,East Zone 1,2026-06-15 13:58:00,2026-06-15 14:05:35.177277297,2026-06-15 09:00:00,2026-06-15 15:00:00,4.71,3.88,8,61.23,True,DELIVERED
D01684,VAN-15,DEPOT-C,South Zone 2,2026-07-02 17:25:00,2026-07-02 17:57:02.508978801,2026-07-02 09:00:00,2026-07-02 19:00:00,9.27,1.79,10,78.58,True,DELIVERED
D01685,VAN-14,DEPOT-A,West Zone 1,2026-05-17 07:52:00,2026-05-17 08:51:23.727352084,2026-05-17 09:00:00,2026-05-17 09:00:00,14.22,3.2,5,97.42,True,DELIVERED
D01686,VAN-40,DEPOT-A,East Zone 1,2026-06-27 18:25:00,2026-06-27 18:49:06.927986785,2026-06-27 09:00:00,2026-06-27 20:00:00,11.8,12.97,10,119.2,True,DELIVERED
D01687,VAN-39,DEPOT-A,N. Zone 1,2026-05-14 13:03:00,2026-05-14 13:09:04.083788998,2026-05-14 09:00:00,2026-05-14 15:00:00,3.01,7.15,7,68.23,True,DELIVERED
D01688,VAN-16,DEPOT-A,North Zone 2,2026-05-15 15:44:00,2026-05-15 16:07:41.935372359,2026-05-15 09:00:00,2026-05-15 17:00:00,9.52,4.0,8,76.45,True,DELIVERED
D01689,VAN-22,DEPOT-B,South Zone 2,2026-05-21 14:54:00,2026-05-21 15:24:22.576449375,2026-05-21 09:00:00,2026-05-21 16:00:00,7.77,1.87,7,74.11,True,DELIVERED
D01690,VAN-15,DEPOT-A,North Zone 1,2026-05-22 15:25:00,2026-05-22 15:37:55.950157516,2026-05-22 09:00:00,2026-05-22 17:00:00,4.43,0.62,6,51.0,True,DELIVERED
D01691,VAN-10,DEPOT-B,North Zone 1,2026-05-10 08:11:00,2026-05-10 08:25:44.056130858,2026-05-10 09:00:00,2026-05-10 10:00:00,9.03,2.42,6,72.87,True,DELIVERED
D01692,VAN-37,DEPOT-B,South Zone 2,2026-05-16 08:28:00,2026-05-16 09:10:22.800366025,2026-05-16 09:00:00,2026-05-16 10:00:00,13.89,1.43,8,83.79,True,DELIVERED
D01693,VAN-09,DEPOT-A,East Zone 1,2026-06-24 17:57:00,2026-06-24 18:21:31.468461070,2026-06-24 09:00:00,2026-06-24 19:00:00,8.13,3.91,4,80.62,True,DELIVERED
D01694,VAN-31,DEPOT-B,South Zone 2,2026-05-17 18:29:00,2026-05-17 19:05:38.255785991,2026-05-17 09:00:00,2026-05-17 20:00:00,13.15,7.56,7,97.13,True,DELIVERED
D01695,VAN-10,DEPOT-B,North Zone 2,2026-06-08 16:48:00,2026-06-08 17:16:53.255358317,2026-06-08 09:00:00,2026-06-08 18:00:00,10.76,4.94,8,84.82,True,DELIVERED
D01696,VAN-29,DEPOT-C,South Zone 2,2026-05-09 18:37:00,2026-05-09 19:14:00.175205974,2026-05-09 09:00:00,2026-05-09 20:00:00,12.73,6.08,6,106.16,True,DELIVERED
D01697,VAN-24,DEPOT-C,South Zone 2,2026-05-24 18:50:00,2026-05-24 19:20:08.812541275,2026-05-24 09:00:00,2026-05-24 20:00:00,7.35,3.15,12,82.62,True,DELIVERED
D01698,VAN-06,DEPOT-A,South Zone 2,2026-06-06 13:54:00,2026-06-06 14:44:56.967443842,2026-06-06 09:00:00,2026-06-06 15:00:00,15.2,4.7,8,100.14,True,DELIVERED
D01699,VAN-25,DEPOT-C,North Zone 2,2026-05-13 17:42:00,2026-05-13 18:07:19.781021933,2026-05-13 09:00:00,2026-05-13 19:00:00,6.87,,8,72.35,True,DELIVERED
D01700,VAN-53,DEPOT-A,North Zone 1,2026-06-23 14:13:00,2026-06-23 14:25:01.009479623,2026-06-23 09:00:00,2026-06-23 16:00:00,7.01,3.04,8,87.71,True,DELIVERED
D01701,VAN-56,DEPOT-A,North Zone 2,2026-07-03 16:25:00,2026-07-03 16:52:26.121307417,2026-07-03 09:00:00,2026-07-03 18:00:00,11.83,12.02,6,97.89,True,DELIVERED
D01702,VAN-44,DEPOT-C,West Zone 1,2026-05-19 11:56:00,2026-05-19 12:59:18.804774590,2026-05-19 09:00:00,2026-05-19 13:00:00,14.14,3.14,4,88.25,True,DELIVERED
D01703,VAN-20,DEPOT-B,North Zone 2,2026-05-24 15:25:00,2026-05-24 15:32:04.100446060,2026-05-24 09:00:00,2026-05-24 17:00:00,2.29,3.03,9,71.97,True,DELIVERED
D01704,VAN-16,DEPOT-C,South Zone 1,2026-05-15 17:59:00,2026-05-15 18:03:07.933780422,2026-05-15 09:00:00,2026-05-15 19:00:00,2.54,7.63,7,75.77,True,DELIVERED
D01705,VAN-20,DEPOT-A,South Zone 1,2026-06-17 08:31:00,2026-06-17 08:40:27.208526283,2026-06-17 09:00:00,2026-06-17 10:00:00,0.5,3.32,4,37.28,True,DELIVERED
D01706,VAN-11,DEPOT-C,North Zone 1,2026-05-06 10:43:00,2026-05-06 10:57:57.627250149,2026-05-06 09:00:00,2026-05-06 12:00:00,5.39,16.66,6,92.74,True,DELIVERED
D01707,VAN-38,DEPOT-B,North Zone 2,2026-06-25 07:37:00,2026-06-25 07:59:33.523372014,2026-06-25 09:00:00,2026-06-25 09:00:00,8.56,1.65,8,80.79,False,REDELIVERY_REQUIRED
D01708,VAN-37,DEPOT-C,North Zone 1,2026-06-29 08:35:00,2026-06-29 08:52:47.157970056,2026-06-29 09:00:00,2026-06-29 10:00:00,6.62,4.89,8,71.57,True,DELIVERED
D01709,VAN-30,DEPOT-B,West Zone 1,2026-06-08 09:26:00,2026-06-08 10:21:09.503916563,2026-06-08 09:00:00,2026-06-08 11:00:00,14.25,0.35,6,84.67,False,REDELIVERY_REQUIRED
D01710,VAN-12,DEPOT-A,North Zone 2,2026-05-25 15:12:00,2026-05-25 15:38:57.876594878,2026-05-25 09:00:00,2026-05-25 17:00:00,8.94,8.22,7,83.1,True,DELIVERED
D01711,VAN-59,DEPOT-B,South Zone 2,2026-05-25 15:32:00,2026-05-25 16:10:51.535946457,2026-05-25 09:00:00,2026-05-25 17:00:00,10.17,4.91,7,90.72,True,DELIVERED
D01712,VAN-40,DEPOT-A,South Zone 1,2026-05-04 16:20:00,2026-05-04 16:24:00.000000000,2026-05-04 09:00:00,2026-05-04 18:00:00,0.5,3.87,11,45.22,True,DELIVERED
D01713,VAN-36,DEPOT-A,East Zone 1,2026-06-05 09:33:00,2026-06-05 10:03:48.416517575,2026-06-05 09:00:00,2026-06-05 11:00:00,11.02,2.39,11,91.15,False,REDELIVERY_REQUIRED
D01714,VAN-53,DEPOT-B,East Zone 1,2026-05-22 18:07:00,2026-05-22 18:27:35.752321348,2026-05-22 09:00:00,2026-05-22 20:00:00,8.61,6.95,5,88.24,True,DELIVERED
D01715,VAN-52,DEPOT-C,South Zone 1,2026-06-11 18:42:00,2026-06-11 18:49:51.033310321,2026-06-11 09:00:00,2026-06-11 20:00:00,6.38,1.35,10,53.57,True,DELIVERED
D01716,VAN-02,DEPOT-B,East Zone 1,2026-06-06 08:47:00,2026-06-06 09:04:07.924903234,2026-06-06 09:00:00,2026-06-06 10:00:00,10.17,1.15,11,84.18,True,DELIVERED
D01717,VAN-05,DEPOT-A,East Zone 1,2026-06-30 17:19:00,2026-06-30 17:34:19.907663865,2026-06-30 09:00:00,2026-06-30 19:00:00,6.95,5.58,9,72.47,True,DELIVERED
D01718,VAN-44,DEPOT-B,North Zone 1,2026-05-16 11:01:00,2026-05-16 11:07:50.492594787,2026-05-16 09:00:00,2026-05-16 13:00:00,6.03,9.52,10,76.64,True,DELIVERED
D01719,VAN-47,DEPOT-C,West Zone 1,2026-07-04 16:50:00,2026-07-04 17:53:57.117237892,2026-07-04 09:00:00,2026-07-04 18:00:00,17.86,0.76,11,99.55,True,DELIVERED
D01720,VAN-58,DEPOT-C,East Zone 1,2026-05-06 16:36:00,2026-05-06 16:59:18.423409227,2026-05-06 09:00:00,2026-05-06 18:00:00,7.16,3.05,9,79.48,True,DELIVERED
D01721,VAN-26,DEPOT-C,East Zone 1,2026-06-14 07:26:00,2026-06-14 07:47:59.052404261,2026-06-14 09:00:00,2026-06-14 09:00:00,7.26,4.14,6,80.44,True,DELIVERED
D01722,VAN-31,DEPOT-A,South Zone 1,2026-06-03 14:06:00,2026-06-03 14:11:25.409525567,2026-06-03 09:00:00,2026-06-03 16:00:00,5.58,4.46,10,57.97,False,REDELIVERY_REQUIRED
D01723,VAN-03,DEPOT-C,West Zone 1,2026-06-09 07:00:00,2026-06-09 08:24:55.842038471,2026-06-09 09:00:00,2026-06-09 09:00:00,18.74,0.84,7,104.92,True,DELIVERED
D01724,VAN-03,DEPOT-A,East Zone 1,2026-06-09 15:10:00,2026-06-09 15:33:17.047087314,2026-06-09 09:00:00,2026-06-09 17:00:00,9.01,0.88,6,81.06,True,DELIVERED
D01725,VAN-52,DEPOT-A,East Zone 1,2026-06-16 11:27:00,2026-06-16 11:46:42.352334910,2026-06-16 09:00:00,2026-06-16 13:00:00,5.73,2.19,8,64.29,True,DELIVERED
D01726,VAN-28,DEPOT-A,East Zone 1,2026-05-31 07:22:00,2026-05-31 07:43:18.052504967,2026-05-31 09:00:00,2026-05-31 09:00:00,8.38,6.22,7,76.83,True,DELIVERED
D01727,VAN-31,DEPOT-B,West Zone 1,2026-07-10 12:41:00,2026-07-10 13:22:45.556520355,2026-07-10 09:00:00,2026-07-10 14:00:00,11.61,1.98,12,81.36,True,DELIVERED
D01728,VAN-48,DEPOT-B,West Zone 1,2026-06-01 09:03:00,2026-06-01 10:05:32.724648523,2026-06-01 09:00:00,2026-06-01 11:00:00,15.31,1.14,8,104.89,True,DELIVERED
D01729,VAN-02,DEPOT-A,South Zone 2,2026-06-03 09:39:00,2026-06-03 10:22:22.501880761,2026-06-03 09:00:00,2026-06-03 11:00:00,10.89,2.74,6,83.41,False,REDELIVERY_REQUIRED
D01730,VAN-10,DEPOT-B,South Zone 2,2026-05-31 11:26:00,2026-05-31 12:05:55.061529050,2026-05-31 09:00:00,2026-05-31 13:00:00,12.1,5.64,7,99.24,True,DELIVERED
D01731,VAN-23,DEPOT-C,South Zone 1,2026-05-10 08:53:00,2026-05-10 08:58:04.716131058,2026-05-10 09:00:00,2026-05-10 10:00:00,3.48,4.7,9,68.7,True,DELIVERED
D01732,VAN-10,DEPOT-A,West Zone 1,2026-07-04 17:29:00,2026-07-04 18:25:30.525642787,2026-07-04 09:00:00,2026-07-04 19:00:00,16.24,11.91,5,119.03,True,DELIVERED
D01733,VAN-45,DEPOT-B,West Zone 1,2026-06-03 11:14:00,2026-06-03 12:39:42.873116826,2026-06-03 09:00:00,2026-06-03 13:00:00,17.71,5.39,5,105.52,True,DELIVERED
D01734,VAN-39,DEPOT-B,South Zone 1,2026-05-26 18:49:00,2026-05-26 19:11:21.277961135,2026-05-26 09:00:00,2026-05-26 20:00:00,10.16,2.9,4,83.74,True,DELIVERED
D01735,VAN-42,DEPOT-B,North Zone 2,2026-05-10 17:03:00,2026-05-10 17:36:47.769540805,2026-05-10 09:00:00,2026-05-10 19:00:00,12.88,10.31,4,110.67,True,DELIVERED
D01736,VAN-13,DEPOT-B,South Zone 2,2026-06-21 07:30:00,2026-06-21 08:05:48.948864594,2026-06-21 09:00:00,2026-06-21 09:00:00,10.06,6.32,10,94.46,True,DELIVERED
D01737,VAN-24,DEPOT-C,East Zone 1,2026-05-08 10:17:00,2026-05-08 10:33:26.809348877,2026-05-08 09:00:00,2026-05-08 12:00:00,8.09,6.85,10,77.34,True,DELIVERED
D01738,VAN-48,DEPOT-B,South Zone 1,2026-07-02 17:34:00,2026-07-02 17:44:46.578632828,2026-07-02 09:00:00,2026-07-02 19:00:00,6.5,2.73,3,62.25,True,DELIVERED
D01739,VAN-53,DEPOT-B,South Zone 2,2026-05-11 16:30:00,2026-05-11 17:30:47.821659391,2026-05-11 09:00:00,2026-05-11 18:00:00,18.41,3.11,7,107.72,True,DELIVERED
D01740,VAN-19,DEPOT-A,West Zone 1,2026-06-07 08:15:00,2026-06-07 09:11:14.822949568,2026-06-07 09:00:00,2026-06-07 10:00:00,14.97,4.56,4,106.34,True,DELIVERED
D01741,VAN-18,DEPOT-B,North Zone 1,2026-05-19 15:33:00,2026-05-19 15:40:30.250230344,2026-05-19 09:00:00,2026-05-19 17:00:00,4.01,6.34,7,62.93,True,DELIVERED
D01742,VAN-52,DEPOT-B,North Zone 2,2026-06-05 10:08:00,2026-06-05 10:27:16.702779920,2026-06-05 09:00:00,2026-06-05 12:00:00,8.24,2.62,11,76.47,True,DELIVERED
D01743,VAN-37,DEPOT-B,North Zone 2,2026-05-29 12:25:00,2026-05-29 12:31:39.043835150,2026-05-29 09:00:00,2026-05-29 14:00:00,5.61,2.83,8,60.76,True,DELIVERED
D01744,VAN-21,DEPOT-B,West Zone 1,2026-06-04 18:11:00,2026-06-04 19:08:16.564235445,2026-06-04 09:00:00,2026-06-04 20:00:00,13.49,4.61,4,100.18,True,DELIVERED
D01745,VAN-20,DEPOT-C,West Zone 1,2026-05-13 18:36:00,2026-05-13 19:53:58.303569269,2026-05-13 09:00:00,2026-05-13 20:00:00,16.57,4.04,9,105.72,True,DELIVERED
D01746,VAN-11,DEPOT-A,South Zone 1,2026-05-13 16:18:00,2026-05-13 16:29:36.888984075,2026-05-13 09:00:00,2026-05-13 18:00:00,4.46,1.88,8,65.87,True,DELIVERED
D01747,VAN-54,DEPOT-C,North Zone 2,2026-07-08 09:25:00,2026-07-08 09:52:04.405124409,2026-07-08 09:00:00,2026-07-08 11:00:00,10.68,2.47,7,83.94,True,DELIVERED
D01748,VAN-18,DEPOT-C,West Zone 1,2026-05-31 11:00:00,2026-05-31 11:44:32.811657078,2026-05-31 09:00:00,2026-05-31 13:00:00,12.62,4.68,7,96.19,True,DELIVERED
D01749,VAN-05,DEPOT-A,South Zone 2,2026-06-28 15:48:00,2026-06-28 16:17:05.537901131,2026-06-28 09:00:00,2026-06-28 17:00:00,8.6,4.78,7,79.06,False,
D01750,VAN-07,DEPOT-B,West Zone 1,2026-06-02 18:53:00,2026-06-02 20:18:22.083518488,2026-06-02 09:00:00,2026-06-02 20:00:00,16.64,1.62,5,102.78,True,DELIVERED
D01751,VAN-15,DEPOT-A,North Zone 2,2026-06-26 08:35:00,2026-06-26 09:00:04.393177817,2026-06-26 09:00:00,2026-06-26 10:00:00,9.05,1.85,8,75.65,True,DELIVERED
D01752,VAN-29,DEPOT-A,South Zone 1,2026-06-27 16:59:00,2026-06-27 17:16:13.153135996,2026-06-27 09:00:00,2026-06-27 18:00:00,9.79,2.27,8,80.72,True,DELIVERED
D01753,VAN-52,DEPOT-A,South Zone 2,2026-05-19 15:58:00,2026-05-19 16:33:47.820723117,2026-05-19 09:00:00,2026-05-19 17:00:00,10.72,6.48,6,94.1,False,REDELIVERY_REQUIRED
D01754,VAN-52,DEPOT-B,South Zone 1,2026-05-20 12:55:00,2026-05-20 13:06:29.145986852,2026-05-20 09:00:00,2026-05-20 14:00:00,4.83,2.9,9,68.87,True,DELIVERED
D01755,VAN-57,DEPOT-B,East Zone 1,2026-06-19 18:31:00,2026-06-19 18:41:08.854596517,2026-06-19 09:00:00,2026-06-19 20:00:00,6.97,1.84,10,80.18,False,REDELIVERY_REQUIRED
D01756,VAN-03,DEPOT-A,South Zone 2,2026-06-14 12:57:00,2026-06-14 13:37:31.309117300,2026-06-14 09:00:00,2026-06-14 14:00:00,12.42,4.69,8,86.02,True,DELIVERED
D01757,VAN-58,DEPOT-C,East Zone 1,2026-05-06 16:46:00,2026-05-06 17:07:25.983354390,2026-05-06 09:00:00,2026-05-06 18:00:00,8.01,1.5,10,74.62,True,DELIVERED
D01758,VAN-15,DEPOT-A,South Zone 2,2026-06-25 09:27:00,2026-06-25 10:14:42.841125780,2026-06-25 09:00:00,2026-06-25 11:00:00,15.3,10.27,8,119.16,False,REDELIVERY_REQUIRED
D01759,VAN-29,DEPOT-A,South Zone 1,2026-06-15 11:52:00,2026-06-15 11:59:30.784458018,2026-06-15 09:00:00,2026-06-15 13:00:00,3.26,5.61,11,59.06,True,DELIVERED
D01760,VAN-59,DEPOT-C,South Zone 1,2026-05-26 08:24:00,2026-05-26 08:34:27.769927267,2026-05-26 09:00:00,2026-05-26 10:00:00,2.02,7.31,6,67.2,True,DELIVERED
D01761,VAN-14,DEPOT-B,West Zone 1,2026-06-05 08:43:00,2026-06-05 09:23:57.599680060,2026-06-05 09:00:00,2026-06-05 10:00:00,12.89,1.61,12,87.09,True,DELIVERED
D01762,VAN-60,DEPOT-C,South Zone 1,2026-06-12 12:03:00,2026-06-12 12:07:43.598547901,2026-06-12 09:00:00,2026-06-12 14:00:00,2.03,7.23,6,80.53,True,DELIVERED
D01763,VAN-48,DEPOT-A,East Zone 1,2026-05-18 09:14:00,2026-05-18 09:31:04.533128933,2026-05-18 09:00:00,2026-05-18 11:00:00,8.82,0.91,10,91.25,False,REDELIVERY_REQUIRED
D01764,VAN-56,DEPOT-A,East Zone 1,2026-06-11 08:36:00,2026-06-11 08:48:58.961988283,2026-06-11 09:00:00,2026-06-11 10:00:00,5.8,6.6,6,83.92,True,DELIVERED
D01765,VAN-58,DEPOT-C,North Zone 2,2026-06-16 13:20:00,2026-06-16 13:44:35.255852281,2026-06-16 09:00:00,2026-06-16 15:00:00,7.38,1.92,5,62.92,True,DELIVERED
D01766,VAN-49,DEPOT-A,North Zone 1,2026-05-11 07:47:00,2026-05-11 08:09:44.910554706,2026-05-11 09:00:00,2026-05-11 09:00:00,9.48,3.89,7,81.09,True,DELIVERED
D01767,VAN-54,DEPOT-B,North Zone 2,2026-06-28 11:04:00,2026-06-28 11:18:47.516619790,2026-06-28 09:00:00,2026-06-28 13:00:00,6.98,3.11,6,68.32,True,DELIVERED
D01768,VAN-05,DEPOT-C,South Zone 1,2026-07-12 13:05:00,2026-07-12 13:20:33.903353674,2026-07-12 09:00:00,2026-07-12 15:00:00,8.53,3.65,9,73.22,True,DELIVERED
D01769,VAN-46,DEPOT-C,North Zone 2,2026-05-10 18:32:00,2026-05-10 19:01:17.488294404,2026-05-10 09:00:00,2026-05-10 20:00:00,10.37,3.36,8,98.4,True,DELIVERED
D01770,VAN-25,DEPOT-B,North Zone 1,2026-07-09 17:30:00,2026-07-09 17:46:17.985687077,2026-07-09 09:00:00,2026-07-09 19:00:00,9.28,1.27,6,80.31,True,DELIVERED
D01771,VAN-07,DEPOT-B,South Zone 1,2026-07-05 12:50:00,2026-07-05 13:02:46.437203143,2026-07-05 09:00:00,2026-07-05 14:00:00,9.05,3.82,8,81.37,True,DELIVERED
D01772,VAN-27,DEPOT-B,South Zone 1,2026-06-20 11:33:00,2026-06-20 11:37:00.000000000,2026-06-20 09:00:00,2026-06-20 13:00:00,1.89,0.92,7,57.92,True,DELIVERED
D01773,VAN-31,DEPOT-A,South Zone 1,2026-06-17 14:40:00,2026-06-17 15:00:08.865014319,2026-06-17 09:00:00,2026-06-17 16:00:00,11.33,3.22,4,80.62,True,DELIVERED
D01774,VAN-02,DEPOT-A,South Zone 2,2026-05-22 16:36:00,2026-05-22 17:09:54.074548740,2026-05-22 09:00:00,2026-05-22 18:00:00,11.68,0.49,7,77.07,True,DELIVERED
D01775,VAN-31,DEPOT-C,North Zone 2,2026-07-07 16:16:00,2026-07-07 16:36:39.791749865,2026-07-07 09:00:00,2026-07-07 18:00:00,7.58,2.08,7,82.02,True,DELIVERED
D01776,VAN-41,DEPOT-A,South Zone 2,2026-07-07 17:14:00,2026-07-07 18:04:05.629718513,2026-07-07 09:00:00,2026-07-07 19:00:00,12.08,9.43,8,100.02,True,DELIVERED
D01777,VAN-52,DEPOT-B,South Zone 1,2026-05-04 13:45:00,2026-05-04 13:52:40.495530081,2026-05-04 09:00:00,2026-05-04 15:00:00,4.32,2.73,10,59.87,True,DELIVERED
D01778,VAN-05,DEPOT-B,North Zone 2,2026-06-05 16:51:00,2026-06-05 17:09:31.780683428,2026-06-05 09:00:00,2026-06-05 18:00:00,7.95,7.48,6,80.7,True,DELIVERED
D01779,VAN-04,DEPOT-C,North Zone 1,2026-07-04 08:01:00,2026-07-04 08:18:56.591154211,2026-07-04 09:00:00,2026-07-04 10:00:00,8.0,2.03,6,74.17,True,DELIVERED
D01780,VAN-57,DEPOT-B,South Zone 2,2026-06-01 11:38:00,2026-06-01 12:12:20.557896712,2026-06-01 09:00:00,2026-06-01 13:00:00,10.59,0.45,7,81.21,True,DELIVERED
D01781,VAN-19,DEPOT-B,North Zone 2,2026-06-03 13:07:00,2026-06-03 13:54:51.097331619,2026-06-03 09:00:00,2026-06-03 15:00:00,13.24,1.5,5,81.65,False,REDELIVERY_REQUIRED
D01782,VAN-31,DEPOT-A,North Zone 2,2026-06-26 12:15:00,2026-06-26 12:41:07.028414468,2026-06-26 09:00:00,2026-06-26 14:00:00,10.57,10.09,3,110.48,True,DELIVERED
D01783,VAN-07,DEPOT-C,North Zone 1,2026-07-09 10:25:00,2026-07-09 10:31:54.109493416,2026-07-09 09:00:00,2026-07-09 12:00:00,5.22,1.0,9,56.44,True,DELIVERED
D01784,VAN-46,DEPOT-A,South Zone 1,2026-05-20 18:06:00,2026-05-20 18:13:01.019390753,2026-05-20 09:00:00,2026-05-20 20:00:00,4.45,4.17,9,65.89,True,DELIVERED
D01785,VAN-35,DEPOT-A,South Zone 2,2026-06-19 10:26:00,2026-06-19 10:53:00.035132395,2026-06-19 09:00:00,2026-06-19 12:00:00,10.95,5.71,7,89.2,True,DELIVERED
D01786,VAN-17,DEPOT-A,North Zone 2,2026-06-04 17:58:00,2026-06-04 18:29:30.135112903,2026-06-04 09:00:00,2026-06-04 19:00:00,12.75,3.46,3,92.24,True,DELIVERED
D01787,VAN-06,DEPOT-A,West Zone 1,2026-05-16 11:08:00,2026-05-16 11:47:34.309068389,2026-05-16 09:00:00,2026-05-16 13:00:00,10.81,1.87,14,88.58,True,DELIVERED
D01788,VAN-19,DEPOT-C,West Zone 1,2026-05-11 11:52:00,2026-05-11 13:04:42.410885545,2026-05-11 09:00:00,2026-05-11 13:00:00,16.31,14.88,6,126.55,True,DELIVERED
D01789,VAN-23,DEPOT-C,South Zone 1,2026-07-03 18:27:00,2026-07-03 18:33:54.891286838,2026-07-03 09:00:00,2026-07-03 20:00:00,5.64,3.62,7,67.46,True,DELIVERED
D01790,VAN-15,DEPOT-B,South Zone 2,2026-07-05 18:37:00,2026-07-05 19:05:46.304681127,2026-07-05 09:00:00,2026-07-05 20:00:00,8.76,1.2,5,76.03,True,DELIVERED
D01791,VAN-06,DEPOT-A,West Zone 1,2026-07-01 08:38:00,2026-07-01 09:15:46.517372635,2026-07-01 09:00:00,2026-07-01 10:00:00,9.6,1.63,6,78.49,True,DELIVERED
D01792,VAN-50,DEPOT-A,South Zone 1,2026-05-18 13:42:00,2026-05-18 13:58:50.277747357,2026-05-18 09:00:00,2026-05-18 15:00:00,6.3,3.4,10,75.06,True,DELIVERED
D01793,VAN-47,DEPOT-B,South Zone 2,2026-05-23 16:07:00,2026-05-23 16:34:24.169363587,2026-05-23 09:00:00,2026-05-23 18:00:00,10.01,2.26,6,71.46,True,DELIVERED
D01794,VAN-10,DEPOT-A,South Zone 1,2026-06-21 14:28:00,2026-06-21 14:39:50.726327353,2026-06-21 09:00:00,2026-06-21 16:00:00,6.57,3.56,7,75.0,False,REDELIVERY_REQUIRED
D01795,VAN-52,DEPOT-A,South Zone 2,2026-05-31 09:35:00,2026-05-31 10:03:08.105339290,2026-05-31 09:00:00,2026-05-31 11:00:00,10.11,3.36,7,70.73,True,DELIVERED
D01796,VAN-11,DEPOT-A,East Zone 1,2026-06-10 11:15:00,2026-06-10 11:39:38.024804838,2026-06-10 09:00:00,2026-06-10 13:00:00,8.3,0.46,10,76.71,True,DELIVERED
D01797,VAN-05,DEPOT-A,South Zone 1,2026-05-26 14:14:00,2026-05-26 14:18:19.278125901,2026-05-26 09:00:00,2026-05-26 16:00:00,2.5,3.29,5,53.36,True,DELIVERED
D01798,VAN-49,DEPOT-B,North Zone 1,2026-06-04 14:39:00,2026-06-04 14:48:41.010106114,2026-06-04 09:00:00,2026-06-04 16:00:00,8.8,1.09,12,78.65,True,
D01799,VAN-48,DEPOT-B,West Zone 1,2026-05-31 08:39:00,2026-05-31 09:30:49.954780113,2026-05-31 09:00:00,2026-05-31 10:00:00,12.78,4.86,8,104.68,True,DELIVERED
D01800,VAN-02,DEPOT-C,North Zone 2,2026-06-27 07:27:00,2026-06-27 07:56:20.242627471,2026-06-27 09:00:00,2026-06-27 09:00:00,13.95,15.97,7,127.27,True,DELIVERED
D01801,VAN-58,DEPOT-A,South Zone 2,2026-06-29 08:39:00,2026-06-29 09:00:34.754721295,2026-06-29 09:00:00,2026-06-29 10:00:00,6.43,4.43,5,72.25,True,DELIVERED
D01802,VAN-32,DEPOT-C,North Zone 1,2026-05-08 16:11:00,2026-05-08 16:32:20.138267661,2026-05-08 09:00:00,,5.23,1.72,9,64.58,True,DELIVERED
D01803,VAN-56,DEPOT-A,North Zone 1,2026-06-16 17:29:00,2026-06-16 17:45:08.167717761,2026-06-16 09:00:00,2026-06-16 19:00:00,6.58,4.39,7,77.71,True,DELIVERED
D01804,VAN-54,DEPOT-B,North Zone 2,2026-05-08 08:23:00,2026-05-08 08:52:39.186833920,2026-05-08 09:00:00,2026-05-08 10:00:00,11.0,0.25,7,97.24,True,DELIVERED
D01805,VAN-13,DEPOT-A,North Zone 1,2026-07-03 13:01:00,2026-07-03 13:11:04.256678069,2026-07-03 09:00:00,2026-07-03 15:00:00,5.75,4.25,9,69.52,True,DELIVERED
D01806,VAN-50,DEPOT-B,South Zone 1,2026-06-11 18:32:00,2026-06-11 18:36:00.000000000,2026-06-11 09:00:00,2026-06-11 20:00:00,2.72,2.65,11,61.09,True,DELIVERED
D01807,VAN-47,DEPOT-B,West Zone 1,2026-07-09 12:43:00,2026-07-09 14:00:14.857185110,2026-07-09 09:00:00,2026-07-09 14:00:00,18.09,3.9,5,104.48,True,DELIVERED
D01808,VAN-19,DEPOT-A,North Zone 2,2026-05-09 12:10:00,2026-05-09 12:24:23.090212688,2026-05-09 09:00:00,2026-05-09 14:00:00,5.55,1.92,6,71.14,True,DELIVERED
D01809,VAN-35,DEPOT-A,East Zone 1,2026-06-25 14:02:00,2026-06-25 14:19:12.545154793,2026-06-25 09:00:00,2026-06-25 16:00:00,9.38,7.86,2,82.11,True,DELIVERED
D01810,VAN-43,DEPOT-A,North Zone 1,2026-06-20 16:44:00,2026-06-20 17:01:00.435558572,2026-06-20 09:00:00,2026-06-20 18:00:00,9.26,7.08,10,93.24,True,DELIVERED
D01811,VAN-45,DEPOT-C,East Zone 1,2026-06-23 10:18:00,2026-06-23 10:41:20.284436700,2026-06-23 09:00:00,2026-06-23 12:00:00,7.72,7.1,6,80.06,True,DELIVERED
D01812,VAN-01,DEPOT-B,South Zone 2,2026-05-27 17:21:00,2026-05-27 17:50:46.753919363,2026-05-27 09:00:00,2026-05-27 19:00:00,8.62,1.3,4,78.87,True,DELIVERED
D01813,VAN-19,DEPOT-B,West Zone 1,2026-06-07 17:05:00,2026-06-07 18:18:26.775900569,2026-06-07 09:00:00,2026-06-07 19:00:00,18.98,0.67,5,110.84,True,DELIVERED
D01814,VAN-50,DEPOT-A,North Zone 2,2026-07-01 10:14:00,2026-07-01 10:47:20.589929680,2026-07-01 09:00:00,2026-07-01 12:00:00,10.28,5.21,5,96.08,True,DELIVERED
D01815,VAN-56,DEPOT-B,East Zone 1,2026-07-12 09:50:00,2026-07-12 10:04:08.989347776,2026-07-12 09:00:00,2026-07-12 11:00:00,7.76,1.83,7,74.78,True,DELIVERED
D01816,VAN-16,DEPOT-C,West Zone 1,2026-06-20 18:34:00,2026-06-20 19:27:32.566348651,2026-06-20 09:00:00,2026-06-20 20:00:00,16.06,5.51,5,109.54,False,REDELIVERY_REQUIRED
D01817,VAN-23,DEPOT-A,South Zone 2,2026-05-24 15:54:00,2026-05-24 16:27:24.121549706,2026-05-24 09:00:00,2026-05-24 17:00:00,10.55,2.87,2,79.68,True,DELIVERED
D01818,VAN-42,DEPOT-B,South Zone 2,2026-06-07 15:09:00,2026-06-07 15:45:09.425364963,2026-06-07 09:00:00,2026-06-07 17:00:00,10.77,1.89,9,75.02,True,DELIVERED
D01819,VAN-50,DEPOT-C,East Zone 1,2026-07-01 11:50:00,2026-07-01 12:06:31.798817926,2026-07-01 09:00:00,2026-07-01 13:00:00,7.29,7.27,7,95.96,True,DELIVERED
D01820,VAN-20,DEPOT-A,North Zone 2,2026-05-30 13:16:00,2026-05-30 13:38:04.058603759,2026-05-30 09:00:00,2026-05-30 15:00:00,10.28,2.04,5,79.66,True,DELIVERED
D01821,VAN-57,DEPOT-B,South Zone 2,2026-07-05 15:34:00,2026-07-05 16:17:33.854493764,2026-07-05 09:00:00,2026-07-05 17:00:00,13.49,1.89,6,89.38,True,DELIVERED
D01822,VAN-02,DEPOT-B,South Zone 1,2026-06-04 18:33:00,2026-06-04 18:43:17.375203649,2026-06-04 09:00:00,2026-06-04 20:00:00,5.87,4.0,11,70.06,True,DELIVERED
D01823,VAN-49,DEPOT-C,East Zone 1,2026-07-12 14:58:00,2026-07-12 15:02:46.230254837,2026-07-12 09:00:00,2026-07-12 16:00:00,2.36,1.1,5,55.45,True,DELIVERED
D01824,VAN-54,DEPOT-C,South Zone 2,2026-07-02 16:49:00,2026-07-02 17:24:50.119032328,2026-07-02 09:00:00,2026-07-02 18:00:00,11.43,3.77,10,87.77,True,DELIVERED
D01825,VAN-19,DEPOT-B,North Zone 2,2026-07-06 12:01:00,2026-07-06 12:20:04.164284947,2026-07-06 09:00:00,2026-07-06 14:00:00,6.88,8.01,10,79.72,True,DELIVERED
D01826,VAN-41,DEPOT-C,East Zone 1,2026-05-15 07:09:00,2026-05-15 07:27:45.441479810,2026-05-15 09:00:00,2026-05-15 09:00:00,8.33,1.4,6,74.68,True,DELIVERED
D01827,VAN-10,DEPOT-B,West Zone 1,2026-05-26 09:09:00,2026-05-26 09:50:43.931754183,2026-05-26 09:00:00,2026-05-26 11:00:00,10.49,5.36,9,79.8,True,DELIVERED
D01828,VAN-19,DEPOT-C,South Zone 2,2026-05-26 11:02:00,2026-05-26 11:58:58.630513857,2026-05-26 09:00:00,2026-05-26 13:00:00,14.47,2.61,8,99.54,True,DELIVERED
D01829,VAN-49,DEPOT-B,South Zone 2,2026-05-18 13:08:00,2026-05-18 13:35:15.099305610,2026-05-18 09:00:00,2026-05-18 15:00:00,7.69,5.41,8,79.54,True,DELIVERED
D01830,VAN-56,DEPOT-C,South Zone 2,2026-05-24 08:44:00,2026-05-24 09:22:19.813982466,2026-05-24 09:00:00,2026-05-24 10:00:00,10.55,6.49,10,93.76,True,DELIVERED
D01831,VAN-34,DEPOT-C,South Zone 1,2026-05-09 14:27:00,2026-05-09 14:39:38.004114906,2026-05-09 09:00:00,2026-05-09 16:00:00,6.53,0.48,5,59.28,True,DELIVERED
D01832,VAN-36,DEPOT-C,East Zone 1,2026-06-20 07:38:00,2026-06-20 07:53:04.611655637,2026-06-20 09:00:00,2026-06-20 09:00:00,4.9,3.45,3,72.46,True,DELIVERED
D01833,VAN-13,DEPOT-C,North Zone 2,2026-05-27 11:27:00,2026-05-27 11:59:28.207307657,2026-05-27 09:00:00,2026-05-27 13:00:00,9.72,7.33,9,85.06,True,DELIVERED
D01834,VAN-60,DEPOT-A,West Zone 1,2026-07-12 11:57:00,2026-07-12 12:47:20.630136241,2026-07-12 09:00:00,2026-07-12 13:00:00,12.74,3.7,11,99.41,True,DELIVERED
D01835,VAN-53,DEPOT-A,South Zone 2,2026-06-16 10:50:00,2026-06-16 11:21:14.456852102,2026-06-16 09:00:00,2026-06-16 12:00:00,8.28,7.64,6,85.16,True,DELIVERED
D01836,VAN-13,DEPOT-C,East Zone 1,2026-05-21 08:14:00,2026-05-21 08:36:01.740335703,2026-05-21 09:00:00,2026-05-21 10:00:00,10.47,8.25,5,93.51,True,DELIVERED
D01837,VAN-22,DEPOT-A,South Zone 2,2026-05-28 13:00:00,2026-05-28 13:48:37.146338113,2026-05-28 09:00:00,2026-05-28 15:00:00,12.48,1.37,8,81.43,True,DELIVERED
D01838,VAN-28,DEPOT-A,South Zone 1,2026-06-06 10:22:00,2026-06-06 10:34:02.524204889,2026-06-06 09:00:00,2026-06-06 12:00:00,8.36,1.18,11,66.04,True,DELIVERED
D01839,VAN-43,DEPOT-A,West Zone 1,2026-06-10 12:04:00,2026-06-10 13:16:47.917486282,2026-06-10 09:00:00,2026-06-10 14:00:00,14.05,3.42,14,86.55,True,DELIVERED
D01840,VAN-16,DEPOT-B,South Zone 1,2026-06-02 18:08:00,2026-06-02 18:23:20.688856686,2026-06-02 09:00:00,2026-06-02 20:00:00,6.34,5.0,3,74.69,False,REDELIVERY_REQUIRED
D01841,VAN-07,DEPOT-A,South Zone 1,2026-05-10 11:47:00,2026-05-10 11:51:00.000000000,2026-05-10 09:00:00,2026-05-10 13:00:00,5.74,5.83,12,73.38,True,DELIVERED
D01842,VAN-36,DEPOT-B,North Zone 2,2026-06-01 07:16:00,2026-06-01 07:37:20.368617092,2026-06-01 09:00:00,2026-06-01 09:00:00,8.24,1.89,7,77.12,True,DELIVERED
D01843,VAN-39,DEPOT-A,West Zone 1,2026-07-06 11:01:00,2026-07-06 11:55:13.694197406,2026-07-06 09:00:00,2026-07-06 13:00:00,13.42,3.77,12,98.22,True,DELIVERED
D01844,VAN-12,DEPOT-A,West Zone 1,2026-06-14 15:15:00,2026-06-14 16:17:00.790740022,2026-06-14 09:00:00,2026-06-14 17:00:00,13.83,9.88,6,106.67,True,DELIVERED
D01845,VAN-22,DEPOT-C,North Zone 2,2026-06-29 18:05:00,2026-06-29 18:36:17.454832166,2026-06-29 09:00:00,2026-06-29 20:00:00,10.35,7.94,4,84.57,True,DELIVERED
D01846,VAN-29,DEPOT-B,East Zone 1,2026-05-10 10:46:00,2026-05-10 11:08:46.182174064,2026-05-10 09:00:00,2026-05-10 12:00:00,10.57,7.76,9,95.49,True,DELIVERED
D01847,VAN-47,DEPOT-B,South Zone 2,2026-05-19 09:31:00,2026-05-19 10:27:00.593975911,2026-05-19 09:00:00,2026-05-19 11:00:00,13.79,4.1,8,98.8,True,DELIVERED
D01848,VAN-49,DEPOT-A,West Zone 1,2026-05-20 07:48:00,2026-05-20 09:10:24.363402435,2026-05-20 09:00:00,2026-05-20 09:00:00,16.93,6.44,3,119.68,True,DELIVERED
D01849,VAN-24,DEPOT-A,North Zone 2,2026-07-08 14:13:00,2026-07-08 14:32:54.441358303,2026-07-08 09:00:00,2026-07-08 16:00:00,5.7,4.48,8,77.64,True,DELIVERED
D01850,VAN-25,DEPOT-B,South Zone 1,2026-05-05 17:15:00,2026-05-05 17:26:21.200777807,2026-05-05 09:00:00,2026-05-05 19:00:00,6.25,1.97,7,60.45,True,DELIVERED
D01851,VAN-10,DEPOT-A,South Zone 1,2026-07-05 15:43:00,2026-07-05 15:50:48.176316491,2026-07-05 09:00:00,2026-07-05 17:00:00,6.73,3.37,10,76.3,False,REDELIVERY_REQUIRED
D01852,VAN-54,DEPOT-A,West Zone 1,2026-05-14 14:20:00,2026-05-14 15:16:29.567141225,2026-05-14 09:00:00,2026-05-14 16:00:00,15.16,9.74,14,100.15,True,DELIVERED
D01853,VAN-16,DEPOT-A,North Zone 1,2026-07-06 15:14:00,2026-07-06 15:18:48.201708749,2026-07-06 09:00:00,2026-07-06 17:00:00,3.19,5.39,6,70.97,True,DELIVERED
D01854,VAN-16,DEPOT-A,North Zone 2,2026-06-23 10:33:00,2026-06-23 10:55:41.911026728,2026-06-23 09:00:00,2026-06-23 12:00:00,6.33,1.19,5,63.74,True,DELIVERED
D01855,VAN-10,DEPOT-B,North Zone 1,2026-06-20 07:31:00,2026-06-20 07:48:43.810535578,2026-06-20 09:00:00,2026-06-20 09:00:00,9.96,2.39,6,81.81,True,DELIVERED
D01856,VAN-54,DEPOT-B,South Zone 1,2026-05-08 15:01:00,2026-05-08 15:12:19.939984241,2026-05-08 09:00:00,2026-05-08 17:00:00,6.75,2.84,5,62.89,True,DELIVERED
D01857,VAN-56,DEPOT-B,East Zone 1,2026-06-23 11:29:00,2026-06-23 11:41:56.574394564,2026-06-23 09:00:00,2026-06-23 13:00:00,6.72,3.86,5,70.96,False,REDELIVERY_REQUIRED
D01858,VAN-11,DEPOT-C,North Zone 2,2026-05-28 10:09:00,2026-05-28 10:30:19.857920040,2026-05-28 09:00:00,2026-05-28 12:00:00,7.19,2.1,12,60.38,True,DELIVERED
D01859,VAN-34,DEPOT-B,North Zone 2,2026-05-09 11:06:00,2026-05-09 11:26:20.760477286,2026-05-09 09:00:00,2026-05-09 13:00:00,7.62,1.35,8,73.18,True,DELIVERED
D01860,VAN-57,DEPOT-C,East Zone 1,2026-06-18 14:12:00,2026-06-18 14:31:53.049089076,2026-06-18 09:00:00,2026-06-18 16:00:00,10.77,8.2,9,106.43,True,DELIVERED
D01861,VAN-51,DEPOT-B,South Zone 2,2026-06-24 17:37:00,2026-06-24 18:39:53.700828503,2026-06-24 09:00:00,2026-06-24 19:00:00,16.82,8.63,9,116.15,True,DELIVERED
D01862,VAN-08,DEPOT-A,North Zone 2,2026-05-18 10:18:00,2026-05-18 10:40:10.682216849,2026-05-18 09:00:00,2026-05-18 12:00:00,8.03,4.68,2,88.22,True,DELIVERED
D01863,VAN-31,DEPOT-C,East Zone 1,2026-05-28 15:00:00,2026-05-28 15:22:20.664001471,2026-05-28 09:00:00,2026-05-28 17:00:00,8.86,0.31,6,78.55,True,DELIVERED
D01864,VAN-48,DEPOT-B,North Zone 1,2026-05-25 14:03:00,2026-05-25 14:15:27.787722923,2026-05-25 09:00:00,2026-05-25 16:00:00,5.71,5.83,8,80.84,True,DELIVERED
D01865,VAN-15,DEPOT-A,North Zone 2,2026-06-23 18:39:00,2026-06-23 19:07:26.499366945,2026-06-23 09:00:00,2026-06-23 20:00:00,9.01,1.68,9,69.59,True,DELIVERED
D01866,VAN-56,DEPOT-B,South Zone 1,2026-07-09 09:57:00,2026-07-09 10:01:00.000000000,2026-07-09 09:00:00,2026-07-09 11:00:00,4.52,1.32,8,67.63,True,DELIVERED
D01867,VAN-35,DEPOT-A,South Zone 1,2026-06-16 09:25:00,2026-06-16 09:39:07.101676444,2026-06-16 09:00:00,2026-06-16 11:00:00,7.94,1.01,10,74.43,True,
D01868,VAN-32,DEPOT-A,South Zone 1,2026-06-13 09:08:00,2026-06-13 09:17:44.927391921,2026-06-13 09:00:00,2026-06-13 11:00:00,5.76,5.31,3,77.72,False,REDELIVERY_REQUIRED
D01869,VAN-22,DEPOT-B,West Zone 1,2026-06-22 18:39:00,2026-06-22 19:20:09.412141574,2026-06-22 09:00:00,2026-06-22 20:00:00,10.37,1.62,6,77.66,True,DELIVERED
D01870,VAN-37,DEPOT-C,East Zone 1,2026-07-10 17:15:00,2026-07-10 17:36:23.306366919,2026-07-10 09:00:00,2026-07-10 19:00:00,10.91,8.35,11,97.7,True,DELIVERED
D01871,VAN-28,DEPOT-B,East Zone 1,2026-05-14 09:21:00,2026-05-14 09:37:12.426635027,2026-05-14 09:00:00,2026-05-14 11:00:00,5.69,1.15,9,67.4,True,DELIVERED
D01872,VAN-33,DEPOT-B,North Zone 2,2026-06-28 08:57:00,2026-06-28 09:28:04.479341718,2026-06-28 09:00:00,2026-06-28 10:00:00,12.53,1.05,7,76.45,True,DELIVERED
D01873,VAN-28,DEPOT-C,West Zone 1,2026-05-27 15:00:00,2026-05-27 16:06:56.737054952,2026-05-27 09:00:00,2026-05-27 17:00:00,14.61,4.69,8,102.82,False,REDELIVERY_REQUIRED
D01874,VAN-11,DEPOT-A,East Zone 1,2026-07-08 18:05:00,2026-07-08 18:24:25.994374722,2026-07-08 09:00:00,2026-07-08 20:00:00,7.06,1.23,8,59.19,True,DELIVERED
D01875,VAN-16,DEPOT-B,East Zone 1,2026-06-10 09:14:00,2026-06-10 09:31:07.377829223,2026-06-10 09:00:00,2026-06-10 11:00:00,7.26,9.05,6,81.18,True,DELIVERED
D01876,VAN-47,DEPOT-A,South Zone 1,2026-05-18 07:00:00,2026-05-18 07:06:23.213860289,2026-05-18 09:00:00,2026-05-18 09:00:00,3.89,5.93,9,69.66,True,DELIVERED
D01877,VAN-19,DEPOT-C,South Zone 1,2026-07-07 09:47:00,2026-07-07 09:51:00.000000000,2026-07-07 09:00:00,2026-07-07 11:00:00,5.19,3.08,4,60.91,True,DELIVERED
D01878,VAN-26,DEPOT-C,North Zone 1,2026-06-08 14:51:00,2026-06-08 15:11:47.708796236,2026-06-08 09:00:00,2026-06-08 16:00:00,8.75,4.02,7,81.4,True,DELIVERED
D01879,VAN-47,DEPOT-B,North Zone 1,2026-07-02 15:47:00,2026-07-02 15:56:06.637943265,2026-07-02 09:00:00,2026-07-02 17:00:00,4.96,2.76,8,71.89,True,DELIVERED
D01880,VAN-15,DEPOT-B,South Zone 2,2026-05-25 10:29:00,2026-05-25 11:13:16.435274060,2026-05-25 09:00:00,2026-05-25 12:00:00,13.39,2.63,4,99.37,True,DELIVERED
D01881,VAN-24,DEPOT-C,South Zone 1,2026-06-13 09:44:00,2026-06-13 09:52:01.745287344,2026-06-13 09:00:00,2026-06-13 11:00:00,5.25,1.64,7,58.91,True,DELIVERED
D01882,VAN-06,DEPOT-A,West Zone 1,2026-07-05 12:46:00,2026-07-05 13:44:09.160878075,2026-07-05 09:00:00,2026-07-05 14:00:00,15.96,2.23,5,107.39,True,DELIVERED
D01883,VAN-26,DEPOT-A,South Zone 2,2026-05-20 11:02:00,2026-05-20 11:38:11.245881930,2026-05-20 09:00:00,2026-05-20 13:00:00,10.68,2.17,5,90.03,True,DELIVERED
D01884,VAN-24,DEPOT-C,North Zone 2,2026-06-20 16:19:00,2026-06-20 16:29:41.723309594,2026-06-20 09:00:00,2026-06-20 18:00:00,6.53,3.2,4,76.08,True,DELIVERED
D01885,VAN-13,DEPOT-B,West Zone 1,2026-05-15 15:04:00,2026-05-15 15:50:07.698631383,2026-05-15 09:00:00,2026-05-15 17:00:00,11.65,2.75,9,76.23,True,DELIVERED
D01886,VAN-26,DEPOT-A,North Zone 2,2026-06-07 14:07:00,2026-06-07 14:29:42.335940782,2026-06-07 09:00:00,2026-06-07 16:00:00,8.91,10.6,9,92.7,True,DELIVERED
D01887,VAN-35,DEPOT-A,East Zone 1,2026-05-20 09:45:00,2026-05-20 10:10:31.636009994,2026-05-20 09:00:00,2026-05-20 11:00:00,10.08,4.62,6,81.47,True,DELIVERED
D01888,VAN-46,DEPOT-B,South Zone 1,2026-06-28 15:35:00,2026-06-28 15:46:17.519872128,2026-06-28 09:00:00,2026-06-28 17:00:00,6.55,2.52,6,70.69,True,DELIVERED
D01889,VAN-20,DEPOT-A,South Zone 1,2026-05-30 11:28:00,2026-05-30 11:41:26.244482701,2026-05-30 09:00:00,2026-05-30 13:00:00,9.04,0.94,8,75.82,True,DELIVERED
D01890,VAN-49,DEPOT-B,South Zone 1,2026-05-19 11:11:00,2026-05-19 11:15:09.719859701,2026-05-19 09:00:00,2026-05-19 13:00:00,3.35,1.92,11,53.85,True,DELIVERED
D01891,VAN-47,DEPOT-B,East Zone 1,2026-06-23 15:52:00,2026-06-23 15:56:00.000000000,2026-06-23 09:00:00,2026-06-23 17:00:00,1.33,0.98,4,51.27,True,DELIVERED
D01892,VAN-57,DEPOT-A,East Zone 1,2026-06-05 18:47:00,2026-06-05 19:02:07.161930941,2026-06-05 09:00:00,2026-06-05 20:00:00,6.05,3.4,10,79.57,True,DELIVERED
D01893,VAN-35,DEPOT-A,East Zone 1,2026-05-20 07:42:00,2026-05-20 08:04:58.943881167,2026-05-20 09:00:00,2026-05-20 09:00:00,7.91,1.21,9,54.05,True,DELIVERED
D01894,VAN-58,DEPOT-B,East Zone 1,2026-05-20 17:27:00,2026-05-20 17:44:07.265869262,2026-05-20 09:00:00,2026-05-20 19:00:00,6.56,3.59,8,63.69,True,DELIVERED
D01895,VAN-47,DEPOT-C,East Zone 1,2026-05-05 18:29:00,2026-05-05 18:47:41.124877906,2026-05-05 09:00:00,2026-05-05 20:00:00,7.51,1.95,9,75.55,True,DELIVERED
D01896,VAN-25,DEPOT-C,North Zone 2,2026-06-03 08:15:00,2026-06-03 08:47:09.013669295,2026-06-03 09:00:00,2026-06-03 10:00:00,9.26,5.89,6,85.23,True,DELIVERED
D01897,VAN-56,DEPOT-A,South Zone 2,2026-06-28 14:59:00,2026-06-28 15:26:19.300866493,2026-06-28 09:00:00,2026-06-28 16:00:00,9.3,5.63,6,93.15,True,DELIVERED
D01898,VAN-04,DEPOT-C,East Zone 1,2026-07-06 13:57:00,2026-07-06 14:13:01.046420811,2026-07-06 09:00:00,2026-07-06 15:00:00,8.07,11.43,9,90.3,True,DELIVERED
D01899,VAN-48,DEPOT-C,South Zone 2,2026-06-16 13:24:00,2026-06-16 14:30:10.868158841,2026-06-16 09:00:00,2026-06-16 15:00:00,16.12,8.04,6,113.36,True,DELIVERED
D01900,VAN-53,DEPOT-A,West Zone 1,2026-06-17 13:27:00,2026-06-17 14:22:31.397757838,2026-06-17 09:00:00,2026-06-17 15:00:00,12.21,2.36,7,93.29,True,DELIVERED
D01901,VAN-40,DEPOT-C,East Zone 1,2026-05-23 08:11:00,2026-05-23 08:35:45.018304041,2026-05-23 09:00:00,2026-05-23 10:00:00,10.58,0.39,5,78.21,True,DELIVERED
D01902,VAN-36,DEPOT-A,North Zone 1,2026-07-07 14:18:00,2026-07-07 14:50:30.859246389,2026-07-07 09:00:00,2026-07-07 16:00:00,10.9,5.81,5,88.52,True,DELIVERED
D01903,VAN-43,DEPOT-B,South Zone 1,2026-05-27 16:43:00,2026-05-27 17:01:30.657923704,2026-05-27 09:00:00,2026-05-27 18:00:00,5.86,4.89,6,72.69,True,DELIVERED
D01904,VAN-14,DEPOT-B,West Zone 1,2026-06-20 18:05:00,2026-06-20 18:38:45.879338829,2026-06-20 09:00:00,2026-06-20 20:00:00,8.7,8.11,4,91.04,True,DELIVERED
D01905,VAN-21,DEPOT-A,South Zone 1,2026-05-18 11:29:00,2026-05-18 11:46:19.667234762,2026-05-18 09:00:00,2026-05-18 13:00:00,7.15,3.02,7,74.52,True,DELIVERED
D01906,VAN-38,DEPOT-A,South Zone 1,2026-07-07 15:56:00,2026-07-07 16:04:39.594633810,2026-07-07 09:00:00,2026-07-07 17:00:00,1.86,8.92,5,70.04,True,DELIVERED
D01907,VAN-08,DEPOT-C,South Zone 1,2026-05-20 07:27:00,2026-05-20 07:38:18.914616870,2026-05-20 09:00:00,2026-05-20 09:00:00,4.02,3.84,8,64.31,True,DELIVERED
D01908,VAN-54,DEPOT-C,North Zone 1,2026-07-09 18:34:00,2026-07-09 18:49:09.934471353,2026-07-09 09:00:00,2026-07-09 20:00:00,5.14,4.7,15,57.78,True,DELIVERED
D01909,VAN-54,DEPOT-C,North Zone 1,2026-07-12 17:44:00,2026-07-12 17:54:24.454665555,2026-07-12 09:00:00,2026-07-12 19:00:00,2.79,3.4,5,65.0,True,DELIVERED
D01910,VAN-09,DEPOT-B,North Zone 1,2026-06-22 15:33:00,2026-06-22 15:53:59.377210713,2026-06-22 09:00:00,2026-06-22 17:00:00,8.13,3.64,4,74.54,True,DELIVERED
D01911,VAN-46,DEPOT-A,South Zone 2,2026-06-23 08:21:00,2026-06-23 09:05:12.873470629,2026-06-23 09:00:00,2026-06-23 10:00:00,12.19,2.97,6,87.33,True,DELIVERED
D01912,VAN-22,DEPOT-A,South Zone 2,2026-05-20 11:19:00,2026-05-20 11:48:57.529191804,2026-05-20 09:00:00,2026-05-20 13:00:00,8.36,6.32,9,88.26,True,DELIVERED
D01913,VAN-03,DEPOT-A,East Zone 1,2026-05-19 18:39:00,2026-05-19 18:56:51.470074186,2026-05-19 09:00:00,2026-05-19 20:00:00,6.12,2.89,5,68.53,True,DELIVERED
D01914,VAN-38,DEPOT-B,North Zone 1,2026-05-23 16:52:00,2026-05-23 17:03:06.365292151,2026-05-23 09:00:00,2026-05-23 18:00:00,4.29,10.39,3,79.34,True,DELIVERED
D01915,VAN-53,DEPOT-C,East Zone 1,2026-05-29 18:30:00,2026-05-29 18:46:47.950283752,2026-05-29 09:00:00,2026-05-29 20:00:00,6.45,6.03,7,66.98,True,DELIVERED
D01916,VAN-32,DEPOT-B,West Zone 1,2026-05-23 14:49:00,2026-05-23 15:47:46.280559753,2026-05-23 09:00:00,2026-05-23 16:00:00,15.54,12.68,9,109.62,True,DELIVERED
D01917,VAN-41,DEPOT-B,East Zone 1,2026-05-17 14:29:00,2026-05-17 14:39:33.571003338,2026-05-17 09:00:00,2026-05-17 16:00:00,6.57,4.03,12,74.78,True,DELIVERED
D01918,VAN-59,DEPOT-C,South Zone 2,2026-06-30 08:41:00,2026-06-30 09:27:35.727773339,2026-06-30 09:00:00,2026-06-30 10:00:00,11.12,3.11,8,93.69,False,REDELIVERY_REQUIRED
D01919,VAN-17,DEPOT-B,West Zone 1,2026-06-18 18:04:00,2026-06-18 19:08:29.246959740,2026-06-18 09:00:00,2026-06-18 20:00:00,16.42,3.52,7,111.05,True,DELIVERED
D01920,VAN-35,DEPOT-A,South Zone 1,2026-06-14 11:46:00,2026-06-14 11:50:27.858362280,2026-06-14 09:00:00,2026-06-14 13:00:00,1.38,2.56,10,57.96,False,REDELIVERY_REQUIRED
D01921,VAN-15,DEPOT-C,West Zone 1,2026-05-30 12:37:00,2026-05-30 13:34:17.246899608,2026-05-30 09:00:00,2026-05-30 14:00:00,15.23,2.53,6,95.58,True,DELIVERED
D01922,VAN-51,DEPOT-A,South Zone 2,2026-07-05 07:58:00,2026-07-05 08:25:58.743835607,2026-07-05 09:00:00,2026-07-05 09:00:00,8.0,1.8,5,72.04,True,DELIVERED
D01923,VAN-49,DEPOT-A,North Zone 1,2026-05-05 09:28:00,2026-05-05 09:58:24.062355283,2026-05-05 09:00:00,2026-05-05 11:00:00,8.54,2.37,9,82.13,True,DELIVERED
D01924,VAN-22,DEPOT-C,West Zone 1,2026-05-20 14:17:00,2026-05-20 15:16:03.372741531,2026-05-20 09:00:00,2026-05-20 16:00:00,13.28,2.2,6,93.19,True,DELIVERED
D01925,VAN-52,DEPOT-B,South Zone 2,2026-05-28 16:44:00,2026-05-28 17:22:41.839497901,2026-05-28 09:00:00,2026-05-28 18:00:00,10.71,1.11,12,87.02,True,DELIVERED
D01926,VAN-14,DEPOT-C,South Zone 2,2026-07-12 16:17:00,2026-07-12 16:56:34.822057630,2026-07-12 09:00:00,2026-07-12 18:00:00,11.56,2.01,4,80.0,True,DELIVERED
D01927,VAN-29,DEPOT-B,West Zone 1,2026-06-19 16:54:00,2026-06-19 17:46:08.268213749,2026-06-19 09:00:00,2026-06-19 18:00:00,14.64,2.63,4,98.01,True,DELIVERED
D01928,VAN-48,DEPOT-B,East Zone 1,2026-05-20 09:59:00,2026-05-20 10:10:14.516695487,2026-05-20 09:00:00,2026-05-20 11:00:00,6.28,9.61,5,85.17,True,DELIVERED
D01929,VAN-49,DEPOT-B,West Zone 1,2026-05-05 11:05:00,2026-05-05 12:05:53.185040452,2026-05-05 09:00:00,2026-05-05 13:00:00,15.44,4.36,6,102.9,False,REDELIVERY_REQUIRED
D01930,VAN-44,DEPOT-A,West Zone 1,2026-05-07 10:23:00,2026-05-07 11:32:53.609607235,2026-05-07 09:00:00,2026-05-07 12:00:00,16.29,4.51,4,96.64,True,DELIVERED
D01931,VAN-34,DEPOT-C,East Zone 1,2026-07-04 09:31:00,2026-07-04 09:39:45.069173513,2026-07-04 09:00:00,2026-07-04 11:00:00,4.14,3.16,13,59.98,True,DELIVERED
D01932,VAN-45,DEPOT-A,West Zone 1,2026-06-13 15:24:00,2026-06-13 16:01:40.741325393,2026-06-13 09:00:00,2026-06-13 17:00:00,12.17,1.85,9,87.89,True,DELIVERED
D01933,VAN-30,DEPOT-A,South Zone 1,2026-05-11 14:06:00,2026-05-11 14:14:04.706064373,2026-05-11 09:00:00,2026-05-11 16:00:00,3.65,0.8,11,61.12,True,DELIVERED
D01934,VAN-44,DEPOT-A,South Zone 2,2026-05-11 15:50:00,2026-05-11 16:26:38.366673956,2026-05-11 09:00:00,2026-05-11 17:00:00,11.88,1.78,8,90.28,True,DELIVERED
D01935,VAN-30,DEPOT-B,East Zone 1,2026-07-12 13:33:00,2026-07-12 13:44:50.027517807,2026-07-12 09:00:00,2026-07-12 15:00:00,4.79,4.34,9,57.31,True,DELIVERED
D01936,VAN-15,DEPOT-B,South Zone 1,2026-05-24 14:29:00,2026-05-24 14:36:17.759952683,2026-05-24 09:00:00,2026-05-24 16:00:00,4.95,5.66,11,70.04,True,DELIVERED
D01937,VAN-12,DEPOT-A,South Zone 2,2026-05-26 17:54:00,2026-05-26 18:30:41.452096393,2026-05-26 09:00:00,2026-05-26 19:00:00,9.34,1.79,7,78.67,True,DELIVERED
D01938,VAN-52,DEPOT-A,North Zone 2,2026-05-16 17:05:00,2026-05-16 17:10:01.448231832,2026-05-16 09:00:00,2026-05-16 19:00:00,2.11,6.21,8,56.36,True,DELIVERED
D01939,VAN-04,DEPOT-B,East Zone 1,2026-06-30 15:20:00,2026-06-30 15:47:08.446327991,2026-06-30 09:00:00,2026-06-30 17:00:00,10.33,2.91,14,74.72,False,REDELIVERY_REQUIRED
D01940,VAN-13,DEPOT-B,North Zone 2,2026-06-19 16:39:00,2026-06-19 16:51:04.209054397,2026-06-19 09:00:00,2026-06-19 18:00:00,7.55,5.71,8,73.06,True,DELIVERED
D01941,VAN-60,DEPOT-B,South Zone 1,2026-06-16 10:15:00,2026-06-16 10:21:09.339536183,2026-06-16 09:00:00,2026-06-16 12:00:00,2.77,4.16,7,66.11,True,DELIVERED
D01942,VAN-46,DEPOT-C,South Zone 2,2026-06-18 13:13:00,2026-06-18 13:53:31.774560588,2026-06-18 09:00:00,2026-06-18 15:00:00,14.17,6.77,7,110.6,True,DELIVERED
D01943,VAN-28,DEPOT-C,East Zone 1,2026-06-03 11:36:00,2026-06-03 11:49:26.829731978,2026-06-03 09:00:00,2026-06-03 13:00:00,5.35,3.52,7,64.3,True,DELIVERED
D01944,VAN-60,DEPOT-B,North Zone 2,2026-05-12 11:29:00,2026-05-12 11:40:09.802614585,2026-05-12 09:00:00,2026-05-12 13:00:00,2.51,4.95,5,67.8,True,DELIVERED
D01945,VAN-38,DEPOT-B,South Zone 2,2026-05-24 18:15:00,2026-05-24 19:03:26.253700800,2026-05-24 09:00:00,2026-05-24 20:00:00,14.62,2.49,9,92.8,True,DELIVERED
D01946,VAN-24,DEPOT-B,North Zone 2,2026-05-26 18:44:00,2026-05-26 19:20:28.467485984,2026-05-26 09:00:00,2026-05-26 20:00:00,10.93,7.69,5,96.51,True,DELIVERED
D01947,VAN-37,DEPOT-B,East Zone 1,2026-06-17 18:36:00,2026-06-17 19:16:42.857320285,2026-06-17 09:00:00,2026-06-17 20:00:00,12.81,2.9,5,95.87,True,DELIVERED
D01948,VAN-43,DEPOT-C,East Zone 1,2026-06-30 07:23:00,2026-06-30 07:38:53.640226012,2026-06-30 09:00:00,2026-06-30 09:00:00,5.51,1.95,4,68.11,True,DELIVERED
D01949,VAN-53,DEPOT-C,North Zone 2,2026-07-05 15:39:00,2026-07-05 16:15:46.879489498,2026-07-05 09:00:00,2026-07-05 17:00:00,12.78,0.38,13,89.18,True,DELIVERED
D01950,VAN-42,DEPOT-B,South Zone 1,2026-06-09 08:50:00,2026-06-09 08:54:00.000000000,2026-06-09 09:00:00,2026-06-09 10:00:00,4.6,2.68,8,72.83,True,DELIVERED
D01951,VAN-09,DEPOT-A,North Zone 2,2026-06-05 08:31:00,2026-06-05 08:41:30.349266312,2026-06-05 09:00:00,2026-06-05 10:00:00,6.46,1.26,9,64.98,True,DELIVERED
D01952,VAN-56,DEPOT-B,North Zone 2,2026-05-22 10:55:00,2026-05-22 11:30:00.633893419,2026-05-22 09:00:00,2026-05-22 12:00:00,13.83,13.35,6,115.74,True,DELIVERED
D01953,VAN-23,DEPOT-A,South Zone 2,2026-06-30 12:09:00,2026-06-30 12:55:28.730705479,2026-06-30 09:00:00,2026-06-30 14:00:00,12.54,3.0,8,88.82,True,DELIVERED
D01954,VAN-51,DEPOT-A,South Zone 2,2026-05-27 07:09:00,2026-05-27 07:46:58.289839734,2026-05-27 09:00:00,2026-05-27 09:00:00,10.4,3.45,5,93.87,True,DELIVERED
D01955,VAN-09,DEPOT-C,South Zone 2,2026-06-02 15:08:00,2026-06-02 16:06:28.184007105,2026-06-02 09:00:00,2026-06-02 17:00:00,14.69,7.85,6,105.67,True,DELIVERED
D01956,VAN-52,DEPOT-B,South Zone 1,2026-06-13 08:49:00,2026-06-13 09:07:59.384686158,2026-06-13 09:00:00,2026-06-13 10:00:00,8.83,4.06,5,87.17,True,DELIVERED
D01957,VAN-08,DEPOT-B,North Zone 2,2026-06-12 07:43:00,2026-06-12 08:11:45.095614624,2026-06-12 09:00:00,2026-06-12 09:00:00,11.41,4.73,5,84.31,True,DELIVERED
D01958,VAN-04,DEPOT-A,South Zone 2,2026-06-21 18:41:00,2026-06-21 19:04:58.159262981,2026-06-21 09:00:00,2026-06-21 20:00:00,9.12,1.4,4,84.4,True,DELIVERED
D01959,VAN-51,DEPOT-A,West Zone 1,2026-07-10 18:30:00,2026-07-10 19:20:44.916559425,2026-07-10 09:00:00,2026-07-10 20:00:00,14.04,4.05,9,102.87,False,REDELIVERY_REQUIRED
D01960,VAN-40,DEPOT-B,East Zone 1,2026-07-01 15:00:00,2026-07-01 15:12:23.690587774,2026-07-01 09:00:00,2026-07-01 17:00:00,4.78,3.12,9,62.98,True,DELIVERED
D01961,VAN-34,DEPOT-B,East Zone 1,2026-06-18 17:02:00,2026-06-18 17:29:37.846361341,2026-06-18 09:00:00,2026-06-18 19:00:00,10.74,0.95,10,85.99,True,DELIVERED
D01962,VAN-08,DEPOT-A,South Zone 2,2026-05-14 09:44:00,2026-05-14 10:25:41.805800650,2026-05-14 09:00:00,2026-05-14 11:00:00,10.81,2.85,4,83.79,True,DELIVERED
D01963,VAN-18,DEPOT-C,West Zone 1,2026-05-21 08:16:00,2026-05-21 09:03:01.254581158,2026-05-21 09:00:00,2026-05-21 10:00:00,9.81,9.09,1,102.73,True,DELIVERED
D01964,VAN-20,DEPOT-C,South Zone 2,2026-06-21 09:02:00,2026-06-21 09:32:37.592314381,2026-06-21 09:00:00,2026-06-21 11:00:00,11.51,3.72,4,96.23,True,DELIVERED
D01965,VAN-43,DEPOT-A,West Zone 1,2026-05-04 09:36:00,2026-05-04 10:29:49.069633194,2026-05-04 09:00:00,2026-05-04 11:00:00,13.92,4.62,10,93.77,True,DELIVERED
D01966,VAN-19,DEPOT-A,West Zone 1,2026-06-17 18:11:00,2026-06-17 19:05:33.478063807,2026-06-17 09:00:00,2026-06-17 20:00:00,11.12,1.61,9,90.82,True,DELIVERED
D01967,VAN-18,DEPOT-B,South Zone 2,2026-05-05 12:37:00,2026-05-05 13:27:24.385850281,2026-05-05 09:00:00,2026-05-05 14:00:00,11.78,2.9,12,90.19,True,DELIVERED
D01968,VAN-15,DEPOT-B,South Zone 2,2026-05-19 11:21:00,2026-05-19 12:15:49.751625806,2026-05-19 09:00:00,2026-05-19 13:00:00,13.73,2.98,8,90.25,True,DELIVERED
D01969,VAN-10,DEPOT-B,East Zone 1,2026-07-12 14:13:00,2026-07-12 14:36:11.662287842,2026-07-12 09:00:00,2026-07-12 16:00:00,10.01,1.79,5,81.43,False,REDELIVERY_REQUIRED
D01970,VAN-46,DEPOT-A,East Zone 1,2026-06-01 16:32:00,2026-06-01 16:59:39.276416935,2026-06-01 09:00:00,2026-06-01 18:00:00,7.99,2.13,10,69.21,True,DELIVERED
D01971,VAN-04,DEPOT-B,South Zone 1,2026-06-17 14:42:00,2026-06-17 14:52:13.715332011,2026-06-17 09:00:00,2026-06-17 16:00:00,3.71,2.52,7,59.16,True,DELIVERED
D01972,VAN-47,DEPOT-B,West Zone 1,2026-06-20 12:56:00,2026-06-20 13:33:29.423175230,2026-06-20 09:00:00,2026-06-20 14:00:00,10.79,0.71,5,79.25,True,DELIVERED
D01973,VAN-28,DEPOT-B,North Zone 2,2026-05-21 16:00:00,2026-05-21 16:27:11.691791301,2026-05-21 09:00:00,2026-05-21 18:00:00,10.28,7.2,10,88.76,True,DELIVERED
D01974,VAN-13,DEPOT-A,South Zone 1,2026-06-06 13:18:00,2026-06-06 13:24:00.614072327,2026-06-06 09:00:00,2026-06-06 15:00:00,5.07,4.41,9,69.95,True,DELIVERED
D01975,VAN-13,DEPOT-B,East Zone 1,2026-05-28 14:06:00,2026-05-28 14:27:25.604514830,2026-05-28 09:00:00,2026-05-28 16:00:00,7.48,8.57,9,85.23,True,DELIVERED
D01976,VAN-27,DEPOT-B,North Zone 2,2026-06-10 15:15:00,2026-06-10 15:55:18.109886891,2026-06-10 09:00:00,2026-06-10 17:00:00,12.31,2.08,10,86.86,True,DELIVERED
D01977,VAN-05,DEPOT-A,West Zone 1,2026-06-08 17:28:00,2026-06-08 18:21:31.573524171,2026-06-08 09:00:00,2026-06-08 19:00:00,14.51,4.99,4,106.73,True,DELIVERED
D01978,VAN-46,DEPOT-C,South Zone 1,2026-06-11 12:59:00,2026-06-11 13:16:58.321775277,2026-06-11 09:00:00,2026-06-11 14:00:00,9.31,2.49,8,69.91,True,DELIVERED
D01979,VAN-55,DEPOT-C,West Zone 1,2026-06-18 07:59:00,2026-06-18 09:09:10.109250421,2026-06-18 09:00:00,2026-06-18 09:00:00,17.75,4.07,6,112.97,True,DELIVERED
D01980,VAN-19,DEPOT-C,South Zone 1,2026-05-21 16:41:00,2026-05-21 16:45:00.000000000,2026-05-21 09:00:00,2026-05-21 18:00:00,6.21,1.67,8,69.06,True,DELIVERED
D01981,VAN-41,DEPOT-A,South Zone 2,2026-05-13 08:47:00,2026-05-13 09:41:56.813054423,2026-05-13 09:00:00,2026-05-13 10:00:00,14.53,1.89,12,102.08,True,DELIVERED
D01982,VAN-46,DEPOT-C,North Zone 2,2026-05-27 10:03:00,2026-05-27 10:28:50.686583116,2026-05-27 09:00:00,2026-05-27 12:00:00,7.33,2.94,6,84.54,True,DELIVERED
D01983,VAN-16,DEPOT-A,North Zone 1,2026-06-30 11:33:00,2026-06-30 11:38:58.234796587,2026-06-30 09:00:00,2026-06-30 13:00:00,3.63,2.16,5,56.44,True,DELIVERED
D01984,VAN-09,DEPOT-C,South Zone 1,2026-06-07 18:25:00,2026-06-07 18:37:40.918232690,2026-06-07 09:00:00,2026-06-07 20:00:00,7.55,2.42,5,66.83,True,DELIVERED
D01985,VAN-06,DEPOT-A,North Zone 1,2026-07-11 09:07:00,2026-07-11 09:20:32.810414025,2026-07-11 09:00:00,2026-07-11 11:00:00,7.49,0.2,8,68.52,True,DELIVERED
D01986,VAN-22,DEPOT-C,South Zone 1,2026-07-08 18:45:00,2026-07-08 18:58:02.517988235,2026-07-08 09:00:00,2026-07-08 20:00:00,7.82,3.99,5,76.55,True,DELIVERED
D01987,VAN-52,DEPOT-C,North Zone 1,2026-06-27 08:34:00,2026-06-27 08:42:22.793418868,2026-06-27 09:00:00,2026-06-27 10:00:00,3.5,3.37,5,61.49,True,DELIVERED
D01988,VAN-55,DEPOT-B,West Zone 1,2026-06-30 07:45:00,2026-06-30 08:48:28.065788054,2026-06-30 09:00:00,2026-06-30 09:00:00,13.09,5.29,9,103.34,True,DELIVERED
D01989,VAN-02,DEPOT-C,North Zone 1,2026-06-15 08:33:00,2026-06-15 08:41:11.243838292,2026-06-15 09:00:00,2026-06-15 10:00:00,2.58,6.75,6,64.17,True,DELIVERED
D01990,VAN-18,DEPOT-B,West Zone 1,2026-06-13 17:37:00,2026-06-13 18:38:08.979235115,2026-06-13 09:00:00,2026-06-13 19:00:00,16.55,10.28,6,110.34,True,DELIVERED
D01991,VAN-26,DEPOT-B,East Zone 1,2026-05-28 18:29:00,2026-05-28 18:55:19.704326395,2026-05-28 09:00:00,2026-05-28 20:00:00,11.09,6.01,6,94.72,True,DELIVERED
D01992,VAN-42,DEPOT-B,East Zone 1,2026-05-31 15:39:00,2026-05-31 15:46:33.250300392,2026-05-31 09:00:00,2026-05-31 17:00:00,5.94,4.7,9,86.07,True,DELIVERED
D01993,VAN-21,DEPOT-C,South Zone 2,2026-06-06 09:44:00,2026-06-06 10:25:12.546845433,2026-06-06 09:00:00,2026-06-06 11:00:00,12.8,3.56,4,101.36,True,DELIVERED
D01994,VAN-28,DEPOT-A,North Zone 1,2026-06-11 08:04:00,2026-06-11 08:08:00.000000000,2026-06-11 09:00:00,2026-06-11 10:00:00,3.45,2.17,8,61.3,True,DELIVERED
D01995,VAN-14,DEPOT-B,West Zone 1,2026-05-15 14:07:00,2026-05-15 14:48:40.756958124,2026-05-15 09:00:00,2026-05-15 16:00:00,12.7,2.25,5,91.26,True,DELIVERED
D01996,VAN-31,DEPOT-B,South Zone 1,2026-05-04 18:41:00,2026-05-04 18:50:54.761801309,2026-05-04 09:00:00,2026-05-04 20:00:00,6.66,3.41,6,72.7,True,DELIVERED
D01997,VAN-44,DEPOT-C,North Zone 2,2026-07-05 14:30:00,2026-07-05 14:53:53.363080045,2026-07-05 09:00:00,2026-07-05 16:00:00,7.17,5.29,4,82.27,True,DELIVERED
D01998,VAN-54,DEPOT-A,North Zone 1,2026-07-01 13:57:00,2026-07-01 14:08:12.831476620,2026-07-01 09:00:00,2026-07-01 15:00:00,4.35,1.13,8,69.12,True,DELIVERED
D01999,VAN-50,DEPOT-A,South Zone 2,2026-07-06 14:04:00,2026-07-06 14:48:54.380183955,2026-07-06 09:00:00,2026-07-06 16:00:00,11.19,1.1,5,83.22,False,REDELIVERY_REQUIRED
D01893,VAN-35,DEPOT-A,East Zone 1,2026-05-20 07:42:00,2026-05-20 08:04:58.943881167,2026-05-20 09:00:00,2026-05-20 09:00:00,7.91,1.21,9,54.05,True,DELIVERED
D00898,VAN-20,DEPOT-B,South Zone 2,2026-06-22 14:41:00,2026-06-22 15:04:58.745803513,2026-06-22 09:00:00,2026-06-22 16:00:00,8.28,4.45,5,77.5,True,DELIVERED
D01578,VAN-04,DEPOT-B,North Zone 2,2026-07-11 10:28:00,2026-07-11 11:01:10.363656816,2026-07-11 09:00:00,2026-07-11 12:00:00,12.08,3.55,10,99.33,True,DELIVERED
D00559,VAN-11,DEPOT-C,South Zone 2,2026-05-13 08:07:00,2026-05-13 08:55:54.378007173,2026-05-13 09:00:00,2026-05-13 10:00:00,12.7,2.73,5,90.6,True,DELIVERED
D00088,VAN-12,DEPOT-C,West Zone 1,2026-07-05 09:58:00,2026-07-05 10:53:05.940961701,2026-07-05 09:00:00,2026-07-05 11:00:00,17.07,2.58,4,106.27,True,DELIVERED
D01470,VAN-40,DEPOT-B,East Zone 1,2026-05-16 08:15:00,2026-05-16 08:35:44.809914227,2026-05-16 09:00:00,2026-05-16 10:00:00,8.41,2.43,9,80.38,False,REDELIVERY_REQUIRED
D01697,VAN-24,DEPOT-C,South Zone 2,2026-05-24 18:50:00,2026-05-24 19:20:08.812541275,2026-05-24 09:00:00,2026-05-24 20:00:00,7.35,3.15,12,82.62,True,DELIVERED
D01744,VAN-21,DEPOT-B,West Zone 1,2026-06-04 18:11:00,2026-06-04 19:08:16.564235445,2026-06-04 09:00:00,2026-06-04 20:00:00,13.49,4.61,4,100.18,True,DELIVERED
