delivery_id,date,zone,distance_km,delivery_time_min,package_weight_kg,shipment_volume,transport_cost,first_attempt_success
D00000,2026-06-27,North Zone 1,3.4,9.2,6.4,11,69.61,True
D00001,2026-06-30,West Zone 1,13.88,62.9,1.87,6,95.34,True
D00002,2026-07-10,South Zone 1,3.72,4.0,5.19,7,69.5,True
D00003,2026-06-29,South Zone 1,5.29,9.9,6.13,2,74.7,True
D00004,2026-06-22,South Zone 1,4.2,5.3,1.94,9,59.84,True
D00005,2026-05-19,West Zone 1,13.52,56.9,1.18,9,88.22,False
D00006,2026-06-23,East Zone 1,9.22,22.6,3.37,7,72.62,True
D00007,2026-07-06,South Zone 1,2.74,4.0,7.94,7,70.65,True
D00008,2026-05-16,South Zone 2,8.38,24.9,2.14,6,83.85,True
D00009,2026-05-14,South Zone 2,15.66,50.1,1.94,6,100.48,False
D00010,2026-06-07,North Zone 2,16.28,45.1,1.38,5,105.98,True
D00011,2026-05-13,South Zone 2,9.41,30.0,2.23,7,74.78,True
D00012,2026-07-01,North Zone 2,11.1,31.5,6.36,5,84.61,True
D00013,2026-07-05,North Zone 1,9.95,21.1,3.04,7,74.95,True
D00014,2026-05-12,North Zone 1,10.31,24.2,2.44,8,90.82,True
D00015,2026-06-20,North Zone 1,0.87,4.0,1.6,6,53.6,True
D00016,2026-05-25,West Zone 1,16.51,69.4,8.12,5,112.97,True
D00017,2026-07-10,North Zone 1,10.69,16.9,2.65,3,79.6,True
D00018,2026-05-20,South Zone 1,4.59,4.7,2.14,9,56.53,True
D00019,2026-05-14,South Zone 1,9.32,12.4,2.74,4,78.33,True
D00020,2026-05-16,North Zone 2,7.61,20.0,6.69,6,98.29,True
D00021,2026-06-12,South Zone 2,12.96,36.4,1.21,8,88.97,True
D00022,2026-05-13,East Zone 1,7.37,20.4,8.76,6,94.71,True
D00023,2026-05-29,South Zone 2,11.18,33.7,1.29,12,76.02,True
D00024,2026-07-03,South Zone 2,12.18,41.7,5.67,10,86.87,True
D00025,2026-06-16,South Zone 2,10.37,44.7,5.17,8,96.33,True
D00026,2026-06-02,East Zone 1,6.57,20.7,6.92,6,84.49,True
D00027,2026-05-30,East Zone 1,11.7,20.6,1.63,9,95.01,True
D00028,2026-05-04,South Zone 2,15.27,46.0,1.03,9,99.95,True
D00029,2026-06-19,North Zone 1,6.35,15.1,3.96,7,71.73,False
D00030,2026-06-15,East Zone 1,4.76,5.3,0.21,8,60.02,True
D00031,2026-06-17,South Zone 2,9.91,36.2,0.79,7,77.33,True
D00032,2026-05-16,South Zone 1,3.49,4.0,1.26,11,57.65,True
D00033,2026-06-06,West Zone 1,19.19,67.2,3.76,8,110.44,True
D00034,2026-06-06,South Zone 1,7.76,7.5,4.31,10,78.16,True
D00035,2026-06-08,West Zone 1,13.57,52.1,4.57,5,94.95,True
D00036,2026-05-16,South Zone 1,7.34,4.0,2.54,6,69.79,True
D00037,2026-06-27,South Zone 1,3.6,7.1,0.71,3,59.87,True
D00038,2026-05-15,East Zone 1,10.24,27.9,1.4,5,81.1,True
D00039,2026-06-05,South Zone 1,4.1,4.0,2.3,6,52.13,True
D00040,2026-06-17,West Zone 1,13.55,61.7,2.94,12,88.32,True
D00041,2026-07-07,West Zone 1,14.13,61.7,6.24,5,101.03,True
D00042,2026-06-22,North Zone 2,9.47,20.6,8.11,14,100.85,True
D00043,2026-05-28,South Zone 2,7.87,22.4,2.35,11,64.31,False
D00044,2026-05-11,South Zone 1,5.59,4.0,4.62,7,72.82,True
D00045,2026-05-06,South Zone 2,10.67,39.9,8.23,9,97.43,True
D00046,2026-06-23,South Zone 1,6.75,21.2,3.8,9,83.44,True
D00047,2026-05-18,South Zone 1,5.8,6.5,3.81,10,55.03,True
D00048,2026-06-18,South Zone 2,10.22,30.5,5.99,13,93.22,True
D00049,2026-06-18,South Zone 1,3.94,8.2,2.74,4,56.75,True
D00050,2026-06-09,North Zone 2,11.78,36.0,1.32,5,88.96,False
D00051,2026-05-11,North Zone 2,6.41,17.8,2.82,7,61.61,True
D00052,2026-05-19,South Zone 1,5.71,14.1,1.17,4,67.04,False
D00053,2026-05-17,West Zone 1,16.02,56.0,0.25,4,102.28,True
D00054,2026-05-15,South Zone 1,4.07,4.0,3.36,10,68.52,True
D00055,2026-05-06,West Zone 1,9.54,44.5,2.09,7,72.74,True
D00056,2026-06-08,East Zone 1,4.74,11.0,3.13,8,58.31,True
D00057,2026-06-19,South Zone 1,0.53,4.0,6.62,12,57.41,True
D00058,2026-06-09,South Zone 1,3.74,4.7,4.2,8,51.84,True
D00059,2026-07-04,South Zone 2,12.08,35.0,7.55,8,108.27,False
D00060,2026-07-11,North Zone 2,9.09,28.7,3.1,8,79.85,True
D00061,2026-05-13,East Zone 1,8.84,25.4,1.39,7,75.51,False
D00062,2026-06-06,North Zone 1,7.81,14.6,0.45,10,78.27,True
D00063,2026-05-10,South Zone 1,0.74,4.0,2.09,7,53.47,True
D00064,2026-06-27,North Zone 1,9.97,15.8,11.98,5,101.81,True
D00065,2026-06-22,West Zone 1,16.89,74.5,4.9,9,106.48,True
D00066,2026-05-12,South Zone 1,6.12,16.5,9.65,4,87.16,True
D00067,2026-05-26,North Zone 1,7.23,22.2,4.14,9,83.8,True
D00068,2026-06-16,South Zone 2,12.0,47.9,9.49,3,92.28,True
D00069,2026-05-08,West Zone 1,16.31,59.0,2.66,10,103.35,True
D00070,2026-07-02,West Zone 1,15.58,59.2,4.26,11,103.31,True
D00071,2026-06-18,North Zone 2,7.18,18.8,5.25,5,70.01,True
D00072,2026-06-27,North Zone 1,1.86,4.0,1.33,6,57.05,True
D00073,2026-07-09,East Zone 1,2.55,6.3,3.32,6,65.05,True
D00074,2026-07-08,North Zone 2,10.69,30.0,6.53,13,91.88,True
D00075,2026-05-22,North Zone 2,10.11,24.4,8.67,3,86.54,True
D00076,2026-07-01,North Zone 1,5.81,13.4,1.2,8,64.84,True
D00077,2026-05-22,North Zone 2,9.28,21.3,0.87,10,79.22,True
D00078,2026-05-26,North Zone 2,11.83,39.6,5.13,11,92.55,True
D00079,2026-05-14,North Zone 2,9.88,24.2,4.64,6,83.5,True
D00080,2026-06-30,North Zone 2,8.34,23.4,8.32,8,83.42,True
D00081,2026-05-12,West Zone 1,15.18,68.1,6.72,10,98.55,True
D00082,2026-05-24,West Zone 1,10.23,36.0,1.57,3,73.67,True
D00083,2026-05-22,South Zone 2,9.51,28.6,0.67,7,76.57,True
D00084,2026-07-05,South Zone 2,12.91,44.9,2.98,6,86.13,True
D00085,2026-05-10,West Zone 1,10.69,39.8,4.54,5,89.18,True
D00086,2026-05-18,South Zone 1,4.54,4.9,0.2,7,64.57,False
D00087,2026-06-01,North Zone 2,10.82,27.8,5.0,9,92.05,True
D00088,2026-05-11,West Zone 1,17.19,66.0,9.84,10,113.38,True
D00089,2026-05-28,West Zone 1,13.9,64.8,2.24,10,102.21,True
D00090,2026-07-07,North Zone 1,4.44,10.8,2.01,6,63.2,True
D00091,2026-05-27,West Zone 1,13.94,72.5,5.95,11,85.04,True
D00092,2026-06-06,South Zone 2,11.37,23.5,1.37,7,94.87,False
D00093,2026-06-09,West Zone 1,10.29,51.9,1.73,5,71.5,True
D00094,2026-05-17,South Zone 2,7.31,19.7,6.15,9,76.28,True
D00095,2026-07-10,South Zone 1,5.82,5.9,6.3,5,86.44,True
D00096,2026-06-10,East Zone 1,6.73,16.4,2.72,5,64.68,True
D00097,2026-07-03,East Zone 1,10.4,15.7,5.97,11,78.5,True
D00098,2026-05-10,North Zone 1,3.28,8.1,1.48,4,69.35,True
D00099,2026-06-09,South Zone 1,6.44,6.8,7.41,3,83.12,True
D00100,2026-06-10,North Zone 2,8.98,30.5,2.36,7,78.15,True
D00101,2026-06-10,North Zone 1,6.98,22.6,3.82,6,69.0,True
D00102,2026-06-09,South Zone 2,11.79,43.8,7.15,5,109.55,True
D00103,2026-07-05,South Zone 1,3.52,4.5,4.83,12,65.19,True
D00104,2026-06-05,South Zone 1,1.43,4.0,3.62,7,66.34,True
D00105,2026-06-10,North Zone 2,9.29,30.7,5.77,5,84.97,True
D00106,2026-06-22,East Zone 1,7.12,12.4,4.24,7,78.39,True
D00107,2026-06-25,West Zone 1,18.99,79.5,3.51,13,118.57,False
D00108,2026-05-05,East Zone 1,2.66,9.5,4.98,10,63.91,True
D00109,2026-06-15,East Zone 1,7.41,10.3,1.66,3,68.2,True
D00110,2026-07-01,North Zone 1,4.43,7.9,5.75,7,62.54,True
D00111,2026-06-03,North Zone 1,2.03,5.0,2.8,4,62.71,True
D00112,2026-05-06,West Zone 1,16.97,77.9,4.97,6,99.94,True
D00113,2026-06-17,South Zone 2,10.18,41.2,4.64,7,84.05,True
D00114,2026-05-24,North Zone 2,9.49,24.5,2.44,6,69.09,True
D00115,2026-05-06,North Zone 2,10.44,33.2,5.71,7,83.72,True
D00116,2026-05-12,South Zone 2,12.71,53.4,0.54,8,86.95,True
D00117,2026-06-13,South Zone 2,11.55,31.1,2.19,14,87.25,True
D00118,2026-05-23,North Zone 1,4.25,7.4,0.68,7,50.82,True
D00119,2026-06-12,North Zone 2,12.07,27.3,5.27,4,83.69,True
D00120,2026-06-25,North Zone 2,9.45,21.9,4.51,3,76.58,True
D00121,2026-06-17,North Zone 1,0.5,4.0,11.06,9,63.0,True
D00122,2026-05-15,East Zone 1,4.65,13.9,0.87,7,60.91,True
D00123,2026-06-09,South Zone 1,1.4,4.0,6.3,5,63.84,True
D00124,2026-06-21,West Zone 1,12.06,44.7,4.21,8,104.79,True
D00125,2026-05-13,West Zone 1,11.06,48.1,1.96,5,100.77,True
D00126,2026-07-01,West Zone 1,12.87,59.8,0.98,8,73.34,True
D00127,2026-06-07,South Zone 1,8.03,17.6,0.68,3,73.57,True
D00128,2026-06-24,South Zone 2,11.19,42.3,2.97,7,88.99,True
D00129,2026-06-25,North Zone 1,8.4,10.6,0.39,10,76.46,True
D00130,2026-05-25,North Zone 2,11.15,37.3,1.54,9,78.06,True
D00131,2026-05-12,South Zone 2,14.2,48.8,0.97,5,93.56,True
D00132,2026-05-08,East Zone 1,9.19,16.4,2.92,5,85.8,True
D00133,2026-05-04,North Zone 1,5.48,14.5,2.46,9,57.21,False
D00134,2026-05-28,North Zone 1,4.86,11.0,0.37,8,59.62,True
D00135,2026-06-04,South Zone 2,13.13,44.2,1.26,6,90.17,True
D00136,2026-07-06,North Zone 2,7.05,21.7,4.97,7,82.67,True
D00137,2026-06-06,South Zone 2,11.86,30.1,2.04,7,96.26,True
D00138,2026-07-02,North Zone 2,7.31,17.6,1.01,6,64.97,True
D00139,2026-06-25,East Zone 1,8.61,13.6,1.91,8,74.59,True
D00140,2026-05-07,North Zone 1,6.6,14.1,2.34,5,74.94,True
D00141,2026-05-04,South Zone 1,8.94,17.3,3.79,5,75.83,True
D00142,2026-05-11,East Zone 1,8.98,23.3,3.97,8,83.47,True
D00143,2026-05-27,East Zone 1,10.81,28.6,1.21,6,91.3,True
D00144,2026-06-08,East Zone 1,6.35,17.3,4.72,9,81.67,True
D00145,2026-05-25,East Zone 1,7.01,17.0,5.62,7,69.27,True
D00146,2026-06-13,North Zone 1,7.24,13.7,1.19,5,73.83,True
D00147,2026-06-15,North Zone 2,7.49,16.5,0.82,6,73.64,True
D00148,2026-05-06,North Zone 2,5.48,9.4,2.7,6,69.85,False
D00149,2026-05-18,North Zone 2,9.4,30.3,5.77,12,94.71,True
D00150,2026-05-10,North Zone 1,4.22,11.7,2.66,6,68.75,True
D00151,2026-05-31,West Zone 1,13.35,52.3,3.62,7,107.48,True
D00152,2026-06-01,South Zone 2,14.67,50.7,13.75,8,114.7,True
D00153,2026-06-12,South Zone 1,3.2,4.0,1.44,5,51.39,True
D00154,2026-05-17,North Zone 2,9.83,23.0,5.41,8,103.07,True
D00155,2026-07-09,South Zone 2,10.46,33.2,1.25,5,84.34,True
D00156,2026-05-27,North Zone 1,6.59,8.6,1.36,6,62.93,True
D00157,2026-05-21,South Zone 2,12.43,36.1,2.89,11,87.38,True
D00158,2026-07-12,South Zone 2,15.23,57.1,1.56,10,97.45,True
D00159,2026-07-03,North Zone 1,6.69,14.7,1.25,6,66.84,True
D00160,2026-06-22,North Zone 1,2.52,9.2,4.77,3,68.64,True
D00161,2026-06-25,North Zone 2,10.69,20.9,6.78,8,94.27,True
D00162,2026-05-16,North Zone 2,8.46,12.8,2.29,3,76.97,True
D00163,2026-05-18,North Zone 2,13.72,36.0,0.39,8,80.1,True
D00164,2026-05-08,East Zone 1,11.01,21.3,7.34,4,90.49,True
D00165,2026-05-20,East Zone 1,6.91,20.0,2.22,6,71.45,True
D00166,2026-06-20,West Zone 1,13.28,47.9,13.07,6,97.7,True
D00167,2026-05-13,South Zone 2,14.5,52.9,0.72,2,93.2,True
D00168,2026-05-07,North Zone 2,11.62,36.4,8.8,3,92.21,True
D00169,2026-05-17,South Zone 1,8.76,17.4,5.31,11,85.46,True
D00170,2026-05-11,South Zone 1,7.8,11.8,1.53,4,70.59,True
D00171,2026-05-08,North Zone 1,4.25,8.2,3.11,11,54.25,True
D00172,2026-06-06,South Zone 1,2.1,4.0,2.88,10,54.78,True
D00173,2026-06-20,South Zone 2,9.75,34.9,0.59,10,77.85,True
D00174,2026-05-30,North Zone 1,4.56,8.3,10.6,9,84.64,True
D00175,2026-07-04,West Zone 1,15.43,49.9,5.63,7,107.75,True
D00176,2026-06-10,North Zone 1,6.22,19.1,2.0,5,64.31,True
D00177,2026-05-15,South Zone 1,8.31,15.3,3.38,9,88.55,True
D00178,2026-06-27,North Zone 2,8.91,20.9,3.05,7,83.59,True
D00179,2026-06-11,South Zone 2,17.53,60.9,0.27,4,104.48,True
D00180,2026-06-20,South Zone 2,15.8,47.8,6.26,5,103.32,True
D00181,2026-06-30,South Zone 1,6.39,5.5,2.81,4,81.85,True
D00182,2026-05-04,South Zone 1,4.07,11.3,2.12,8,65.53,True
D00183,2026-07-09,South Zone 2,13.02,44.3,5.81,4,100.12,True
D00184,2026-07-05,North Zone 2,7.92,12.8,4.44,12,67.47,True
D00185,2026-05-20,East Zone 1,9.6,31.6,3.83,8,84.65,True
D00186,2026-05-24,North Zone 2,9.21,30.2,4.2,10,78.76,True
D00187,2026-05-31,East Zone 1,8.51,23.9,1.51,7,63.82,True
D00188,2026-06-08,North Zone 2,11.33,28.5,9.71,8,98.46,True
D00189,2026-07-09,North Zone 1,5.86,12.8,7.23,4,80.75,True
D00190,2026-06-10,East Zone 1,7.78,17.0,1.42,7,73.43,True
D00191,2026-05-19,West Zone 1,13.95,61.6,4.07,8,94.57,True
D00192,2026-05-04,West Zone 1,12.36,53.1,8.59,6,102.73,True
D00193,2026-06-26,North Zone 2,11.49,25.6,0.78,5,76.98,True
D00194,2026-06-28,South Zone 1,8.5,17.8,4.78,5,87.92,True
D00195,2026-06-20,North Zone 1,7.0,4.0,4.18,7,75.89,True
D00196,2026-05-11,East Zone 1,8.44,25.1,0.56,11,70.6,True
D00197,2026-06-26,East Zone 1,14.15,35.1,1.58,5,90.29,False
D00198,2026-07-04,North Zone 2,6.37,16.8,2.42,7,65.57,True
D00199,2026-06-24,West Zone 1,16.22,72.9,1.84,9,103.57,True
D00200,2026-06-03,South Zone 1,2.47,10.8,1.9,5,52.88,True
D00201,2026-05-26,South Zone 1,4.73,6.0,2.17,6,62.48,True
D00202,2026-06-01,West Zone 1,11.55,43.6,3.62,3,85.05,True
D00203,2026-05-23,North Zone 1,4.95,6.9,3.35,5,68.66,True
D00204,2026-05-11,South Zone 1,5.02,8.1,10.71,8,83.68,True
D00205,2026-07-12,South Zone 1,5.19,7.9,7.04,8,82.86,True
D00206,2026-05-06,West Zone 1,11.95,61.6,3.18,7,81.4,True
D00207,2026-06-12,West Zone 1,14.16,53.4,0.48,3,77.72,True
D00208,2026-06-30,North Zone 1,3.92,11.1,4.19,9,67.61,False
D00209,2026-05-21,North Zone 2,7.4,18.4,1.9,7,68.89,True
D00210,2026-05-12,North Zone 2,11.86,37.3,1.1,8,78.8,False
D00211,2026-06-11,West Zone 1,14.56,55.4,1.93,8,101.41,True
D00212,2026-05-21,South Zone 1,0.58,6.7,2.4,4,50.39,True
D00213,2026-06-21,South Zone 1,6.06,12.9,7.36,7,78.3,True
D00214,2026-07-03,West Zone 1,10.83,39.0,4.18,6,93.34,True
D00215,2026-05-30,West Zone 1,12.54,44.2,4.22,10,90.05,True
D00216,2026-05-19,West Zone 1,14.55,72.3,5.28,8,108.57,True
D00217,2026-06-23,South Zone 2,8.13,30.3,2.28,6,75.83,True
D00218,2026-05-18,West Zone 1,12.42,54.8,4.41,6,91.67,True
D00219,2026-05-15,North Zone 1,7.84,9.5,1.6,8,67.96,True
D00220,2026-06-04,North Zone 1,5.7,8.9,2.22,5,73.21,True
D00221,2026-06-10,North Zone 2,8.81,26.1,1.17,5,90.14,False
D00222,2026-06-27,North Zone 1,6.01,12.1,4.59,8,62.14,True
D00223,2026-05-12,East Zone 1,6.83,13.7,3.96,9,69.29,True
D00224,2026-06-15,East Zone 1,11.32,24.1,1.34,3,83.9,True
D00225,2026-05-22,East Zone 1,4.77,6.7,3.98,6,62.47,True
D00226,2026-06-18,North Zone 2,9.46,29.7,4.95,8,80.46,True
D00227,2026-05-10,West Zone 1,17.16,71.2,4.92,4,110.32,True
D00228,2026-05-23,West Zone 1,16.09,55.6,10.35,7,113.53,True
D00229,2026-05-15,South Zone 2,11.87,38.3,4.98,8,97.81,True
D00230,2026-06-06,North Zone 2,4.6,14.4,3.81,4,69.96,False
D00231,2026-05-09,North Zone 1,3.55,4.0,2.49,8,66.99,True
D00232,2026-06-30,South Zone 2,14.91,56.3,7.08,4,102.15,True
D00233,2026-06-16,North Zone 1,7.76,14.6,6.71,9,78.36,True
D00234,2026-05-21,South Zone 1,6.54,5.6,2.3,7,63.16,True
D00235,2026-05-09,North Zone 1,6.65,13.2,4.75,10,70.94,True
D00236,2026-05-28,North Zone 2,8.16,23.6,1.23,5,71.44,True
D00237,2026-06-14,North Zone 1,5.18,9.9,2.45,4,63.6,True
D00238,2026-06-20,South Zone 2,10.61,36.4,1.76,7,85.44,False
D00239,2026-07-02,West Zone 1,15.11,62.6,2.32,12,96.47,True
D00240,2026-06-21,South Zone 1,7.16,11.1,1.89,5,76.76,True
D00241,2026-07-06,South Zone 1,5.16,6.2,2.7,5,64.9,True
D00242,2026-05-20,South Zone 2,7.93,29.5,5.72,7,81.06,True
D00243,2026-06-30,South Zone 1,2.99,4.4,0.2,5,41.36,True
D00244,2026-05-17,East Zone 1,9.21,15.7,3.41,7,76.98,True
D00245,2026-06-27,South Zone 2,9.59,27.0,3.95,3,85.35,True
D00246,2026-06-28,North Zone 1,2.13,4.0,1.26,11,60.38,True
D00247,2026-06-12,West Zone 1,15.77,63.6,4.78,2,90.9,True
D00248,2026-05-13,South Zone 1,4.1,4.0,3.51,4,63.75,True
D00249,2026-06-12,North Zone 1,13.04,26.3,4.42,13,94.94,True
D00250,2026-06-03,West Zone 1,16.77,76.3,2.36,2,93.41,True
D00251,2026-06-22,South Zone 2,13.8,53.2,1.59,8,104.42,True
D00252,2026-07-02,North Zone 2,12.55,39.5,0.72,10,92.32,True
D00253,2026-07-03,East Zone 1,10.7,25.3,4.07,5,95.22,True
D00254,2026-06-25,East Zone 1,10.7,24.8,5.12,11,84.69,True
D00255,2026-07-03,South Zone 2,11.68,36.9,2.61,5,85.19,True
D00256,2026-05-17,South Zone 2,15.92,53.8,0.95,9,102.84,True
D00257,2026-06-19,South Zone 1,5.88,8.3,4.49,7,78.1,True
D00258,2026-06-29,North Zone 2,8.37,22.5,4.51,4,78.87,True
D00259,2026-07-03,South Zone 1,6.79,5.6,4.77,4,75.05,True
D00260,2026-05-18,North Zone 2,9.85,28.2,4.99,6,79.36,True
D00261,2026-05-28,North Zone 1,4.63,9.9,8.16,4,71.09,True
D00262,2026-05-16,North Zone 1,8.42,25.1,0.88,4,78.25,True
D00263,2026-06-02,West Zone 1,12.09,53.1,2.27,6,86.18,True
D00264,2026-06-03,East Zone 1,5.79,19.7,3.17,16,68.7,True
D00265,2026-07-06,North Zone 2,5.31,20.5,2.42,7,64.94,True
D00266,2026-06-23,North Zone 1,6.01,14.6,4.48,6,73.13,True
D00267,2026-07-07,North Zone 1,7.42,10.2,0.91,5,73.74,True
D00268,2026-07-08,South Zone 2,9.37,37.6,1.08,6,84.64,True
D00269,2026-05-19,South Zone 1,4.59,4.6,1.06,5,60.52,True
D00270,2026-06-18,North Zone 1,5.3,13.5,5.37,3,76.26,False
D00271,2026-05-15,North Zone 1,6.7,12.9,5.47,5,77.99,True
D00272,2026-05-23,North Zone 1,7.75,25.6,2.46,5,64.71,True
D00273,2026-06-16,South Zone 2,13.58,63.6,2.47,6,97.45,True
D00274,2026-06-18,South Zone 2,11.5,35.2,4.47,7,92.53,True
D00275,2026-06-22,East Zone 1,6.9,10.9,4.54,8,69.59,True
D00276,2026-05-12,East Zone 1,4.96,11.9,3.44,6,66.05,True
D00277,2026-07-02,North Zone 1,8.1,17.5,2.58,8,77.15,True
D00278,2026-06-22,East Zone 1,7.39,22.0,1.78,9,76.96,True
D00279,2026-06-03,East Zone 1,5.19,10.0,1.71,8,75.77,True
D00280,2026-05-27,South Zone 1,4.77,20.2,6.11,6,64.35,True
D00281,2026-05-24,West Zone 1,14.99,53.6,5.54,6,106.3,True
D00282,2026-06-21,North Zone 1,4.77,5.0,1.0,5,59.15,True
D00283,2026-05-09,South Zone 2,15.09,41.3,3.48,6,93.21,True
D00284,2026-06-05,North Zone 1,2.58,12.1,1.95,4,47.05,True
D00285,2026-05-27,East Zone 1,5.38,10.2,0.77,5,61.7,True
D00286,2026-05-22,North Zone 2,9.99,26.0,2.58,6,77.08,True
D00287,2026-07-06,South Zone 1,5.88,14.5,4.47,8,76.07,True
D00288,2026-05-30,South Zone 2,15.27,36.9,3.19,7,95.05,True
D00289,2026-06-11,North Zone 2,6.93,24.9,8.13,8,83.12,True
D00290,2026-06-21,East Zone 1,6.33,15.5,4.21,3,71.29,True
D00291,2026-06-13,South Zone 1,2.99,4.0,1.19,8,62.77,True
D00292,2026-07-01,South Zone 2,8.87,35.6,6.22,9,88.69,True
D00293,2026-07-07,South Zone 2,11.72,51.3,6.51,11,86.86,True
D00294,2026-06-09,North Zone 1,7.49,15.2,3.77,5,75.55,True
D00295,2026-06-22,East Zone 1,7.63,17.3,2.07,4,69.89,True
D00296,2026-06-02,North Zone 1,8.16,22.6,5.1,6,75.36,True
D00297,2026-06-17,North Zone 1,0.5,4.0,2.94,13,46.99,True
D00298,2026-07-07,South Zone 1,6.89,22.4,3.49,7,76.72,True
D00299,2026-05-16,East Zone 1,12.63,24.1,5.76,6,99.06,True
D00300,2026-05-28,North Zone 2,11.82,37.5,1.82,6,92.16,True
D00301,2026-05-19,East Zone 1,5.56,18.8,1.72,6,67.71,True
D00302,2026-07-03,East Zone 1,7.47,16.8,2.44,6,82.04,True
D00303,2026-05-27,North Zone 2,7.29,20.8,4.36,2,68.17,True
D00304,2026-05-23,West Zone 1,10.64,36.2,4.18,12,88.58,True
D00305,2026-05-24,West Zone 1,17.01,66.7,0.85,7,105.9,False
D00306,2026-05-09,North Zone 2,12.19,25.7,4.12,8,91.49,True
D00307,2026-05-28,North Zone 2,8.14,23.3,4.17,3,86.84,True
D00308,2026-06-28,East Zone 1,12.3,26.2,9.53,5,113.2,True
D00309,2026-07-07,North Zone 2,11.91,40.2,1.42,3,87.01,True
D00310,2026-06-29,South Zone 2,12.08,38.0,1.29,7,83.38,True
D00311,2026-06-21,North Zone 2,7.02,22.7,0.56,8,65.62,True
D00312,2026-05-23,North Zone 1,8.89,15.6,1.01,5,73.85,True
D00313,2026-05-19,North Zone 2,12.52,29.1,5.85,8,90.4,True
D00314,2026-06-25,South Zone 1,6.13,9.7,1.9,4,64.47,True
D00315,2026-07-04,South Zone 1,5.65,16.7,4.28,5,70.61,True
D00316,2026-05-25,North Zone 2,7.64,17.5,18.82,4,100.69,True
D00317,2026-07-06,East Zone 1,9.42,15.1,10.68,5,91.55,True
D00318,2026-07-06,East Zone 1,2.9,11.3,3.13,7,53.03,True
D00319,2026-06-13,East Zone 1,5.43,8.0,6.02,5,69.64,True
D00320,2026-05-20,West Zone 1,15.12,69.2,2.99,10,110.44,True
D00321,2026-06-27,North Zone 2,7.27,20.2,2.44,7,65.69,True
D00322,2026-05-05,South Zone 1,3.84,4.0,1.02,7,58.78,True
D00323,2026-05-11,South Zone 2,11.66,43.0,1.74,7,76.93,True
D00324,2026-05-20,West Zone 1,15.82,73.9,0.88,6,108.65,False
D00325,2026-05-06,North Zone 2,11.05,29.4,1.41,6,83.01,True
D00326,2026-05-21,South Zone 1,3.08,4.4,0.93,9,52.82,True
D00327,2026-05-25,South Zone 2,11.97,39.8,14.34,5,112.2,True
D00328,2026-07-02,West Zone 1,15.9,67.6,3.92,8,113.48,True
D00329,2026-05-16,North Zone 2,6.58,17.0,0.9,9,72.15,True
D00330,2026-06-05,East Zone 1,9.51,18.8,2.91,8,85.4,True
D00331,2026-05-17,South Zone 1,4.66,7.9,6.8,5,73.88,True
D00332,2026-05-18,South Zone 2,11.98,42.5,1.49,8,69.85,True
D00333,2026-07-04,South Zone 1,2.95,8.3,1.87,7,61.68,True
D00334,2026-05-06,West Zone 1,13.43,64.1,3.65,5,93.93,True
D00335,2026-07-12,East Zone 1,4.64,11.7,4.6,10,70.92,True
D00336,2026-06-04,West Zone 1,9.73,38.6,6.04,8,94.1,True
D00337,2026-06-14,South Zone 1,5.11,8.2,4.99,6,82.28,True
D00338,2026-05-26,North Zone 1,4.62,17.8,16.53,4,100.58,True
D00339,2026-05-24,South Zone 1,6.97,8.7,1.31,6,63.4,True
D00340,2026-06-02,South Zone 1,8.8,14.5,6.16,8,86.81,True
D00341,2026-05-31,North Zone 2,8.79,20.0,3.52,5,94.59,True
D00342,2026-06-13,North Zone 2,10.99,33.6,1.69,4,84.85,True
D00343,2026-05-26,South Zone 2,14.0,50.3,1.23,5,84.31,True
D00344,2026-06-01,North Zone 1,4.52,14.1,4.15,5,73.4,True
D00345,2026-06-10,West Zone 1,12.78,51.9,4.08,9,89.72,True
D00346,2026-05-27,North Zone 2,8.1,26.8,3.75,7,79.63,True
D00347,2026-05-13,South Zone 1,4.27,17.3,3.32,5,64.02,True
D00348,2026-05-23,North Zone 2,9.63,26.0,1.06,8,82.85,True
D00349,2026-06-20,South Zone 2,12.45,48.0,4.17,9,90.3,True
D00350,2026-05-22,South Zone 2,13.79,38.5,0.97,10,94.34,True
D00351,2026-05-12,East Zone 1,9.83,25.7,7.23,9,95.33,True
D00352,2026-05-19,West Zone 1,18.94,84.4,2.07,8,112.83,True
D00353,2026-05-07,South Zone 1,3.32,11.7,2.04,9,49.6,True
D00354,2026-05-21,South Zone 2,9.46,37.9,4.49,4,88.54,True
D00355,2026-05-06,South Zone 2,10.16,39.7,2.57,10,86.12,True
D00356,2026-05-27,North Zone 2,9.22,25.6,2.55,4,71.88,True
D00357,2026-05-15,West Zone 1,16.34,61.3,4.87,5,103.98,True
D00358,2026-06-22,West Zone 1,13.57,60.0,5.0,9,97.84,True
D00359,2026-06-17,North Zone 2,14.27,50.1,5.8,2,96.44,False
D00360,2026-06-09,East Zone 1,5.28,18.8,3.6,7,59.89,True
D00361,2026-07-01,East Zone 1,8.81,29.6,6.87,8,79.83,True
D00362,2026-05-25,West Zone 1,13.34,51.3,2.93,6,92.5,True
D00363,2026-05-19,South Zone 2,17.16,66.6,0.31,4,97.54,True
D00364,2026-06-27,South Zone 2,10.98,27.8,2.55,12,74.44,True
D00365,2026-06-04,North Zone 2,10.05,30.1,4.1,9,84.83,True
D00366,2026-05-25,South Zone 2,11.25,35.8,4.57,7,80.75,True
D00367,2026-06-08,West Zone 1,14.88,58.9,1.46,11,83.92,True
D00368,2026-05-19,South Zone 2,15.13,58.2,6.7,9,113.7,True
D00369,2026-05-27,West Zone 1,11.38,52.6,6.72,3,93.69,True
D00370,2026-06-09,West Zone 1,13.03,60.0,3.42,3,91.07,True
D00371,2026-06-13,North Zone 2,11.23,24.1,7.58,8,90.46,True
D00372,2026-05-15,South Zone 1,5.25,7.1,5.52,7,71.73,False
D00373,2026-05-24,South Zone 1,7.69,21.9,1.44,5,67.29,True
D00374,2026-06-29,West Zone 1,13.35,56.8,2.87,6,88.64,True
D00375,2026-05-22,West Zone 1,10.44,36.4,3.12,5,78.42,True
D00376,2026-07-04,South Zone 2,8.58,23.0,2.57,6,83.56,True
D00377,2026-07-07,North Zone 1,9.96,21.0,3.34,11,74.01,True
D00378,2026-06-27,North Zone 2,6.74,13.3,0.45,9,75.73,True
D00379,2026-06-23,East Zone 1,6.33,16.5,3.18,5,75.49,True
D00380,2026-05-28,East Zone 1,8.27,21.9,4.25,5,77.79,True
D00381,2026-06-15,West Zone 1,11.66,42.7,0.63,9,79.16,False
D00382,2026-07-03,South Zone 2,14.21,45.6,6.34,12,98.13,True
D00383,2026-05-09,North Zone 1,6.84,9.6,2.88,7,78.39,True
D00384,2026-06-20,South Zone 2,11.76,40.2,9.98,7,106.01,True
D00385,2026-07-08,North Zone 2,6.54,20.3,0.76,6,63.32,True
D00386,2026-05-30,South Zone 2,10.82,30.0,11.48,6,95.7,True
D00387,2026-06-05,North Zone 2,10.2,21.6,4.29,4,89.08,True
D00388,2026-07-09,West Zone 1,11.98,53.7,7.45,7,99.69,True
D00389,2026-05-13,North Zone 1,8.68,24.2,8.08,6,97.09,True
D00390,2026-05-16,West Zone 1,15.32,55.6,4.44,4,106.77,True
D00391,2026-05-07,North Zone 2,11.83,34.4,3.88,5,92.86,True
D00392,2026-05-18,West Zone 1,14.74,64.0,1.62,9,96.84,True
D00393,2026-05-26,West Zone 1,18.54,85.0,10.38,3,123.45,False
D00394,2026-06-16,South Zone 1,4.21,7.1,6.61,5,62.85,True
D00395,2026-05-17,South Zone 1,4.33,13.5,0.84,9,67.51,True
D00396,2026-05-28,West Zone 1,10.69,44.5,3.98,2,79.87,True
D00397,2026-06-14,North Zone 1,9.22,16.8,6.35,6,78.72,True
D00398,2026-07-04,North Zone 2,10.79,23.2,1.86,6,77.24,True
D00399,2026-05-17,East Zone 1,7.81,18.9,4.74,10,73.31,True
D00400,2026-07-09,South Zone 1,3.19,7.9,0.47,4,49.67,True
D00401,2026-07-07,East Zone 1,9.22,27.7,8.79,6,83.94,True
D00402,2026-06-22,North Zone 2,11.22,27.3,5.38,6,84.67,True
D00403,2026-06-17,South Zone 2,6.11,23.0,2.12,5,65.41,False
D00404,2026-05-11,West Zone 1,12.14,49.7,1.44,9,84.01,True
D00405,2026-07-04,West Zone 1,17.56,64.5,1.38,7,102.32,True
D00406,2026-05-18,North Zone 1,7.53,16.0,3.78,11,86.17,True
D00407,2026-05-16,West Zone 1,11.49,42.9,2.94,9,101.99,True
D00408,2026-07-02,East Zone 1,6.07,16.6,8.13,9,76.21,True
D00409,2026-05-11,South Zone 2,12.97,46.4,8.91,4,101.41,True
D00410,2026-07-04,East Zone 1,8.43,20.7,4.45,11,78.68,True
D00411,2026-07-05,North Zone 2,10.17,30.8,1.85,7,96.09,True
D00412,2026-06-07,East Zone 1,3.78,6.6,7.62,11,73.5,True
D00413,2026-05-06,South Zone 1,6.46,10.9,0.47,13,54.82,True
D00414,2026-06-16,North Zone 1,6.42,17.0,4.0,9,72.93,True
D00415,2026-05-09,East Zone 1,6.73,7.0,4.42,8,82.72,True
D00416,2026-06-21,South Zone 1,9.53,14.2,2.69,7,87.19,True
D00417,2026-05-30,North Zone 2,6.51,16.4,6.69,8,77.84,False
D00418,2026-06-30,South Zone 2,13.18,51.5,5.84,6,89.69,True
D00419,2026-05-12,North Zone 1,9.43,22.9,2.54,5,86.53,True
D00420,2026-05-25,North Zone 2,10.3,32.2,0.5,3,80.81,True
D00421,2026-07-10,North Zone 1,3.82,8.2,1.59,5,71.64,False
D00422,2026-05-13,East Zone 1,6.78,24.8,3.07,5,74.13,True
D00423,2026-05-22,South Zone 2,15.28,44.0,2.67,3,109.3,True
D00424,2026-06-12,North Zone 2,7.18,23.2,7.17,5,79.39,True
D00425,2026-05-20,North Zone 1,7.03,15.2,0.87,5,65.68,True
D00426,2026-05-29,South Zone 2,13.17,42.3,6.17,5,95.95,True
D00427,2026-05-05,West Zone 1,13.49,54.3,4.82,7,95.8,True
D00428,2026-07-10,North Zone 2,7.07,17.3,0.84,8,68.93,True
D00429,2026-06-06,West Zone 1,15.62,48.6,1.6,9,100.76,False
D00430,2026-06-07,North Zone 1,5.28,16.1,4.67,5,76.97,True
D00431,2026-06-30,South Zone 1,8.2,20.5,7.19,6,89.58,True
D00432,2026-05-29,South Zone 1,9.26,22.1,7.43,6,86.06,True
D00433,2026-06-10,East Zone 1,7.59,20.9,10.03,6,90.8,True
D00434,2026-06-12,South Zone 2,12.78,39.1,3.7,6,86.83,True
D00435,2026-07-07,South Zone 1,6.48,13.2,4.89,6,76.01,True
D00436,2026-05-09,South Zone 2,8.29,27.0,0.2,4,91.14,True
D00437,2026-07-11,North Zone 2,4.48,12.4,2.83,9,71.75,True
D00438,2026-05-30,South Zone 2,12.3,42.2,4.6,4,90.27,True
D00439,2026-06-21,North Zone 1,2.49,4.0,8.89,3,72.4,True
D00440,2026-06-23,North Zone 2,9.45,27.7,4.0,4,83.67,True
D00441,2026-06-18,East Zone 1,7.87,22.4,5.16,6,83.69,False
D00442,2026-05-04,North Zone 2,6.83,15.1,3.37,11,84.13,True
D00443,2026-06-22,South Zone 2,16.05,60.8,4.44,10,104.0,True
D00444,2026-06-07,South Zone 2,14.08,45.6,1.78,7,86.93,True
D00445,2026-05-24,North Zone 1,4.7,6.2,3.75,7,61.01,True
D00446,2026-05-19,West Zone 1,15.99,74.5,3.54,8,96.1,False
D00447,2026-06-02,South Zone 2,13.78,60.5,3.37,4,98.54,True
D00448,2026-07-10,South Zone 2,14.5,43.9,2.56,8,94.36,True
D00449,2026-05-07,South Zone 2,10.25,37.6,8.66,3,105.38,True
D00450,2026-06-14,South Zone 2,11.34,36.1,0.81,6,88.1,True
D00451,2026-06-12,North Zone 2,8.95,17.9,8.64,10,87.4,True
D00452,2026-06-23,South Zone 1,2.05,4.0,10.27,9,73.34,True
D00453,2026-05-20,West Zone 1,13.83,72.3,8.06,8,88.14,True
D00454,2026-05-30,West Zone 1,16.11,48.4,2.44,15,96.47,True
D00455,2026-06-06,West Zone 1,11.92,42.1,2.86,8,95.57,True
D00456,2026-05-23,West Zone 1,15.9,54.3,3.31,9,107.21,True
D00457,2026-05-13,South Zone 1,5.03,13.2,3.08,7,66.43,True
D00458,2026-05-17,North Zone 1,9.88,25.3,1.58,4,85.5,True
D00459,2026-05-15,West Zone 1,16.32,54.2,3.37,6,96.39,True
D00460,2026-06-05,North Zone 1,5.8,10.2,4.39,12,73.17,True
D00461,2026-06-05,South Zone 2,9.61,29.5,1.57,9,88.01,True
D00462,2026-05-22,East Zone 1,5.3,15.0,12.21,6,85.72,True
D00463,2026-05-21,South Zone 1,9.87,17.0,2.14,6,95.82,True
D00464,2026-06-19,South Zone 2,14.54,45.1,8.6,10,110.74,False
D00465,2026-06-14,East Zone 1,10.97,26.2,2.76,7,89.92,True
D00466,2026-05-07,South Zone 1,2.9,9.4,10.73,6,83.26,True
D00467,2026-05-12,South Zone 1,3.87,8.0,1.9,6,65.19,True
D00468,2026-05-23,West Zone 1,19.19,72.8,0.76,6,106.25,True
D00469,2026-05-12,North Zone 1,3.43,11.2,6.99,15,76.72,True
D00470,2026-06-06,South Zone 1,4.76,6.8,5.28,9,64.31,True
D00471,2026-05-05,South Zone 2,15.85,62.5,3.89,4,103.72,True
D00472,2026-05-21,South Zone 1,5.08,15.8,9.52,7,74.42,False
D00473,2026-07-06,North Zone 2,8.06,26.1,7.89,7,93.74,True
D00474,2026-05-31,North Zone 1,6.41,9.1,0.56,4,65.22,True
D00475,2026-06-19,East Zone 1,12.31,28.4,2.09,9,87.9,True
D00476,2026-06-29,East Zone 1,13.57,37.0,8.65,8,99.88,True
D00477,2026-07-05,North Zone 1,1.18,4.0,1.16,9,53.13,True
D00478,2026-05-12,South Zone 1,4.27,7.0,7.28,6,62.44,True
D00479,2026-05-14,North Zone 1,8.64,17.2,3.23,9,82.22,True
D00480,2026-05-06,North Zone 2,8.59,27.1,0.56,6,66.02,True
D00481,2026-05-27,South Zone 1,8.72,12.4,2.28,5,74.33,False
D00482,2026-05-22,South Zone 1,4.65,5.6,6.02,6,67.05,True
D00483,2026-05-26,South Zone 2,11.64,40.9,7.79,9,81.27,True
D00484,2026-05-30,North Zone 2,9.16,28.6,5.08,11,81.94,True
D00485,2026-06-11,North Zone 1,6.85,13.6,2.29,9,64.78,True
D00486,2026-06-08,East Zone 1,6.03,14.6,1.41,8,73.28,True
D00487,2026-06-25,North Zone 1,12.11,15.7,3.09,4,83.85,True
D00488,2026-06-22,East Zone 1,5.04,5.3,11.58,4,92.61,True
D00489,2026-05-29,West Zone 1,10.54,36.4,2.69,4,82.08,True
D00490,2026-05-09,South Zone 1,6.56,7.6,1.24,7,62.12,True
D00491,2026-05-05,West Zone 1,13.14,63.5,8.9,11,99.56,True
D00492,2026-05-14,North Zone 2,3.21,13.6,2.81,13,55.65,True
D00493,2026-06-25,North Zone 1,5.69,14.5,4.26,8,73.8,True
D00494,2026-07-11,North Zone 1,10.34,25.2,6.18,8,92.31,True
D00495,2026-05-30,West Zone 1,13.34,41.8,6.98,9,89.68,True
D00496,2026-05-28,North Zone 2,7.44,24.2,2.45,8,70.37,True
D00497,2026-05-05,East Zone 1,9.53,28.0,2.3,8,79.89,False
D00498,2026-05-12,West Zone 1,14.34,63.3,3.01,13,96.38,True
D00499,2026-05-09,South Zone 2,15.46,45.0,10.33,4,111.27,True
D00500,2026-07-11,South Zone 2,15.18,49.5,10.97,3,107.28,True
D00501,2026-05-12,South Zone 1,6.2,11.9,0.98,6,57.94,True
D00502,2026-05-30,North Zone 1,8.9,15.5,2.99,5,68.62,True
D00503,2026-06-13,West Zone 1,13.05,44.6,3.77,9,94.11,True
D00504,2026-06-05,South Zone 1,1.35,4.0,8.21,9,68.21,True
D00505,2026-06-13,East Zone 1,5.89,10.9,2.37,4,74.4,True
D00506,2026-06-13,East Zone 1,4.63,8.4,1.74,10,57.95,True
D00507,2026-06-18,North Zone 2,9.9,28.7,7.49,9,88.13,True
D00508,2026-06-20,South Zone 1,4.52,4.0,10.06,10,75.84,True
D00509,2026-07-12,North Zone 1,7.4,17.3,11.44,9,82.0,True
D00510,2026-06-10,South Zone 1,4.31,8.5,5.47,3,71.46,True
D00511,2026-07-07,West Zone 1,12.2,55.1,1.73,5,83.52,True
D00512,2026-06-09,South Zone 1,5.38,7.7,8.79,8,86.99,True
D00513,2026-06-01,West Zone 1,13.34,56.4,2.89,9,99.8,True
D00514,2026-05-17,South Zone 1,3.94,7.0,5.04,3,77.23,True
D00515,2026-05-19,North Zone 1,8.25,12.7,15.64,12,100.91,True
D00516,2026-06-10,South Zone 2,12.12,52.0,0.23,5,83.4,True
D00517,2026-06-11,West Zone 1,13.78,54.5,1.95,7,84.75,True
D00518,2026-05-31,North Zone 1,6.95,19.2,0.94,3,71.45,True
D00519,2026-06-28,South Zone 1,6.4,6.6,6.6,7,81.01,True
D00520,2026-06-04,North Zone 2,9.88,27.9,4.85,5,84.2,True
D00521,2026-06-01,North Zone 1,12.27,23.2,2.09,5,86.76,True
D00522,2026-06-24,East Zone 1,9.42,29.1,4.59,9,82.85,True
D00523,2026-06-11,North Zone 1,6.84,15.1,5.76,6,74.33,True
D00524,2026-06-13,East Zone 1,9.11,18.0,5.2,8,78.08,True
D00525,2026-07-06,South Zone 1,2.32,8.0,1.41,6,59.39,True
D00526,2026-05-30,South Zone 2,10.69,28.1,7.9,3,86.65,True
D00527,2026-05-04,North Zone 2,6.62,12.5,0.71,8,62.73,False
D00528,2026-07-10,North Zone 1,7.35,10.2,6.31,8,78.14,True
D00529,2026-05-17,South Zone 2,13.05,33.5,1.2,9,87.08,True
D00530,2026-05-29,South Zone 1,8.48,8.7,3.52,5,82.17,True
D00531,2026-05-25,South Zone 2,13.42,48.7,0.81,7,86.7,True
D00532,2026-05-04,South Zone 1,1.1,4.1,2.41,7,54.47,True
D00533,2026-07-06,South Zone 1,5.12,9.1,3.77,4,70.13,True
D00534,2026-07-12,South Zone 1,5.36,5.9,2.66,5,59.65,True
D00535,2026-06-04,South Zone 1,4.31,4.0,1.19,8,75.88,True
D00536,2026-05-29,West Zone 1,13.61,54.5,9.91,6,109.73,True
D00537,2026-05-10,East Zone 1,7.13,18.2,5.21,9,73.8,True
D00538,2026-05-07,North Zone 2,12.09,34.2,3.54,10,78.83,True
D00539,2026-05-24,North Zone 1,5.83,8.8,3.54,6,62.61,True
D00540,2026-05-05,South Zone 2,12.95,44.7,3.37,8,90.89,True
D00541,2026-06-29,North Zone 1,0.5,4.0,5.89,11,58.41,True
D00542,2026-06-24,North Zone 1,7.23,16.3,2.92,8,68.93,False
D00543,2026-07-09,North Zone 2,7.94,24.7,1.21,5,58.56,True
D00544,2026-06-13,South Zone 2,8.12,22.5,4.29,6,73.92,True
D00545,2026-05-19,West Zone 1,15.11,67.7,6.01,9,89.93,True
D00546,2026-05-29,South Zone 1,4.69,7.6,0.2,13,57.28,True
D00547,2026-06-20,South Zone 1,0.5,4.0,3.19,6,45.07,True
D00548,2026-06-09,North Zone 1,8.4,19.7,5.82,8,79.6,False
D00549,2026-06-10,North Zone 1,10.3,23.8,1.92,6,80.22,True
D00550,2026-05-14,South Zone 1,3.99,4.6,0.87,7,63.38,True
D00551,2026-07-06,South Zone 2,11.45,45.4,2.25,9,89.0,True
D00552,2026-06-12,South Zone 1,3.6,7.3,3.3,2,70.54,True
D00553,2026-07-11,North Zone 2,11.35,29.7,0.52,9,81.99,True
D00554,2026-05-30,North Zone 2,6.29,13.4,6.34,8,76.44,True
D00555,2026-05-22,North Zone 1,8.95,14.9,0.72,6,73.95,True
D00556,2026-06-22,East Zone 1,8.01,20.1,0.6,9,69.25,True
D00557,2026-06-29,South Zone 1,7.15,6.9,1.63,9,74.6,True
D00558,2026-05-11,East Zone 1,6.97,16.6,3.97,9,75.69,True
D00559,2026-06-15,East Zone 1,6.49,15.4,1.0,5,66.83,True
D00560,2026-06-10,South Zone 1,1.2,4.0,4.81,5,62.41,True
D00561,2026-05-24,East Zone 1,10.95,22.8,5.32,6,82.64,True
D00562,2026-05-25,West Zone 1,12.59,55.4,8.79,8,104.41,True
D00563,2026-07-06,West Zone 1,18.05,72.6,8.85,8,116.05,False
D00564,2026-06-21,North Zone 2,7.5,22.3,0.35,5,62.62,True
D00565,2026-05-29,East Zone 1,11.26,24.3,0.36,8,78.2,True
D00566,2026-05-29,South Zone 1,4.9,9.7,0.82,8,55.7,True
D00567,2026-05-14,North Zone 2,9.67,26.7,2.88,17,75.91,False
D00568,2026-05-27,North Zone 1,5.63,8.2,0.91,6,58.81,True
D00569,2026-07-01,South Zone 1,0.5,4.0,1.31,2,54.93,True
D00570,2026-06-22,North Zone 2,6.34,17.6,5.39,10,76.65,True
D00571,2026-05-04,South Zone 1,0.5,4.0,1.74,10,45.28,True
D00572,2026-06-25,South Zone 1,4.41,11.8,1.22,10,61.18,True
D00573,2026-05-12,West Zone 1,15.78,70.7,4.86,4,113.37,True
D00574,2026-07-12,South Zone 2,10.46,28.8,0.89,6,72.13,False
D00575,2026-05-22,North Zone 1,11.1,19.0,6.03,9,90.39,True
D00576,2026-06-15,North Zone 2,7.81,19.1,3.65,8,71.86,True
D00577,2026-05-17,West Zone 1,12.66,42.8,6.23,10,95.86,True
D00578,2026-05-23,North Zone 1,6.11,9.5,7.84,5,77.81,True
D00579,2026-06-13,East Zone 1,7.5,6.4,0.73,6,79.88,True
D00580,2026-06-20,South Zone 1,4.33,9.0,9.3,10,75.16,True
D00581,2026-06-08,West Zone 1,13.08,53.8,1.93,11,97.63,True
D00582,2026-05-05,North Zone 2,4.34,14.0,1.67,10,57.26,True
D00583,2026-06-13,North Zone 1,7.87,12.5,1.46,6,76.05,True
D00584,2026-05-20,North Zone 1,1.93,4.2,0.88,6,54.96,True
D00585,2026-05-29,North Zone 2,11.75,33.0,4.4,4,86.73,True
D00586,2026-06-21,North Zone 1,9.45,17.8,1.43,9,69.52,True
D00587,2026-07-11,North Zone 2,6.83,16.0,8.48,8,85.8,True
D00588,2026-07-07,South Zone 1,8.04,31.6,5.46,5,91.21,True
D00589,2026-05-31,North Zone 1,2.98,11.5,3.21,7,55.32,True
D00590,2026-06-11,South Zone 2,13.36,42.3,0.92,3,84.62,True
D00591,2026-05-18,East Zone 1,11.13,31.5,6.08,5,95.46,True
D00592,2026-05-11,South Zone 1,6.14,16.6,5.03,7,77.49,True
D00593,2026-07-04,South Zone 1,3.16,9.0,4.32,5,59.44,True
D00594,2026-05-30,South Zone 1,6.77,18.7,6.96,5,77.22,True
D00595,2026-06-13,South Zone 2,8.91,23.4,2.94,5,78.03,True
D00596,2026-06-13,North Zone 2,6.33,17.7,3.88,9,74.43,True
D00597,2026-07-01,South Zone 2,9.95,43.9,2.5,10,74.75,False
D00598,2026-05-23,North Zone 2,5.87,11.5,1.5,6,69.19,True
D00599,2026-06-18,South Zone 1,5.2,8.4,2.63,8,63.88,True
D00600,2026-05-11,North Zone 2,6.64,14.0,7.98,10,71.3,True
D00601,2026-06-08,South Zone 2,12.32,42.4,4.05,5,108.25,True
D00602,2026-06-04,South Zone 1,4.23,4.0,2.59,9,59.29,True
D00603,2026-07-05,North Zone 1,9.91,18.7,3.82,3,80.51,True
D00604,2026-06-14,West Zone 1,12.5,51.0,4.21,10,95.32,True
D00605,2026-06-16,South Zone 1,10.04,21.5,5.48,7,82.33,True
D00606,2026-06-24,North Zone 1,11.61,37.2,9.58,3,90.08,True
D00607,2026-05-27,West Zone 1,13.92,59.5,2.04,11,103.49,True
D00608,2026-07-03,West Zone 1,19.21,69.7,1.63,10,110.16,True
D00609,2026-05-14,North Zone 1,8.3,11.0,2.26,8,85.02,True
D00610,2026-05-09,North Zone 2,8.1,16.4,2.78,6,73.06,True
D00611,2026-06-25,North Zone 1,6.37,16.5,3.82,5,76.39,True
D00612,2026-06-23,West Zone 1,15.64,70.5,6.38,5,113.69,True
D00613,2026-06-09,North Zone 2,9.12,29.1,3.37,4,94.13,True
D00614,2026-05-08,North Zone 2,6.23,19.3,3.11,8,82.58,True
D00615,2026-06-07,South Zone 2,9.43,33.0,2.67,9,83.6,True
D00616,2026-05-16,South Zone 1,5.04,9.6,4.49,8,67.86,True
D00617,2026-05-06,North Zone 1,8.85,21.9,7.84,4,99.75,True
D00618,2026-05-11,North Zone 2,7.97,21.2,6.58,4,77.81,True
D00619,2026-06-23,South Zone 2,12.12,45.6,0.8,3,83.31,False
D00620,2026-06-29,South Zone 1,0.5,4.0,3.34,7,52.3,True
D00621,2026-06-26,West Zone 1,15.39,58.1,5.6,4,116.5,True
D00622,2026-06-01,East Zone 1,10.14,20.4,2.7,7,83.79,True
D00623,2026-05-17,North Zone 2,12.39,28.9,2.5,7,83.8,True
D00624,2026-06-25,South Zone 1,2.58,4.0,1.27,8,44.72,True
D00625,2026-05-26,South Zone 1,2.02,4.0,7.62,8,64.12,True
D00626,2026-05-18,West Zone 1,14.37,57.4,4.48,19,106.92,True
D00627,2026-07-09,East Zone 1,5.25,15.7,2.06,6,61.59,True
D00628,2026-05-14,South Zone 1,6.65,12.7,1.77,7,66.73,True
D00629,2026-07-04,North Zone 2,12.67,30.3,1.05,6,89.21,True
D00630,2026-06-18,South Zone 1,6.51,4.0,2.75,9,53.69,False
D00631,2026-06-14,North Zone 2,9.55,26.1,5.47,5,83.18,True
D00632,2026-05-16,West Zone 1,13.26,45.6,2.31,8,98.78,True
D00633,2026-06-03,East Zone 1,7.46,22.3,2.25,4,68.48,True
D00634,2026-06-05,South Zone 2,15.55,52.9,3.48,8,93.91,True
D00635,2026-05-13,South Zone 2,14.39,57.2,2.97,5,98.98,True
D00636,2026-05-27,South Zone 1,1.75,4.0,0.3,2,37.98,True
D00637,2026-05-30,West Zone 1,18.93,63.2,6.1,8,124.98,False
D00638,2026-05-06,North Zone 1,6.33,13.4,3.33,8,72.06,True
D00639,2026-05-16,West Zone 1,14.4,39.3,2.57,8,96.68,True
D00640,2026-05-12,East Zone 1,10.9,30.7,2.51,14,81.69,True
D00641,2026-06-30,North Zone 1,5.57,7.5,5.66,8,62.97,True
D00642,2026-05-29,East Zone 1,11.58,19.6,0.63,12,92.01,True
D00643,2026-07-07,South Zone 2,9.03,32.8,11.23,7,87.23,True
D00644,2026-05-12,South Zone 2,15.49,63.4,2.16,5,92.27,True
D00645,2026-06-30,South Zone 2,10.83,38.6,2.2,5,82.67,True
D00646,2026-07-10,North Zone 2,7.55,17.9,5.56,10,82.57,True
D00647,2026-05-14,North Zone 1,8.5,10.6,2.2,10,79.55,True
D00648,2026-06-14,North Zone 1,6.78,9.2,5.45,7,86.19,True
D00649,2026-06-04,North Zone 2,12.38,40.6,1.13,8,93.56,True
D00650,2026-06-20,North Zone 1,2.62,8.3,4.83,4,54.37,False
D00651,2026-05-15,North Zone 2,8.79,15.5,10.96,4,94.8,True
D00652,2026-06-25,North Zone 2,6.08,12.8,9.64,7,84.01,True
D00653,2026-05-24,North Zone 2,3.39,5.1,1.23,5,48.22,True
D00654,2026-07-09,North Zone 1,6.25,14.1,1.2,10,71.1,True
D00655,2026-06-27,North Zone 1,4.99,9.4,1.96,9,68.62,False
D00656,2026-05-21,East Zone 1,14.02,39.5,7.39,9,103.75,True
D00657,2026-06-03,South Zone 2,20.59,81.9,1.77,7,113.36,True
D00658,2026-06-16,North Zone 1,9.19,23.9,6.85,8,93.11,True
D00659,2026-06-01,West Zone 1,11.31,44.0,2.22,4,82.83,True
D00660,2026-05-10,South Zone 2,10.53,27.8,0.7,5,78.36,True
D00661,2026-06-12,East Zone 1,7.88,22.3,4.66,7,81.88,True
D00662,2026-06-10,East Zone 1,7.24,23.1,1.55,7,73.78,True
D00663,2026-05-25,South Zone 2,10.61,36.2,5.12,6,85.84,True
D00664,2026-05-28,East Zone 1,3.37,10.2,6.49,6,68.96,True
D00665,2026-05-22,North Zone 1,3.29,7.9,4.7,8,73.97,True
D00666,2026-06-05,West Zone 1,13.06,51.7,6.33,5,97.83,True
D00667,2026-06-11,North Zone 2,11.52,26.1,2.29,11,74.81,True
D00668,2026-05-27,South Zone 2,16.1,71.4,1.28,5,93.17,True
D00669,2026-06-15,North Zone 2,7.89,21.8,1.9,9,74.93,True
D00670,2026-06-12,North Zone 2,7.07,12.6,1.64,7,75.48,True
D00671,2026-06-10,North Zone 1,6.43,12.7,5.18,5,82.69,True
D00672,2026-05-18,West Zone 1,12.59,53.8,5.39,2,99.83,True
D00673,2026-07-11,North Zone 2,10.43,25.0,8.49,14,83.54,True
D00674,2026-05-09,East Zone 1,4.63,11.4,3.37,8,50.94,True
D00675,2026-06-03,North Zone 2,8.99,32.7,1.48,7,75.51,True
D00676,2026-06-13,West Zone 1,14.19,46.2,1.33,10,105.82,True
D00677,2026-06-03,North Zone 2,9.89,23.9,3.75,7,80.95,False
D00678,2026-05-29,East Zone 1,8.41,16.7,1.9,5,84.88,True
D00679,2026-05-09,North Zone 2,9.36,18.2,2.33,5,96.91,True
D00680,2026-06-22,North Zone 2,5.0,17.0,8.11,7,71.54,True
D00681,2026-06-07,West Zone 1,14.63,60.5,4.93,7,98.84,True
D00682,2026-05-29,North Zone 2,11.4,24.7,3.68,3,97.84,True
D00683,2026-06-23,West Zone 1,12.66,60.7,0.94,10,86.05,False
D00684,2026-06-12,West Zone 1,16.65,62.9,4.68,6,106.65,True
D00685,2026-06-05,North Zone 1,3.81,4.0,2.37,7,62.77,True
D00686,2026-07-01,South Zone 1,2.14,4.0,3.99,8,63.08,True
D00687,2026-06-13,South Zone 2,11.13,39.2,4.49,4,87.57,True
D00688,2026-05-16,North Zone 1,1.87,6.1,1.31,5,68.79,True
D00689,2026-05-23,North Zone 1,4.47,8.0,3.68,7,54.96,True
D00690,2026-05-10,South Zone 2,13.73,44.1,1.28,8,97.88,True
D00691,2026-05-09,North Zone 1,10.06,17.3,2.29,11,78.28,True
D00692,2026-05-26,South Zone 1,5.58,4.6,1.32,5,79.35,True
D00693,2026-06-04,West Zone 1,12.43,51.7,1.95,7,104.5,True
D00694,2026-06-21,East Zone 1,9.47,18.7,2.98,6,79.13,True
D00695,2026-05-12,West Zone 1,15.59,70.5,6.33,3,110.31,False
D00696,2026-06-15,South Zone 2,11.08,43.3,1.3,6,83.13,False
D00697,2026-07-10,South Zone 1,3.23,6.8,3.26,9,70.48,True
D00698,2026-06-28,North Zone 2,10.83,33.4,6.58,2,95.47,True
D00699,2026-07-10,South Zone 2,15.2,54.0,5.2,6,102.43,True
D00700,2026-05-29,South Zone 2,12.47,42.7,10.87,6,101.39,False
D00701,2026-06-02,West Zone 1,14.03,62.9,2.07,7,103.33,True
D00702,2026-05-12,East Zone 1,8.62,25.8,5.52,7,80.86,True
D00703,2026-06-30,West Zone 1,14.68,64.2,6.45,9,95.37,False
D00704,2026-06-17,South Zone 2,11.77,46.0,7.25,6,101.97,False
D00705,2026-05-10,North Zone 1,4.53,10.9,2.33,6,66.93,True
D00706,2026-05-23,North Zone 1,5.48,7.3,2.54,6,66.57,True
D00707,2026-05-04,West Zone 1,17.36,67.4,0.35,7,101.7,True
D00708,2026-05-05,South Zone 2,11.67,39.1,17.25,7,118.79,True
D00709,2026-05-11,North Zone 1,5.99,14.6,2.7,10,67.87,True
D00710,2026-06-04,West Zone 1,10.95,44.4,0.2,5,79.1,True
D00711,2026-07-11,North Zone 2,10.56,18.6,0.49,4,80.62,True
D00712,2026-05-22,South Zone 1,7.51,13.7,4.61,7,69.85,True
D00713,2026-06-23,West Zone 1,14.97,61.1,4.32,4,91.66,True
D00714,2026-06-17,East Zone 1,9.4,26.9,5.14,5,84.88,True
D00715,2026-06-24,East Zone 1,4.64,11.9,0.84,7,59.06,True
D00716,2026-05-25,South Zone 1,4.41,6.6,0.57,6,62.24,True
D00717,2026-06-29,South Zone 2,13.41,48.0,2.52,7,96.26,True
D00718,2026-05-20,South Zone 1,8.19,17.6,1.09,8,82.23,True
D00719,2026-05-04,South Zone 1,3.4,4.9,4.71,4,64.45,True
D00720,2026-05-25,North Zone 2,9.19,28.0,11.4,8,111.53,False
D00721,2026-05-04,West Zone 1,17.08,64.6,2.74,3,107.2,True
D00722,2026-06-06,North Zone 1,6.66,10.2,10.69,8,86.31,True
D00723,2026-07-09,East Zone 1,7.35,19.5,3.98,7,69.54,True
D00724,2026-06-19,South Zone 2,6.67,18.7,7.36,3,85.71,True
D00725,2026-05-19,South Zone 2,13.59,62.3,1.69,1,89.89,False
D00726,2026-06-20,South Zone 1,4.78,6.1,4.87,7,64.53,False
D00727,2026-06-02,South Zone 1,4.95,5.4,1.0,2,68.36,True
D00728,2026-06-29,South Zone 1,5.76,12.8,8.28,5,77.96,True
D00729,2026-05-27,South Zone 1,4.54,9.6,6.24,3,79.57,True
D00730,2026-05-25,North Zone 2,10.92,33.9,2.86,14,75.55,True
D00731,2026-06-02,East Zone 1,8.8,25.8,4.97,7,91.35,False
D00732,2026-07-11,East Zone 1,7.11,7.8,6.86,6,86.12,True
D00733,2026-07-02,South Zone 2,8.88,27.9,4.45,11,85.93,True
D00734,2026-05-05,North Zone 1,1.62,4.0,9.04,9,55.92,True
D00735,2026-05-29,South Zone 1,4.67,7.9,2.2,2,61.75,True
D00736,2026-07-08,East Zone 1,5.74,11.3,2.82,6,82.27,True
D00737,2026-05-22,South Zone 1,3.19,4.0,1.81,10,50.42,True
D00738,2026-06-03,South Zone 1,8.08,21.3,4.9,6,80.4,False
D00739,2026-06-20,South Zone 1,7.08,11.2,2.32,6,77.95,True
D00740,2026-06-12,South Zone 1,5.54,12.6,7.81,8,73.8,True
D00741,2026-06-18,West Zone 1,13.47,56.1,2.52,6,89.82,True
D00742,2026-05-17,South Zone 2,10.75,34.9,6.93,5,91.82,True
D00743,2026-06-07,North Zone 2,7.97,23.1,1.72,7,59.11,True
D00744,2026-05-07,North Zone 2,8.38,30.4,2.98,6,77.32,True
D00745,2026-06-19,East Zone 1,8.4,25.5,3.35,5,68.11,True
D00746,2026-07-01,East Zone 1,8.2,25.2,6.69,7,82.57,True
D00747,2026-05-08,North Zone 2,3.13,7.9,3.13,10,56.16,True
D00748,2026-06-27,West Zone 1,13.86,42.6,4.57,8,95.89,True
D00749,2026-07-09,South Zone 1,3.15,4.0,6.82,7,65.52,True
D00750,2026-05-14,North Zone 2,11.05,35.4,2.7,9,83.08,True
D00751,2026-07-07,East Zone 1,6.93,12.7,4.74,9,75.49,True
D00752,2026-05-16,West Zone 1,16.91,63.3,1.11,9,96.86,True
D00753,2026-06-08,South Zone 1,1.56,6.1,2.24,6,54.89,True
D00754,2026-06-04,North Zone 1,1.7,4.0,1.95,11,64.03,True
D00755,2026-05-13,North Zone 1,9.98,24.2,4.48,10,96.73,True
D00756,2026-05-15,South Zone 2,10.31,24.8,3.54,11,74.95,True
D00757,2026-05-22,North Zone 2,5.39,11.7,2.46,7,65.88,True
D00758,2026-07-12,South Zone 2,11.18,27.4,10.45,3,92.91,True
D00759,2026-05-24,West Zone 1,14.29,58.2,7.46,11,93.79,True
D00760,2026-07-04,East Zone 1,8.5,14.0,5.73,8,79.45,True
D00761,2026-06-12,North Zone 1,8.59,21.7,4.66,8,82.65,True
D00762,2026-05-16,North Zone 1,6.77,10.6,2.56,10,78.03,True
D00763,2026-05-31,West Zone 1,15.06,58.9,1.15,7,93.74,True
D00764,2026-05-22,North Zone 2,10.67,29.2,3.84,10,78.96,True
D00765,2026-06-29,South Zone 2,15.37,54.2,1.27,8,83.73,True
D00766,2026-05-21,West Zone 1,16.88,75.9,1.52,5,104.85,True
D00767,2026-06-12,South Zone 1,7.58,14.4,1.3,4,73.24,True
D00768,2026-05-24,North Zone 1,3.69,11.2,2.1,5,46.59,True
D00769,2026-05-22,North Zone 1,10.36,15.0,5.38,9,91.32,True
D00770,2026-05-27,South Zone 2,15.84,67.0,5.41,9,107.21,True
D00771,2026-06-04,North Zone 2,10.5,34.2,1.18,9,88.78,True
D00772,2026-05-06,North Zone 2,10.7,28.9,1.47,7,87.68,True
D00773,2026-05-11,West Zone 1,16.64,69.6,0.81,5,104.77,True
D00774,2026-06-20,North Zone 2,12.14,25.5,3.77,4,80.56,True
D00775,2026-05-08,North Zone 2,8.06,18.9,5.97,10,76.81,True
D00776,2026-06-23,North Zone 1,8.76,18.4,2.26,9,74.82,True
D00777,2026-05-30,West Zone 1,15.8,52.9,5.45,15,99.26,True
D00778,2026-05-19,South Zone 1,3.66,4.0,1.88,10,62.32,True
D00779,2026-05-19,West Zone 1,15.04,65.1,1.65,5,77.38,True
D00780,2026-06-15,South Zone 2,16.49,52.6,3.74,10,95.5,True
D00781,2026-06-18,South Zone 2,7.32,25.4,1.04,8,62.32,True
D00782,2026-07-10,East Zone 1,8.87,22.2,5.38,12,91.66,True
D00783,2026-05-26,North Zone 2,2.66,6.7,10.7,6,65.35,True
D00784,2026-05-26,South Zone 1,2.41,9.2,3.4,5,56.69,True
D00785,2026-07-05,North Zone 2,9.6,23.4,2.97,6,82.51,True
D00786,2026-06-25,East Zone 1,9.77,25.6,2.03,10,83.85,True
D00787,2026-05-07,North Zone 2,7.23,18.7,2.76,7,79.36,True
D00788,2026-05-30,North Zone 1,5.35,4.6,5.47,9,65.31,True
D00789,2026-05-28,North Zone 1,7.67,9.3,2.15,9,82.76,True
D00790,2026-06-23,South Zone 1,4.33,7.4,2.13,4,63.54,True
D00791,2026-06-25,East Zone 1,10.73,23.4,2.71,5,88.48,True
D00792,2026-06-14,West Zone 1,14.18,54.7,0.37,10,92.7,False
D00793,2026-06-16,South Zone 1,9.44,20.7,4.29,5,78.23,True
D00794,2026-06-18,North Zone 2,4.63,11.9,2.18,5,55.26,True
D00795,2026-06-08,North Zone 1,5.85,4.8,3.53,5,70.33,True
D00796,2026-06-09,South Zone 1,5.17,4.0,2.88,5,62.79,True
D00797,2026-05-08,North Zone 2,3.11,11.8,8.9,7,70.9,True
D00798,2026-06-30,West Zone 1,11.5,60.1,10.89,7,104.56,True
D00799,2026-06-07,North Zone 1,5.42,13.8,3.56,3,63.45,True
D00800,2026-05-07,North Zone 2,6.89,20.9,4.53,4,75.4,True
D00801,2026-05-25,West Zone 1,16.93,73.4,3.4,9,109.99,True
D00802,2026-07-02,South Zone 2,15.58,54.6,1.05,9,103.4,True
D00803,2026-06-14,North Zone 1,4.59,10.1,7.16,4,75.17,True
D00804,2026-06-08,West Zone 1,21.57,89.1,1.56,8,118.69,True
D00805,2026-06-06,South Zone 2,12.46,37.9,7.0,6,93.1,True
D00806,2026-05-07,North Zone 1,4.97,9.4,3.17,5,75.69,True
D00807,2026-07-04,South Zone 2,10.44,30.7,5.09,8,83.48,True
D00808,2026-05-25,North Zone 1,2.46,4.0,3.37,6,58.63,True
D00809,2026-05-27,East Zone 1,3.86,4.2,2.37,9,71.77,True
D00810,2026-06-20,South Zone 1,1.55,4.0,0.86,11,50.75,True
D00811,2026-05-09,East Zone 1,10.91,15.9,2.74,6,89.78,True
D00812,2026-05-20,South Zone 1,5.13,12.5,8.51,4,75.11,True
D00813,2026-06-21,South Zone 1,3.59,4.0,4.58,3,71.95,True
D00814,2026-07-05,North Zone 1,5.88,9.7,2.4,9,72.69,True
D00815,2026-05-07,North Zone 2,9.75,30.3,12.76,10,112.17,True
D00816,2026-05-05,East Zone 1,7.49,21.7,0.75,5,67.01,True
D00817,2026-06-15,East Zone 1,8.36,18.5,0.89,7,68.52,True
D00818,2026-06-03,South Zone 2,13.33,56.5,4.26,5,96.91,True
D00819,2026-06-15,South Zone 2,11.67,43.3,0.58,7,82.66,True
D00820,2026-05-29,South Zone 2,13.98,43.8,8.11,7,112.92,True
D00821,2026-06-23,North Zone 2,5.07,11.1,1.97,6,72.89,True
D00822,2026-07-12,North Zone 2,5.89,17.6,2.47,8,53.12,True
D00823,2026-06-27,South Zone 2,17.94,45.5,1.04,8,94.64,True
D00824,2026-05-12,West Zone 1,13.46,55.2,1.39,4,82.35,True
D00825,2026-05-20,North Zone 2,9.8,27.4,2.53,6,84.84,True
D00826,2026-05-25,North Zone 2,5.96,8.7,1.98,7,60.49,True
D00827,2026-07-10,North Zone 2,5.72,18.4,2.49,8,59.52,True
D00828,2026-05-18,East Zone 1,5.99,18.0,2.34,12,69.43,True
D00829,2026-06-27,South Zone 1,4.81,4.0,1.28,10,72.15,True
D00830,2026-05-18,East Zone 1,11.82,22.4,4.07,10,93.2,True
D00831,2026-05-09,South Zone 2,13.99,42.9,0.23,9,85.39,True
D00832,2026-05-25,North Zone 2,8.39,20.9,8.48,10,74.84,True
D00833,2026-06-13,North Zone 1,4.84,15.7,2.69,7,58.85,True
D00834,2026-06-19,South Zone 1,6.12,4.0,1.21,5,63.73,True
D00835,2026-06-14,South Zone 1,4.84,7.5,9.36,5,77.11,True
D00836,2026-05-29,East Zone 1,6.51,16.5,4.19,4,68.07,True
D00837,2026-05-17,North Zone 1,9.21,18.9,2.38,8,75.4,True
D00838,2026-06-20,South Zone 2,9.77,36.2,3.59,10,78.28,True
D00839,2026-05-26,North Zone 1,5.48,12.0,4.72,4,71.16,True
D00840,2026-06-13,West Zone 1,16.13,55.3,1.12,7,92.72,True
D00841,2026-06-26,East Zone 1,8.51,20.0,2.38,6,80.35,True
D00842,2026-06-10,East Zone 1,11.47,47.3,7.47,5,87.51,True
D00843,2026-05-04,South Zone 1,5.25,8.9,1.19,8,75.08,True
D00844,2026-06-28,North Zone 2,9.26,29.1,4.16,4,82.61,True
D00845,2026-07-09,East Zone 1,11.11,31.0,1.3,14,94.5,True
D00846,2026-06-24,South Zone 2,9.37,38.4,3.4,10,82.18,True
D00847,2026-07-12,West Zone 1,10.72,37.7,1.78,5,88.95,True
D00848,2026-06-03,South Zone 2,14.04,61.9,2.72,6,94.54,True
D00849,2026-05-21,South Zone 1,0.5,4.0,2.08,6,45.95,True
D00850,2026-06-05,West Zone 1,13.99,51.4,2.73,5,89.7,True
D00851,2026-06-19,West Zone 1,13.08,46.9,0.81,5,76.82,True
D00852,2026-05-28,South Zone 2,10.99,35.9,1.38,8,82.16,False
D00853,2026-07-12,North Zone 2,10.86,33.3,10.02,4,86.87,True
D00854,2026-06-06,North Zone 2,4.94,12.5,1.2,9,68.79,True
D00855,2026-05-07,North Zone 2,6.53,15.9,0.87,5,63.78,True
D00856,2026-06-12,East Zone 1,5.16,12.9,3.0,7,56.54,True
D00857,2026-06-18,West Zone 1,11.84,46.9,0.59,10,82.15,True
D00858,2026-06-16,North Zone 1,6.53,9.6,5.36,6,69.61,True
D00859,2026-06-15,South Zone 1,6.07,8.5,2.87,6,74.63,True
D00860,2026-06-24,East Zone 1,9.74,25.7,2.55,6,87.2,True
D00861,2026-06-30,North Zone 2,11.37,33.9,1.21,10,84.28,True
D00862,2026-07-03,West Zone 1,14.98,54.7,6.21,6,101.86,True
D00863,2026-05-11,South Zone 2,14.18,54.8,2.57,4,102.7,True
D00864,2026-05-23,South Zone 2,9.89,29.3,12.26,9,105.26,True
D00865,2026-06-16,South Zone 2,12.8,49.0,5.05,4,94.6,True
D00866,2026-05-14,North Zone 2,9.61,27.7,2.38,10,78.36,False
D00867,2026-06-20,North Zone 1,7.71,11.4,2.07,9,72.83,True
D00868,2026-07-04,South Zone 1,8.86,13.0,1.92,9,77.75,True
D00869,2026-07-03,North Zone 2,12.26,28.9,1.68,5,89.28,True
D00870,2026-06-22,East Zone 1,8.14,15.9,2.97,6,74.01,False
D00871,2026-05-14,North Zone 1,2.77,4.0,2.61,10,58.92,True
D00872,2026-06-11,North Zone 2,9.46,23.9,0.81,7,69.9,True
D00873,2026-05-14,South Zone 2,7.53,26.1,1.19,8,63.92,True
D00874,2026-05-29,East Zone 1,9.88,22.6,5.4,6,89.77,True
D00875,2026-05-19,South Zone 2,9.35,35.9,2.89,4,80.77,True
D00876,2026-06-16,North Zone 1,0.5,4.0,6.37,6,52.45,True
D00877,2026-05-19,South Zone 1,3.61,4.7,0.29,9,54.58,True
D00878,2026-05-14,East Zone 1,7.42,20.8,2.43,10,68.45,True
D00879,2026-06-25,South Zone 2,8.72,31.2,3.42,4,81.25,True
D00880,2026-06-20,South Zone 2,13.13,36.6,4.12,13,95.04,True
D00881,2026-05-24,West Zone 1,14.52,54.6,2.97,6,90.86,True
D00882,2026-07-11,North Zone 1,8.61,15.6,0.24,8,68.6,True
D00883,2026-06-29,South Zone 2,8.75,30.5,2.04,9,76.65,False
D00884,2026-07-02,South Zone 2,12.65,42.1,1.08,5,96.43,True
D00885,2026-06-18,South Zone 1,2.45,6.2,1.01,7,55.15,True
D00886,2026-05-04,South Zone 1,5.11,16.0,0.51,7,56.34,True
D00887,2026-06-13,North Zone 1,4.8,7.0,3.21,3,66.91,True
D00888,2026-06-08,South Zone 1,0.5,4.0,2.4,7,55.78,False
D00889,2026-06-18,East Zone 1,9.34,20.1,8.24,9,94.66,True
D00890,2026-06-03,North Zone 2,8.82,25.7,4.32,8,75.57,True
D00891,2026-05-21,South Zone 1,4.43,13.1,1.54,10,57.58,True
D00892,2026-05-23,South Zone 1,9.62,11.5,5.82,6,88.47,True
D00893,2026-07-03,West Zone 1,12.92,53.1,3.69,9,93.09,True
D00894,2026-07-06,South Zone 1,2.6,9.3,2.48,7,63.21,True
D00895,2026-06-27,East Zone 1,8.47,19.3,5.72,9,87.83,False
D00896,2026-06-28,East Zone 1,6.89,10.0,1.11,6,72.06,True
D00897,2026-05-13,North Zone 2,9.59,20.6,5.3,9,79.65,True
D00898,2026-05-08,North Zone 2,10.81,30.1,2.77,6,86.95,True
D00899,2026-06-13,South Zone 2,7.41,24.6,1.71,5,72.32,True
D00900,2026-06-13,West Zone 1,9.94,37.1,3.63,12,92.05,True
D00901,2026-06-19,North Zone 2,3.67,10.8,3.58,7,62.14,True
D00902,2026-05-10,North Zone 1,7.45,12.6,4.0,8,71.52,True
D00903,2026-05-15,West Zone 1,10.82,35.6,1.65,8,77.84,True
D00904,2026-05-20,North Zone 1,7.38,17.6,1.89,6,73.79,True
D00905,2026-05-13,South Zone 1,2.61,4.5,6.01,4,56.97,True
D00906,2026-05-11,South Zone 2,8.85,26.1,3.16,8,78.86,True
D00907,2026-06-17,North Zone 2,11.73,39.4,3.18,5,91.42,True
D00908,2026-07-09,South Zone 2,11.48,43.5,2.8,8,83.58,False
D00909,2026-06-17,South Zone 2,13.14,55.4,8.45,5,103.36,True
D00910,2026-05-12,South Zone 2,13.03,53.8,3.27,7,88.5,False
D00911,2026-06-16,East Zone 1,10.05,31.2,2.45,4,79.02,True
D00912,2026-06-12,North Zone 2,9.17,17.9,2.63,7,77.55,True
D00913,2026-05-29,South Zone 1,4.32,8.8,6.15,8,77.94,True
D00914,2026-06-04,South Zone 2,15.57,50.2,2.93,9,104.88,True
D00915,2026-07-05,North Zone 1,6.69,8.3,1.32,8,64.6,True
D00916,2026-06-11,West Zone 1,15.47,61.2,10.01,4,116.13,True
D00917,2026-06-24,East Zone 1,13.3,37.2,2.34,10,92.19,True
D00918,2026-05-31,West Zone 1,13.87,49.6,2.64,7,95.13,True
D00919,2026-06-07,West Zone 1,13.28,60.8,2.18,5,94.21,True
D00920,2026-06-07,East Zone 1,7.5,14.6,6.74,7,88.93,True
D00921,2026-06-02,East Zone 1,7.5,23.6,1.63,11,71.43,True
D00922,2026-06-04,East Zone 1,12.06,37.3,3.78,7,85.0,True
D00923,2026-05-11,South Zone 2,10.79,29.5,1.19,2,92.86,True
D00924,2026-05-12,West Zone 1,13.96,61.7,2.65,9,102.13,True
D00925,2026-05-09,South Zone 1,4.17,4.0,3.03,3,68.02,True
D00926,2026-06-11,North Zone 1,3.67,5.6,8.46,2,73.44,True
D00927,2026-05-08,North Zone 1,5.99,9.3,4.26,4,70.61,True
D00928,2026-07-12,West Zone 1,12.74,52.6,2.02,9,88.94,True
D00929,2026-06-10,South Zone 1,3.87,4.4,4.7,3,57.09,True
D00930,2026-06-25,South Zone 2,15.7,60.3,1.88,3,106.56,True
D00931,2026-07-01,South Zone 1,4.21,11.2,2.07,9,53.92,True
D00932,2026-06-28,South Zone 1,0.5,4.0,9.65,6,60.74,True
D00933,2026-06-01,West Zone 1,13.44,50.0,4.77,11,99.01,True
D00934,2026-06-30,South Zone 1,3.89,5.0,3.21,7,62.93,True
D00935,2026-06-08,North Zone 1,10.73,29.2,4.09,6,96.0,True
D00936,2026-06-25,East Zone 1,9.16,18.6,1.95,5,76.2,True
D00937,2026-05-04,North Zone 1,4.62,9.5,4.52,10,63.68,True
D00938,2026-06-15,South Zone 1,4.38,10.3,2.04,7,56.63,True
D00939,2026-06-20,East Zone 1,6.84,4.5,0.65,4,60.87,True
D00940,2026-05-15,North Zone 1,7.43,16.5,6.14,4,75.87,True
D00941,2026-06-22,West Zone 1,14.82,54.4,4.71,6,99.85,True
D00942,2026-06-03,East Zone 1,6.33,15.1,4.19,10,58.9,True
D00943,2026-07-11,North Zone 2,9.92,22.3,1.49,6,79.79,True
D00944,2026-05-19,South Zone 1,5.44,9.0,2.23,8,69.71,True
D00945,2026-05-04,South Zone 1,7.19,10.1,6.18,4,80.33,True
D00946,2026-07-11,South Zone 2,13.19,33.7,2.35,5,86.83,True
D00947,2026-05-30,South Zone 1,2.07,4.0,7.26,3,68.62,True
D00948,2026-06-27,North Zone 2,14.99,28.9,1.64,7,104.87,True
D00949,2026-05-05,West Zone 1,15.94,66.4,3.47,5,100.92,False
D00950,2026-06-20,East Zone 1,9.7,18.8,2.23,6,81.78,True
D00951,2026-05-21,South Zone 2,10.52,42.4,1.29,6,82.54,True
D00952,2026-05-18,West Zone 1,9.91,37.1,5.91,4,89.51,True
D00953,2026-06-24,North Zone 1,4.85,7.2,2.07,9,68.37,True
D00954,2026-05-16,North Zone 2,12.49,23.6,4.98,7,92.13,True
D00955,2026-05-31,North Zone 2,9.37,23.5,1.28,7,80.13,True
D00956,2026-06-28,North Zone 1,2.84,13.0,5.52,5,77.6,True
D00957,2026-05-21,West Zone 1,13.54,62.6,1.77,9,92.75,True
D00958,2026-07-04,South Zone 2,11.35,33.9,3.08,8,84.98,True
D00959,2026-07-01,West Zone 1,12.63,55.6,8.07,7,99.9,True
D00960,2026-05-18,South Zone 2,8.93,24.0,1.73,7,84.18,True
D00961,2026-06-15,North Zone 1,3.86,11.1,2.29,10,59.41,True
D00962,2026-06-29,South Zone 2,7.4,29.4,1.0,6,72.26,True
D00963,2026-07-02,South Zone 2,8.49,28.4,0.96,8,67.07,True
D00964,2026-06-20,North Zone 2,9.88,19.4,5.67,9,90.12,True
D00965,2026-06-09,North Zone 2,9.68,27.9,3.83,8,79.6,True
D00966,2026-05-17,North Zone 1,7.11,14.2,5.46,8,88.86,False
D00967,2026-06-22,West Zone 1,9.11,40.6,2.1,7,82.98,True
D00968,2026-05-10,West Zone 1,13.96,49.8,3.14,6,106.9,True
D00969,2026-06-16,West Zone 1,13.71,55.3,5.39,5,108.07,True
D00970,2026-06-15,West Zone 1,11.02,37.6,5.25,11,85.28,True
D00971,2026-06-07,East Zone 1,4.4,6.1,2.75,4,65.01,True
D00972,2026-05-26,East Zone 1,8.24,24.9,3.59,4,81.06,True
D00973,2026-05-21,South Zone 2,13.99,53.2,1.91,5,96.48,True
D00974,2026-05-18,East Zone 1,10.35,21.1,2.96,5,84.87,True
D00975,2026-06-20,North Zone 2,4.57,4.3,4.56,13,68.25,True
D00976,2026-06-11,West Zone 1,13.99,52.9,7.68,9,109.0,True
D00977,2026-06-04,South Zone 2,12.67,45.2,4.36,9,93.51,True
D00978,2026-06-03,North Zone 2,11.89,37.1,0.79,7,85.88,True
D00979,2026-06-03,West Zone 1,12.56,58.6,2.9,4,98.04,True
D00980,2026-06-27,East Zone 1,6.09,9.0,2.02,5,62.71,True
D00981,2026-06-19,South Zone 1,4.61,8.4,3.27,9,66.86,True
D00982,2026-05-04,North Zone 1,10.21,19.0,2.57,9,69.61,True
D00983,2026-05-12,South Zone 1,4.59,14.1,3.27,6,67.55,True
D00984,2026-06-08,North Zone 2,15.57,41.3,6.65,6,108.81,True
D00985,2026-06-02,South Zone 1,5.72,10.8,4.35,6,83.35,True
D00986,2026-06-08,South Zone 2,14.24,41.0,2.76,9,96.58,True
D00987,2026-05-27,South Zone 2,8.42,30.9,3.06,7,66.01,True
D00988,2026-07-12,West Zone 1,14.12,52.7,7.21,12,109.77,True
D00989,2026-06-06,West Zone 1,13.77,47.3,6.38,7,105.43,True
D00990,2026-05-05,East Zone 1,6.84,23.0,2.0,10,70.58,True
D00991,2026-07-01,South Zone 2,16.82,68.2,6.84,5,108.95,True
D00992,2026-05-22,North Zone 1,8.78,10.6,4.31,9,73.28,False
D00993,2026-06-12,North Zone 1,10.64,20.6,6.72,8,103.92,True
D00994,2026-07-11,South Zone 2,10.22,30.4,2.92,10,85.4,True
D00995,2026-06-12,North Zone 2,4.8,11.4,10.73,10,75.25,True
D00996,2026-06-30,South Zone 2,14.54,50.8,1.81,9,102.36,True
D00997,2026-05-30,South Zone 1,2.44,11.0,3.75,13,60.68,True
D00998,2026-05-28,South Zone 2,10.87,43.0,4.42,3,96.0,True
D00999,2026-05-17,North Zone 2,0.5,4.0,3.91,6,56.9,True
D01000,2026-07-03,South Zone 2,14.55,43.8,6.6,7,114.75,False
D01001,2026-06-20,West Zone 1,13.33,43.6,2.6,13,81.81,True
D01002,2026-05-21,North Zone 1,7.26,15.6,5.5,11,79.96,True
D01003,2026-06-25,South Zone 2,15.36,61.5,1.96,9,108.66,True
D01004,2026-06-16,West Zone 1,13.04,65.7,0.65,7,92.72,True
D01005,2026-05-26,North Zone 2,10.79,29.3,4.66,13,88.31,True
D01006,2026-05-07,North Zone 1,1.91,5.3,2.44,7,59.3,True
D01007,2026-07-02,North Zone 2,10.45,28.5,0.84,8,75.83,True
D01008,2026-06-13,South Zone 2,11.86,34.2,1.62,7,82.88,True
D01009,2026-05-20,North Zone 1,10.76,26.6,4.94,1,103.88,True
D01010,2026-07-01,East Zone 1,5.64,21.4,5.86,14,72.84,True
D01011,2026-06-04,West Zone 1,17.47,78.4,3.02,7,107.24,True
D01012,2026-05-29,North Zone 2,14.03,36.5,1.84,9,95.76,True
D01013,2026-06-06,North Zone 2,7.58,15.3,9.42,8,93.87,True
D01014,2026-05-20,South Zone 1,10.92,16.3,2.74,7,87.93,True
D01015,2026-05-27,South Zone 1,4.72,9.6,2.89,4,61.35,True
D01016,2026-06-27,South Zone 2,10.95,35.7,3.38,7,88.3,True
D01017,2026-07-06,South Zone 2,11.77,44.4,1.88,8,75.53,True
D01018,2026-05-07,West Zone 1,13.44,53.1,2.21,7,94.21,True
D01019,2026-05-17,East Zone 1,5.41,12.3,4.73,9,77.96,True
D01020,2026-05-09,West Zone 1,9.73,24.9,12.08,8,104.02,True
D01021,2026-06-21,East Zone 1,10.39,23.5,2.62,7,85.75,True
D01022,2026-05-27,West Zone 1,17.27,77.7,0.78,7,99.65,True
D01023,2026-05-29,North Zone 2,10.48,30.5,2.04,7,84.07,True
D01024,2026-05-06,South Zone 1,4.09,5.3,4.94,7,61.38,True
D01025,2026-06-30,South Zone 1,3.37,9.6,4.44,9,58.7,True
D01026,2026-07-05,West Zone 1,18.89,72.8,3.06,10,118.36,True
D01027,2026-05-25,West Zone 1,15.18,57.9,4.83,7,103.89,True
D01028,2026-07-06,West Zone 1,17.98,76.5,1.96,9,109.63,False
D01029,2026-05-24,East Zone 1,6.31,13.1,1.82,5,69.55,True
D01030,2026-07-12,East Zone 1,9.3,14.9,2.77,7,67.48,True
D01031,2026-06-18,South Zone 1,8.23,18.7,2.33,9,72.57,True
D01032,2026-06-27,South Zone 2,11.1,31.9,4.65,12,83.95,False
D01033,2026-05-26,South Zone 1,4.19,9.2,7.03,10,71.88,True
D01034,2026-06-22,North Zone 1,4.01,15.6,5.34,11,68.28,True
D01035,2026-05-24,North Zone 1,1.85,4.0,4.2,4,52.59,True
D01036,2026-05-27,West Zone 1,18.06,83.6,2.82,5,115.85,False
D01037,2026-05-19,North Zone 1,5.07,15.1,6.11,7,68.04,True
D01038,2026-06-23,South Zone 1,4.82,11.7,0.35,9,70.25,True
D01039,2026-06-11,North Zone 1,7.84,15.9,2.13,3,80.82,True
D01040,2026-06-21,South Zone 2,13.9,54.4,7.12,5,105.56,True
D01041,2026-05-19,West Zone 1,10.19,55.2,4.25,7,78.46,True
D01042,2026-05-23,North Zone 2,3.82,8.8,7.26,12,79.11,True
D01043,2026-07-07,South Zone 1,5.98,10.8,2.96,6,74.47,True
D01044,2026-06-07,West Zone 1,11.49,49.3,3.72,6,82.69,False
D01045,2026-06-11,West Zone 1,8.67,30.4,1.76,13,82.5,True
D01046,2026-05-08,South Zone 1,6.25,6.5,1.61,3,64.02,False
D01047,2026-07-07,East Zone 1,7.8,28.0,3.09,7,75.82,True
D01048,2026-06-06,North Zone 2,9.43,30.3,5.0,10,79.71,False
D01049,2026-06-02,South Zone 1,2.68,8.4,4.95,5,72.03,True
D01050,2026-05-23,East Zone 1,5.59,5.0,14.27,6,86.25,True
D01051,2026-06-03,South Zone 2,11.85,43.1,2.05,10,85.94,False
D01052,2026-05-11,North Zone 1,7.14,18.7,5.1,9,71.21,False
D01053,2026-06-15,North Zone 2,10.28,27.8,4.73,7,87.6,True
D01054,2026-06-01,South Zone 1,3.58,13.6,2.6,7,64.65,True
D01055,2026-06-29,East Zone 1,11.48,28.6,4.55,4,88.94,False
D01056,2026-06-27,East Zone 1,9.62,20.5,6.66,4,98.53,True
D01057,2026-06-03,North Zone 1,6.3,9.9,3.93,7,71.87,False
D01058,2026-07-11,South Zone 2,12.61,41.0,4.27,10,91.85,True
D01059,2026-05-05,North Zone 2,6.79,24.2,3.63,8,76.68,True
D01060,2026-07-04,North Zone 1,7.5,9.9,5.92,6,81.7,True
D01061,2026-06-03,South Zone 2,13.91,55.2,4.84,7,106.6,True
D01062,2026-06-25,West Zone 1,12.91,49.9,11.26,8,106.14,True
D01063,2026-05-07,East Zone 1,8.35,18.3,1.33,6,72.89,True
D01064,2026-07-02,South Zone 1,1.94,4.0,6.0,9,61.91,True
D01065,2026-06-30,West Zone 1,15.71,72.9,1.47,9,83.16,True
D01066,2026-05-26,West Zone 1,14.53,70.1,6.09,8,116.87,True
D01067,2026-06-15,West Zone 1,12.01,57.7,3.13,5,99.83,True
D01068,2026-07-02,West Zone 1,11.44,53.8,1.95,6,86.91,True
D01069,2026-06-07,South Zone 2,10.92,38.7,4.3,7,81.26,True
D01070,2026-06-25,North Zone 1,5.01,15.4,4.01,8,81.52,True
D01071,2026-05-19,West Zone 1,17.98,81.5,4.71,5,96.85,True
D01072,2026-05-17,South Zone 1,2.31,5.5,0.81,7,56.88,True
D01073,2026-05-19,North Zone 2,11.39,38.5,2.13,6,94.07,True
D01074,2026-05-26,East Zone 1,6.46,15.0,3.3,4,81.15,True
D01075,2026-06-27,South Zone 2,15.48,43.8,2.41,8,97.27,True
D01076,2026-05-04,South Zone 2,11.96,44.2,3.96,7,89.28,True
D01077,2026-05-22,North Zone 2,8.86,19.6,5.72,11,88.03,True
D01078,2026-06-25,North Zone 2,8.05,26.2,6.04,4,83.86,True
D01079,2026-05-22,South Zone 2,10.85,32.0,0.8,3,81.25,False
D01080,2026-06-20,North Zone 2,11.78,27.7,1.46,8,87.33,True
D01081,2026-06-27,West Zone 1,14.71,46.0,8.07,5,96.19,True
D01082,2026-05-12,South Zone 1,6.64,10.8,10.38,10,81.0,True
D01083,2026-05-08,North Zone 2,6.3,10.7,1.46,5,64.53,True
D01084,2026-05-22,West Zone 1,16.63,55.4,3.21,3,98.86,True
D01085,2026-06-13,South Zone 2,8.35,21.4,2.3,7,71.17,True
D01086,2026-06-24,North Zone 1,8.22,21.5,3.48,12,77.53,False
D01087,2026-07-08,East Zone 1,6.37,20.8,6.48,5,79.5,True
D01088,2026-05-11,South Zone 2,10.02,30.3,7.09,6,91.09,True
D01089,2026-05-22,North Zone 2,10.29,24.5,5.34,6,75.55,True
D01090,2026-07-09,North Zone 1,3.03,9.5,17.43,5,88.47,True
D01091,2026-06-10,South Zone 2,12.48,49.3,3.01,8,90.95,True
D01092,2026-06-08,North Zone 1,3.73,13.1,5.79,9,68.82,True
D01093,2026-05-12,North Zone 2,12.82,34.1,2.04,7,85.09,True
D01094,2026-05-07,North Zone 2,8.87,22.4,1.1,8,84.93,True
D01095,2026-06-14,North Zone 1,5.96,15.7,5.49,8,76.55,True
D01096,2026-05-25,North Zone 1,1.96,6.8,8.4,8,59.67,True
D01097,2026-07-12,West Zone 1,17.88,69.1,1.74,6,104.74,True
D01098,2026-06-03,North Zone 2,9.91,31.9,4.35,7,91.02,True
D01099,2026-05-29,South Zone 2,12.06,34.6,2.13,9,83.94,True
D01100,2026-07-03,South Zone 2,9.14,31.6,7.46,9,87.76,True
D01101,2026-05-23,West Zone 1,14.04,49.2,4.48,4,107.82,True
D01102,2026-05-11,North Zone 2,11.43,31.8,0.96,4,79.81,True
D01103,2026-06-18,East Zone 1,7.07,14.8,10.35,5,81.05,True
D01104,2026-05-20,West Zone 1,14.43,60.9,1.59,7,101.61,True
D01105,2026-07-05,North Zone 2,10.56,27.3,0.34,8,80.09,True
D01106,2026-07-07,East Zone 1,9.85,31.0,1.74,4,82.53,True
D01107,2026-06-08,East Zone 1,9.05,27.0,2.36,6,80.66,True
D01108,2026-06-27,South Zone 2,10.38,28.1,2.55,8,82.16,True
D01109,2026-05-15,North Zone 2,10.26,21.5,2.61,6,84.88,True
D01110,2026-05-25,East Zone 1,7.75,15.5,8.53,7,72.25,True
D01111,2026-07-08,North Zone 2,8.09,30.6,3.21,4,84.02,True
D01112,2026-06-03,South Zone 2,8.53,40.9,1.68,9,69.98,True
D01113,2026-07-07,North Zone 1,12.5,32.2,2.97,10,97.36,True
D01114,2026-05-16,South Zone 2,10.33,32.6,2.42,6,79.59,False
D01115,2026-06-22,North Zone 2,8.02,19.7,6.74,4,90.03,True
D01116,2026-06-23,North Zone 1,9.44,22.8,5.45,7,82.8,True
D01117,2026-05-19,South Zone 2,9.43,37.1,0.84,8,70.77,False
D01118,2026-07-06,North Zone 2,12.66,31.0,2.58,5,85.59,True
D01119,2026-06-16,North Zone 1,2.73,12.6,2.06,6,56.2,True
D01120,2026-05-29,South Zone 2,9.47,23.1,3.19,6,91.15,True
D01121,2026-07-04,North Zone 1,9.23,20.4,4.56,6,71.15,True
D01122,2026-05-28,East Zone 1,7.57,13.2,2.74,11,85.9,False
D01123,2026-05-31,East Zone 1,9.85,27.6,0.37,10,81.34,True
D01124,2026-06-16,North Zone 2,10.07,35.3,6.13,8,79.91,True
D01125,2026-05-13,North Zone 1,3.89,4.4,1.94,1,57.24,True
D01126,2026-05-30,North Zone 2,11.54,33.4,3.73,6,90.66,False
D01127,2026-06-24,South Zone 1,1.75,6.6,1.74,7,44.35,True
D01128,2026-05-04,South Zone 2,10.76,39.5,7.01,6,91.16,True
D01129,2026-05-21,South Zone 1,5.18,5.6,1.26,7,63.72,True
D01130,2026-06-16,South Zone 2,15.21,65.4,5.73,4,100.56,True
D01131,2026-06-04,West Zone 1,12.07,50.0,3.37,4,87.74,False
D01132,2026-05-22,East Zone 1,7.16,18.1,2.08,7,65.39,True
D01133,2026-06-25,North Zone 2,7.25,18.9,12.31,5,93.23,True
D01134,2026-05-28,East Zone 1,9.64,19.3,0.94,2,81.83,True
D01135,2026-07-12,South Zone 1,2.02,9.3,10.94,11,83.76,True
D01136,2026-05-25,North Zone 2,8.39,19.0,1.55,9,70.36,True
D01137,2026-06-22,South Zone 2,12.68,46.6,5.04,7,99.13,True
D01138,2026-07-01,North Zone 2,7.71,21.3,4.41,6,64.62,False
D01139,2026-05-18,West Zone 1,14.66,57.0,11.58,3,113.82,True
D01140,2026-05-21,South Zone 2,8.56,28.6,5.16,7,89.06,True
D01141,2026-06-15,South Zone 1,5.13,10.6,5.92,8,62.15,True
D01142,2026-06-29,North Zone 2,9.26,28.0,3.84,7,78.18,True
D01143,2026-05-17,East Zone 1,9.02,26.6,7.54,8,90.07,True
D01144,2026-05-21,South Zone 2,15.16,55.2,7.7,9,92.21,True
D01145,2026-05-09,South Zone 2,9.85,16.5,1.58,5,86.01,True
D01146,2026-06-21,North Zone 1,8.49,15.7,1.68,4,76.5,True
D01147,2026-06-28,South Zone 2,9.56,33.5,1.67,8,72.86,True
D01148,2026-05-25,South Zone 2,16.62,51.3,2.23,3,91.33,True
D01149,2026-05-18,South Zone 2,12.03,46.3,3.37,9,96.97,True
D01150,2026-05-20,South Zone 2,13.27,50.8,1.07,6,94.9,True
D01151,2026-07-04,East Zone 1,4.93,9.6,3.83,5,60.57,True
D01152,2026-05-08,North Zone 2,10.16,26.2,9.71,6,101.14,True
D01153,2026-06-19,South Zone 1,3.43,7.8,17.05,6,93.78,True
D01154,2026-06-29,South Zone 1,4.07,4.0,11.46,5,81.99,True
D01155,2026-06-18,West Zone 1,12.24,53.5,3.05,6,89.67,True
D01156,2026-06-09,North Zone 1,0.58,4.3,4.01,11,45.48,True
D01157,2026-05-13,North Zone 2,6.29,17.2,2.91,8,68.73,True
D01158,2026-05-11,South Zone 1,4.51,12.1,6.23,7,74.3,True
D01159,2026-07-05,North Zone 1,0.55,4.0,3.6,8,51.98,True
D01160,2026-06-01,South Zone 1,3.77,10.0,2.61,6,55.33,True
D01161,2026-05-27,North Zone 2,13.41,33.6,7.46,9,99.25,True
D01162,2026-06-13,North Zone 2,9.71,17.9,4.5,9,84.5,True
D01163,2026-07-09,South Zone 1,5.73,7.8,0.78,8,66.93,True
D01164,2026-05-12,North Zone 2,8.3,26.1,1.5,8,71.96,True
D01165,2026-06-30,South Zone 1,2.38,4.0,4.31,6,56.08,True
D01166,2026-06-28,North Zone 2,9.65,26.3,1.84,4,79.78,True
D01167,2026-07-12,East Zone 1,11.32,26.7,3.42,12,84.41,True
D01168,2026-06-16,South Zone 1,8.24,15.8,3.32,4,77.56,True
D01169,2026-06-28,South Zone 1,2.67,4.6,9.41,6,75.06,True
D01170,2026-05-23,West Zone 1,13.6,45.4,2.85,9,85.51,True
D01171,2026-05-17,West Zone 1,10.53,35.2,1.66,6,80.78,True
D01172,2026-05-11,South Zone 1,0.5,4.0,4.42,6,45.03,True
D01173,2026-05-10,South Zone 1,8.22,15.2,3.54,7,79.06,True
D01174,2026-05-07,South Zone 2,12.55,40.4,4.24,4,82.44,False
D01175,2026-06-27,North Zone 2,12.62,29.5,5.16,8,97.1,True
D01176,2026-05-30,South Zone 1,3.58,9.3,5.09,4,65.65,True
D01177,2026-07-10,North Zone 2,7.89,18.0,0.81,9,74.29,True
D01178,2026-06-21,North Zone 1,4.95,10.4,8.8,3,75.53,True
D01179,2026-05-05,North Zone 2,9.19,32.5,4.49,8,75.23,True
D01180,2026-05-24,West Zone 1,19.68,74.5,4.31,6,115.6,True
D01181,2026-05-10,North Zone 1,8.87,23.2,2.83,8,63.19,True
D01182,2026-07-07,North Zone 2,4.9,15.7,2.99,9,59.81,True
D01183,2026-06-28,East Zone 1,9.26,19.0,0.2,6,65.95,True
D01184,2026-05-29,West Zone 1,12.93,42.5,7.86,6,103.0,True
D01185,2026-05-23,West Zone 1,13.92,56.6,7.64,9,106.43,True
D01186,2026-06-07,North Zone 1,6.52,9.0,2.66,9,74.13,True
D01187,2026-06-11,South Zone 1,2.1,4.0,7.13,10,61.09,True
D01188,2026-05-12,North Zone 1,6.59,18.1,4.31,9,81.92,True
D01189,2026-05-04,South Zone 2,10.83,38.6,5.35,5,92.76,True
D01190,2026-06-21,East Zone 1,5.4,5.0,7.02,6,78.9,True
D01191,2026-05-07,South Zone 2,11.4,36.4,1.48,13,79.22,True
D01192,2026-05-04,South Zone 2,11.55,36.3,3.61,9,86.1,True
D01193,2026-06-18,South Zone 1,6.05,11.3,3.23,5,70.15,True
D01194,2026-05-31,East Zone 1,3.64,7.4,2.46,7,54.08,False
D01195,2026-06-18,South Zone 2,9.53,35.7,8.18,4,95.45,True
D01196,2026-05-19,North Zone 1,8.24,30.4,3.59,6,83.53,True
D01197,2026-05-18,East Zone 1,13.19,31.7,3.99,4,95.76,True
D01198,2026-05-22,West Zone 1,17.52,67.6,3.02,9,106.62,True
D01199,2026-05-15,North Zone 1,4.68,4.9,7.79,7,61.77,True
D01200,2026-06-15,North Zone 1,3.89,7.4,5.11,10,70.44,True
D01201,2026-06-30,South Zone 1,9.31,19.4,3.38,7,81.53,True
D01202,2026-06-24,North Zone 1,6.58,17.1,2.78,7,67.05,True
D01203,2026-05-18,North Zone 2,10.05,23.9,1.74,7,76.97,True
D01204,2026-05-05,West Zone 1,11.26,51.5,1.17,6,86.61,True
D01205,2026-06-17,North Zone 1,4.5,8.2,2.73,7,52.78,False
D01206,2026-05-07,South Zone 1,3.87,12.9,4.67,7,65.55,True
D01207,2026-05-14,North Zone 1,6.65,6.6,1.02,5,64.91,True
D01208,2026-05-05,West Zone 1,14.28,67.2,5.42,8,106.81,True
D01209,2026-07-04,North Zone 2,8.16,20.8,9.46,4,90.84,True
D01210,2026-06-11,East Zone 1,5.53,14.9,3.37,10,69.96,True
D01211,2026-06-23,North Zone 1,7.78,9.1,12.16,9,79.04,False
D01212,2026-06-03,West Zone 1,16.84,76.2,7.22,8,114.23,True
D01213,2026-07-12,South Zone 2,13.22,46.1,8.71,6,105.69,True
D01214,2026-06-19,North Zone 2,11.9,33.4,1.47,3,89.45,True
D01215,2026-07-01,North Zone 1,10.36,30.2,10.2,10,95.92,True
D01216,2026-05-08,North Zone 1,3.26,8.8,7.61,7,63.56,True
D01217,2026-06-25,South Zone 1,0.59,4.0,0.41,7,48.12,True
D01218,2026-06-09,North Zone 2,9.66,37.1,2.2,7,81.46,True
D01219,2026-07-03,South Zone 2,11.37,37.2,4.53,7,99.25,True
D01220,2026-05-25,South Zone 1,7.58,12.3,0.2,10,61.25,True
D01221,2026-05-25,South Zone 2,11.78,35.7,0.2,5,86.0,True
D01222,2026-06-17,East Zone 1,12.75,28.2,0.67,8,78.02,True
D01223,2026-06-12,East Zone 1,7.81,18.1,4.68,3,79.36,True
D01224,2026-06-16,South Zone 1,3.5,12.0,0.36,4,53.58,True
D01225,2026-06-12,West Zone 1,16.17,50.4,4.13,4,110.51,True
D01226,2026-05-31,North Zone 2,9.73,24.1,2.61,11,83.57,True
D01227,2026-07-05,South Zone 1,6.95,15.9,3.16,4,70.44,True
D01228,2026-07-02,North Zone 2,8.93,28.8,3.45,4,78.69,True
D01229,2026-06-17,North Zone 2,9.02,27.5,8.38,3,88.08,True
D01230,2026-06-04,South Zone 1,5.36,9.4,4.25,10,78.21,True
D01231,2026-06-27,South Zone 2,11.34,35.1,2.76,11,89.92,True
D01232,2026-07-08,West Zone 1,12.14,55.0,4.24,7,86.68,True
D01233,2026-05-04,East Zone 1,10.97,22.1,11.75,7,92.59,True
D01234,2026-06-24,West Zone 1,16.39,76.3,6.72,4,112.35,True
D01235,2026-06-17,North Zone 2,11.51,35.6,3.67,4,86.62,True
D01236,2026-05-16,West Zone 1,15.94,58.4,0.77,5,105.86,True
D01237,2026-06-29,East Zone 1,6.11,4.9,5.25,3,70.61,False
D01238,2026-05-22,South Zone 2,9.56,36.1,0.97,7,76.51,True
D01239,2026-06-27,North Zone 2,10.33,22.8,1.69,9,79.02,True
D01240,2026-07-07,South Zone 2,12.99,51.1,3.31,9,103.77,True
D01241,2026-06-04,West Zone 1,12.03,44.3,7.04,7,103.63,True
D01242,2026-06-15,North Zone 1,5.73,10.7,3.45,11,75.55,True
D01243,2026-05-17,North Zone 2,12.85,34.8,3.01,7,87.32,True
D01244,2026-06-10,South Zone 2,12.62,48.5,3.46,4,93.25,False
D01245,2026-06-17,North Zone 2,7.53,21.9,3.38,7,67.24,True
D01246,2026-06-28,East Zone 1,13.73,30.2,6.27,7,84.7,True
D01247,2026-05-08,East Zone 1,10.92,24.2,7.49,5,97.06,True
D01248,2026-06-06,East Zone 1,6.92,6.8,2.03,6,68.89,True
D01249,2026-05-21,South Zone 1,1.2,4.9,2.07,5,59.18,True
D01250,2026-07-10,North Zone 1,10.26,20.7,2.72,9,88.82,True
D01251,2026-06-25,East Zone 1,8.87,21.2,3.07,6,77.03,True
D01252,2026-07-02,North Zone 2,11.6,25.0,8.13,4,98.18,True
D01253,2026-05-18,North Zone 2,11.2,36.6,1.64,9,82.84,True
D01254,2026-07-07,North Zone 2,8.35,24.7,2.66,6,75.35,True
D01255,2026-06-12,West Zone 1,17.54,64.8,8.19,5,114.63,True
D01256,2026-05-19,North Zone 1,7.9,16.0,1.3,10,74.9,True
D01257,2026-05-23,North Zone 1,2.76,4.0,1.59,5,60.3,True
D01258,2026-05-12,North Zone 1,2.6,10.8,2.85,10,48.85,True
D01259,2026-05-21,North Zone 1,4.18,7.6,7.89,4,75.89,True
D01260,2026-05-13,South Zone 2,9.02,33.4,1.97,9,64.75,True
D01261,2026-05-18,South Zone 2,12.2,41.3,1.59,5,92.19,False
D01262,2026-05-24,South Zone 2,11.64,35.8,2.63,6,74.7,True
D01263,2026-07-12,South Zone 1,3.76,8.5,1.01,10,61.46,True
D01264,2026-06-01,South Zone 2,14.61,46.7,4.39,7,100.01,True
D01265,2026-05-05,South Zone 2,15.4,55.5,11.2,8,117.06,True
D01266,2026-06-17,North Zone 1,9.63,17.8,0.67,7,78.22,True
D01267,2026-06-14,West Zone 1,15.48,65.2,6.32,6,107.19,True
D01268,2026-05-14,South Zone 1,10.43,16.5,2.61,2,76.36,True
D01269,2026-06-22,South Zone 2,14.57,50.0,3.49,8,105.36,True
D01270,2026-07-10,South Zone 1,2.68,5.2,3.16,11,46.57,True
D01271,2026-05-20,North Zone 1,4.54,14.9,5.41,8,63.02,True
D01272,2026-06-18,South Zone 1,5.85,9.5,4.8,2,69.21,True
D01273,2026-05-27,North Zone 1,7.26,10.0,3.41,9,74.79,True
D01274,2026-05-31,South Zone 1,3.74,8.8,3.07,6,62.38,True
D01275,2026-07-05,South Zone 2,14.27,51.6,8.47,6,108.81,True
D01276,2026-07-03,East Zone 1,8.05,21.0,2.05,6,75.17,True
D01277,2026-07-12,South Zone 2,16.62,46.3,3.81,6,102.94,False
D01278,2026-06-14,West Zone 1,12.02,45.2,2.75,11,94.97,True
D01279,2026-07-06,West Zone 1,15.99,65.1,4.82,8,108.92,True
D01280,2026-06-16,North Zone 2,8.2,29.8,3.89,2,82.18,False
D01281,2026-06-03,West Zone 1,15.22,74.3,0.69,11,95.59,True
D01282,2026-06-29,North Zone 1,4.27,4.3,3.37,10,69.68,True
D01283,2026-05-28,South Zone 1,4.45,9.5,3.32,8,66.88,True
D01284,2026-06-04,South Zone 2,15.74,60.6,9.22,5,112.41,True
D01285,2026-06-22,West Zone 1,12.08,41.9,3.72,8,94.79,True
D01286,2026-07-10,East Zone 1,8.84,19.9,5.67,7,79.71,True
D01287,2026-07-02,North Zone 2,6.49,13.4,3.92,12,73.48,True
D01288,2026-06-23,West Zone 1,12.0,52.5,2.38,5,77.6,True
D01289,2026-07-02,North Zone 1,4.89,12.1,3.14,8,59.78,True
D01290,2026-05-24,South Zone 1,4.19,5.1,1.71,5,60.54,True
D01291,2026-07-01,North Zone 1,7.64,21.0,4.0,8,87.25,True
D01292,2026-06-27,West Zone 1,14.33,50.9,0.44,3,86.8,False
D01293,2026-05-27,North Zone 1,7.04,24.2,4.07,5,70.84,True
D01294,2026-06-05,East Zone 1,6.34,12.6,2.17,6,66.05,True
D01295,2026-06-07,South Zone 2,10.64,39.4,5.86,8,86.95,False
D01296,2026-07-12,North Zone 2,9.8,27.0,8.98,5,87.67,True
D01297,2026-05-30,South Zone 2,10.73,37.9,0.7,6,91.92,True
D01298,2026-05-22,North Zone 2,6.91,19.6,9.04,7,81.71,True
D01299,2026-05-23,West Zone 1,15.27,60.7,0.94,5,96.08,True
D01300,2026-06-30,South Zone 1,4.0,4.0,2.79,6,51.01,True
D01301,2026-06-06,South Zone 2,15.04,46.8,5.43,9,105.99,True
D01302,2026-06-27,South Zone 1,6.69,6.5,6.29,3,68.73,True
D01303,2026-06-15,South Zone 1,6.83,9.1,2.75,6,77.22,True
D01304,2026-05-05,East Zone 1,6.91,14.9,1.65,5,63.54,True
D01305,2026-07-09,South Zone 2,9.8,41.1,0.73,9,67.5,True
D01306,2026-05-11,North Zone 1,5.57,19.9,12.14,7,86.43,True
D01307,2026-05-22,North Zone 2,10.88,25.0,0.89,5,80.42,True
D01308,2026-06-09,South Zone 1,4.78,9.9,0.99,7,57.42,True
D01309,2026-05-11,West Zone 1,12.12,53.1,6.69,4,97.88,True
D01310,2026-07-02,East Zone 1,8.33,22.6,9.3,8,87.53,True
D01311,2026-07-02,South Zone 2,11.3,34.5,3.74,8,81.44,True
D01312,2026-06-20,South Zone 1,4.06,13.5,0.86,5,57.72,True
D01313,2026-06-21,North Zone 1,10.04,19.8,2.42,9,89.85,True
D01314,2026-06-08,South Zone 1,7.86,6.9,3.12,8,79.83,True
D01315,2026-05-13,North Zone 2,10.99,34.6,3.37,5,91.07,True
D01316,2026-06-19,East Zone 1,11.74,17.8,8.97,9,103.42,True
D01317,2026-07-02,North Zone 1,10.65,23.2,8.9,5,102.11,True
D01318,2026-06-16,West Zone 1,14.32,68.6,1.6,9,103.32,True
D01319,2026-05-20,North Zone 2,13.42,43.0,6.21,3,95.24,True
D01320,2026-06-03,West Zone 1,8.27,33.6,5.79,6,81.33,True
D01321,2026-05-07,South Zone 2,12.57,47.1,1.41,7,78.68,True
D01322,2026-06-29,North Zone 2,10.99,26.0,2.86,5,75.65,True
D01323,2026-06-24,South Zone 1,1.38,4.0,3.4,8,39.82,True
D01324,2026-05-27,North Zone 2,8.15,25.4,2.5,8,73.54,True
D01325,2026-05-10,East Zone 1,6.66,13.1,1.32,10,68.72,True
D01326,2026-06-30,South Zone 2,12.59,51.9,1.86,7,85.67,True
D01327,2026-06-19,North Zone 2,6.19,18.3,4.73,8,69.91,True
D01328,2026-05-19,East Zone 1,8.42,21.4,10.74,6,96.53,True
D01329,2026-07-08,North Zone 2,10.13,34.3,1.78,11,88.97,True
D01330,2026-05-26,North Zone 2,11.15,35.3,3.74,7,79.22,True
D01331,2026-07-07,South Zone 1,4.18,4.0,2.7,5,57.3,True
D01332,2026-06-02,West Zone 1,12.68,61.0,3.06,8,88.94,False
D01333,2026-05-26,South Zone 2,7.26,24.1,5.38,4,71.87,True
D01334,2026-06-07,North Zone 1,3.78,7.9,7.01,7,71.74,True
D01335,2026-06-02,South Zone 1,5.74,12.6,3.7,9,61.97,True
D01336,2026-05-23,North Zone 1,6.21,18.8,4.74,10,64.21,True
D01337,2026-06-09,North Zone 1,3.52,7.6,5.14,8,62.62,True
D01338,2026-06-17,North Zone 1,8.55,23.7,0.39,9,71.59,True
D01339,2026-05-11,North Zone 1,7.15,17.0,3.2,4,66.82,True
D01340,2026-06-07,East Zone 1,10.4,32.0,3.13,7,88.16,True
D01341,2026-05-12,South Zone 1,5.96,10.3,8.49,9,85.13,True
D01342,2026-06-09,North Zone 1,8.65,17.2,4.0,4,82.4,True
D01343,2026-07-06,South Zone 1,7.27,17.0,5.56,10,65.02,True
D01344,2026-07-12,South Zone 2,12.4,43.1,7.65,10,99.8,True
D01345,2026-06-02,North Zone 1,6.43,11.9,5.86,8,81.56,True
D01346,2026-05-14,East Zone 1,12.11,21.4,2.3,7,87.89,True
D01347,2026-06-06,West Zone 1,15.76,50.9,3.1,11,91.31,True
D01348,2026-05-23,West Zone 1,12.68,43.0,2.44,3,93.08,True
D01349,2026-06-17,South Zone 1,2.99,4.0,12.81,8,81.9,True
D01350,2026-05-04,North Zone 2,11.92,34.8,3.14,9,81.35,True
D01351,2026-05-24,South Zone 1,2.84,4.0,4.92,6,63.9,True
D01352,2026-05-27,North Zone 1,8.88,19.1,1.38,13,75.67,True
D01353,2026-06-24,South Zone 1,8.31,21.9,1.74,8,83.3,True
D01354,2026-05-07,West Zone 1,11.43,49.6,1.68,4,79.04,True
D01355,2026-06-18,North Zone 1,4.72,14.8,1.69,6,58.83,True
D01356,2026-06-20,South Zone 1,4.09,4.0,1.64,4,54.27,True
D01357,2026-05-23,West Zone 1,13.45,48.5,4.2,8,91.39,True
D01358,2026-05-22,North Zone 2,7.53,21.9,3.43,6,74.28,True
D01359,2026-07-05,West Zone 1,15.87,60.4,0.47,8,100.19,True
D01360,2026-06-27,North Zone 2,10.18,24.6,2.0,6,87.4,True
D01361,2026-06-07,South Zone 1,5.1,7.9,5.43,10,60.65,True
D01362,2026-06-25,South Zone 2,13.14,49.3,3.24,2,96.21,True
D01363,2026-07-10,South Zone 2,12.25,31.3,9.64,8,108.65,True
D01364,2026-05-25,North Zone 2,11.33,28.9,0.39,7,76.08,True
D01365,2026-06-01,West Zone 1,18.38,83.6,1.3,4,103.23,True
D01366,2026-05-11,North Zone 1,4.58,10.1,6.67,2,67.44,True
D01367,2026-07-08,South Zone 2,14.58,56.2,1.46,7,101.82,False
D01368,2026-06-24,North Zone 2,7.47,27.1,3.06,8,85.6,True
D01369,2026-06-06,South Zone 1,6.0,9.4,3.79,4,71.91,True
D01370,2026-05-31,North Zone 2,8.94,18.6,4.42,8,86.41,True
D01371,2026-06-16,South Zone 2,13.43,55.2,3.14,8,96.61,False
D01372,2026-05-19,North Zone 2,14.55,51.1,4.33,12,97.41,True
D01373,2026-05-07,North Zone 2,10.91,35.0,10.5,4,93.61,False
D01374,2026-06-27,East Zone 1,9.51,23.1,7.51,7,77.36,True
D01375,2026-06-25,South Zone 1,3.21,4.0,15.27,8,81.72,True
D01376,2026-06-05,East Zone 1,9.59,22.1,4.29,6,90.42,True
D01377,2026-06-18,East Zone 1,10.37,23.7,4.51,9,86.66,True
D01378,2026-06-06,North Zone 1,7.59,6.5,1.89,10,70.1,True
D01379,2026-05-06,North Zone 2,9.83,32.1,2.55,3,79.71,True
D01380,2026-06-10,West Zone 1,13.89,61.4,3.73,9,94.91,True
D01381,2026-05-25,North Zone 1,9.32,12.3,0.72,7,77.99,True
D01382,2026-05-09,South Zone 1,7.09,17.3,8.61,7,91.43,True
D01383,2026-06-19,West Zone 1,13.66,48.3,5.86,6,104.37,True
D01384,2026-07-07,South Zone 2,9.04,38.1,4.33,8,81.78,False
D01385,2026-05-14,South Zone 2,10.9,41.8,1.57,5,72.57,True
D01386,2026-06-20,North Zone 1,5.73,6.2,1.55,7,72.68,True
D01387,2026-06-12,South Zone 2,13.15,39.9,1.35,4,85.62,True
D01388,2026-05-18,North Zone 2,6.21,16.7,3.18,2,67.37,False
D01389,2026-06-05,North Zone 2,3.86,13.2,1.76,9,59.15,True
D01390,2026-06-01,North Zone 2,10.77,28.6,2.49,5,96.91,True
D01391,2026-05-24,South Zone 2,13.46,37.1,7.72,8,110.94,True
D01392,2026-05-19,South Zone 2,12.66,50.9,2.28,7,90.46,True
D01393,2026-06-30,South Zone 2,8.4,32.6,3.04,12,72.23,True
D01394,2026-06-04,South Zone 1,0.5,4.0,3.32,2,54.64,True
D01395,2026-06-13,East Zone 1,8.14,12.9,1.19,7,77.62,True
D01396,2026-05-25,South Zone 2,9.09,33.3,3.5,8,83.96,True
D01397,2026-06-12,South Zone 1,2.74,4.0,8.42,9,62.74,False
D01398,2026-05-09,South Zone 2,15.68,41.4,0.75,7,83.35,False
D01399,2026-06-15,North Zone 2,12.33,40.6,3.71,9,91.98,True
D01400,2026-05-05,West Zone 1,10.14,52.2,1.19,10,71.79,True
D01401,2026-06-17,North Zone 1,5.35,17.4,5.3,5,72.86,True
D01402,2026-05-21,North Zone 2,11.73,35.8,4.17,8,85.91,False
D01403,2026-06-08,South Zone 2,11.91,40.6,4.63,6,92.08,False
D01404,2026-05-28,South Zone 2,12.78,46.3,6.67,6,106.16,True
D01405,2026-06-15,South Zone 1,7.74,12.0,0.32,6,76.36,True
D01406,2026-07-10,East Zone 1,8.29,19.7,1.45,7,79.77,True
D01407,2026-06-13,North Zone 2,12.86,34.2,3.74,9,88.19,True
D01408,2026-06-10,North Zone 1,2.83,14.9,4.6,9,62.34,True
D01409,2026-05-23,West Zone 1,11.53,39.9,3.32,10,79.52,True
D01410,2026-07-09,West Zone 1,14.43,59.6,2.73,4,88.78,True
D01411,2026-06-18,East Zone 1,6.44,16.2,5.04,8,81.69,True
D01412,2026-07-09,East Zone 1,5.26,13.2,0.68,5,46.99,True
D01413,2026-05-19,South Zone 2,9.93,37.5,2.1,6,90.79,True
D01414,2026-06-12,South Zone 1,4.83,9.8,0.2,6,54.86,True
D01415,2026-07-12,South Zone 1,2.91,7.9,2.19,8,49.84,True
D01416,2026-07-09,North Zone 1,3.85,4.0,5.27,8,69.45,True
D01417,2026-07-06,North Zone 1,2.43,6.1,3.55,7,54.5,True
D01418,2026-06-17,South Zone 2,13.4,53.5,4.09,5,87.34,True
D01419,2026-06-09,North Zone 1,2.84,5.7,3.94,6,62.58,True
D01420,2026-05-08,North Zone 2,5.09,17.8,7.7,3,78.26,True
D01421,2026-06-15,North Zone 1,5.81,20.2,6.66,7,75.38,True
D01422,2026-05-22,South Zone 1,0.5,4.0,2.43,6,60.18,True
D01423,2026-07-01,East Zone 1,8.77,25.0,3.4,5,77.46,True
D01424,2026-06-19,North Zone 1,11.86,26.0,5.99,5,96.44,False
D01425,2026-05-19,East Zone 1,5.69,16.6,0.42,3,73.48,True
D01426,2026-06-20,North Zone 1,2.73,4.0,5.51,7,60.78,False
D01427,2026-07-02,North Zone 1,5.2,4.0,5.12,9,68.82,True
D01428,2026-05-28,South Zone 2,12.57,47.6,3.36,5,95.21,True
D01429,2026-06-25,West Zone 1,18.16,80.6,1.58,7,106.74,False
D01430,2026-06-13,West Zone 1,19.09,65.7,3.08,6,118.07,True
D01431,2026-05-31,North Zone 2,15.16,48.6,5.04,6,104.74,True
D01432,2026-06-08,South Zone 1,5.58,10.8,7.14,12,74.48,True
D01433,2026-07-01,South Zone 1,1.86,9.2,2.38,8,52.06,True
D01434,2026-05-24,South Zone 1,4.38,5.6,7.83,8,70.22,True
D01435,2026-06-01,North Zone 1,3.53,4.0,8.82,9,69.19,True
D01436,2026-07-01,East Zone 1,7.14,23.0,0.69,8,77.29,False
D01437,2026-05-18,North Zone 1,6.59,17.0,1.83,4,79.8,True
D01438,2026-06-04,South Zone 1,9.9,20.7,1.36,7,86.21,True
D01439,2026-06-22,South Zone 2,12.06,37.4,2.35,5,84.91,True
D01440,2026-05-08,East Zone 1,8.5,22.5,10.96,7,91.75,True
D01441,2026-07-07,West Zone 1,12.44,62.0,0.93,5,85.16,True
D01442,2026-05-30,South Zone 2,9.31,29.9,2.74,9,83.59,True
D01443,2026-06-29,South Zone 1,4.31,4.0,4.91,6,67.06,True
D01444,2026-07-05,West Zone 1,18.85,77.7,4.19,6,121.67,False
D01445,2026-05-10,West Zone 1,15.31,55.7,4.8,4,105.89,True
D01446,2026-05-12,North Zone 2,7.92,28.0,4.49,6,81.83,True
D01447,2026-06-05,East Zone 1,11.45,27.9,3.76,7,90.95,True
D01448,2026-06-16,South Zone 2,14.68,58.7,5.05,5,104.41,True
D01449,2026-06-13,East Zone 1,11.59,20.5,2.52,8,83.3,True
D01450,2026-06-08,West Zone 1,13.39,59.9,1.96,8,92.09,True
D01451,2026-07-03,West Zone 1,14.66,52.7,4.21,7,87.59,True
D01452,2026-06-30,North Zone 2,14.46,41.9,1.2,11,99.31,True
D01453,2026-07-09,West Zone 1,14.92,72.0,0.95,10,94.15,True
D01454,2026-07-09,North Zone 1,3.59,14.9,1.65,9,58.68,True
D01455,2026-05-09,North Zone 1,7.88,9.4,3.04,6,82.73,True
D01456,2026-07-03,West Zone 1,12.82,47.8,1.67,9,90.74,True
D01457,2026-06-14,North Zone 1,3.9,7.1,7.96,5,77.89,True
D01458,2026-07-04,North Zone 2,8.34,25.5,8.76,8,89.07,False
D01459,2026-06-24,East Zone 1,9.07,28.8,0.81,10,64.18,True
D01460,2026-05-29,East Zone 1,9.48,16.2,6.66,5,94.16,True
D01461,2026-05-14,North Zone 2,6.25,20.7,1.62,12,69.97,True
D01462,2026-06-15,North Zone 2,10.61,29.3,2.2,7,85.7,True
D01463,2026-06-07,North Zone 1,8.56,24.6,1.12,3,64.61,True
D01464,2026-07-09,North Zone 1,8.34,16.6,4.86,5,77.49,True
D01465,2026-07-12,North Zone 2,13.9,35.1,4.26,5,79.44,True
D01466,2026-06-17,East Zone 1,7.67,30.6,2.54,6,77.39,True
D01467,2026-07-12,West Zone 1,16.09,58.4,3.47,3,104.75,True
D01468,2026-07-06,South Zone 1,5.53,4.0,3.37,7,59.27,True
D01469,2026-07-08,West Zone 1,13.63,65.7,6.61,13,96.2,True
D01470,2026-07-03,South Zone 2,10.67,28.1,4.37,5,88.11,True
D01471,2026-05-19,North Zone 1,7.15,15.9,5.18,11,74.79,True
D01472,2026-06-06,South Zone 1,9.46,15.9,3.76,8,94.0,True
D01473,2026-05-26,South Zone 1,5.98,10.1,0.55,7,59.56,True
D01474,2026-06-29,West Zone 1,11.65,47.5,6.47,13,96.1,True
D01475,2026-05-31,South Zone 2,10.12,35.4,2.69,5,80.73,False
D01476,2026-07-12,South Zone 2,10.27,29.9,3.2,5,81.51,True
D01477,2026-07-12,South Zone 2,9.16,27.3,6.72,8,99.47,True
D01478,2026-05-29,North Zone 2,13.55,34.4,8.19,8,100.34,True
D01479,2026-06-20,North Zone 2,9.71,29.0,4.86,7,78.8,True
D01480,2026-05-08,South Zone 2,14.76,47.0,9.56,4,107.19,True
D01481,2026-05-27,South Zone 2,10.12,34.4,9.38,9,92.52,True
D01482,2026-06-06,West Zone 1,11.02,30.3,5.03,6,81.61,True
D01483,2026-05-05,South Zone 1,4.75,9.0,9.24,5,79.74,False
D01484,2026-06-23,East Zone 1,3.31,10.5,2.9,5,60.47,True
D01485,2026-05-30,South Zone 2,12.17,34.4,1.52,9,101.76,True
D01486,2026-05-22,West Zone 1,17.41,67.8,0.89,6,93.67,True
D01487,2026-07-09,East Zone 1,5.43,14.3,4.28,7,80.84,True
D01488,2026-06-15,North Zone 1,4.03,10.3,2.53,8,64.73,True
D01489,2026-06-25,North Zone 1,1.49,4.0,8.31,5,64.24,True
D01490,2026-06-29,North Zone 1,0.5,4.0,5.56,9,61.23,True
D01491,2026-06-25,West Zone 1,17.24,69.0,1.36,9,108.75,True
D01492,2026-06-01,North Zone 1,6.76,6.2,1.38,5,69.06,True
D01493,2026-06-03,East Zone 1,7.52,22.0,3.36,7,82.72,True
D01494,2026-06-16,North Zone 2,7.09,15.5,11.65,8,88.01,True
D01495,2026-05-17,West Zone 1,14.34,55.8,0.86,5,91.41,True
D01496,2026-06-01,West Zone 1,13.18,51.0,3.37,11,92.98,True
D01497,2026-07-05,North Zone 2,10.93,27.1,1.84,5,81.7,True
D01498,2026-06-14,East Zone 1,6.72,18.7,0.76,3,66.55,True
D01499,2026-06-06,South Zone 1,3.57,10.5,3.4,5,49.07,True
D01500,2026-06-09,East Zone 1,6.54,21.0,6.87,5,90.95,True
D01501,2026-05-04,North Zone 1,6.44,16.3,5.64,7,76.68,True
D01502,2026-05-10,East Zone 1,7.28,19.8,5.52,7,82.24,True
D01503,2026-06-29,North Zone 2,8.33,26.5,1.33,10,67.87,True
D01504,2026-05-20,North Zone 1,9.27,30.1,0.61,3,75.07,True
D01505,2026-07-08,South Zone 1,5.48,6.2,2.38,4,67.56,True
D01506,2026-06-24,South Zone 1,0.5,4.0,4.11,6,53.69,True
D01507,2026-05-06,East Zone 1,12.13,32.4,7.35,8,89.88,True
D01508,2026-05-30,South Zone 1,6.48,9.0,4.42,8,77.97,True
D01509,2026-05-16,West Zone 1,12.54,43.9,9.87,10,102.32,True
D01510,2026-05-10,South Zone 1,3.55,5.0,1.54,7,57.98,True
D01511,2026-07-04,South Zone 1,1.04,4.0,5.31,6,59.55,True
D01512,2026-07-10,South Zone 2,8.0,21.0,5.7,9,70.36,True
D01513,2026-07-09,North Zone 2,10.36,33.7,4.25,8,90.1,True
D01514,2026-07-04,North Zone 1,5.88,10.4,1.7,10,57.55,True
D01515,2026-06-14,East Zone 1,10.37,26.6,5.1,5,91.29,True
D01516,2026-06-17,North Zone 2,8.73,23.6,0.2,10,81.01,True
D01517,2026-06-23,West Zone 1,19.09,87.7,4.8,8,117.82,True
D01518,2026-05-17,South Zone 2,14.78,46.3,3.33,5,95.98,True
D01519,2026-07-10,East Zone 1,7.41,11.9,5.1,13,87.64,True
D01520,2026-06-29,North Zone 2,5.26,18.9,0.76,6,63.3,True
D01521,2026-05-06,North Zone 1,5.81,12.7,2.55,7,81.47,True
D01522,2026-07-08,West Zone 1,17.85,80.5,5.82,4,108.39,True
D01523,2026-05-17,North Zone 1,7.24,4.8,0.92,8,73.32,True
D01524,2026-05-22,South Zone 2,12.1,33.9,3.48,8,98.22,True
D01525,2026-05-27,West Zone 1,16.91,79.0,2.75,10,104.61,True
D01526,2026-06-12,South Zone 2,13.2,40.9,4.45,15,96.88,True
D01527,2026-05-27,North Zone 2,8.96,33.8,2.34,3,71.54,False
D01528,2026-07-09,North Zone 1,7.77,15.6,4.7,6,78.27,True
D01529,2026-06-16,West Zone 1,16.92,79.6,10.0,12,123.64,True
D01530,2026-06-16,South Zone 1,2.96,11.9,8.15,7,72.82,True
D01531,2026-06-06,South Zone 1,7.21,12.6,2.73,11,77.29,True
D01532,2026-06-10,North Zone 2,6.91,15.5,2.54,6,62.14,True
D01533,2026-06-01,East Zone 1,9.39,19.2,3.79,5,79.69,True
D01534,2026-06-24,West Zone 1,14.35,67.4,2.73,6,84.88,True
D01535,2026-06-28,South Zone 2,18.04,58.0,5.65,8,101.69,True
D01536,2026-05-17,East Zone 1,9.92,26.9,1.48,5,84.75,True
D01537,2026-05-11,East Zone 1,1.13,9.1,4.26,9,49.97,True
D01538,2026-07-03,North Zone 2,4.46,16.7,0.2,7,72.75,True
D01539,2026-07-02,East Zone 1,6.96,14.8,2.45,8,69.61,True
D01540,2026-05-23,East Zone 1,10.22,13.8,2.88,10,93.86,False
D01541,2026-07-09,South Zone 2,10.31,33.3,3.32,10,85.36,True
D01542,2026-07-05,North Zone 2,12.78,36.3,2.93,6,88.1,True
D01543,2026-06-13,West Zone 1,10.77,31.0,2.5,3,90.63,True
D01544,2026-06-03,North Zone 2,9.23,31.1,2.89,12,66.69,True
D01545,2026-05-14,North Zone 1,2.48,8.6,6.84,5,64.08,True
D01546,2026-06-28,North Zone 2,8.68,25.1,4.18,6,73.75,True
D01547,2026-06-01,North Zone 1,5.43,14.9,4.47,6,63.7,True
D01548,2026-06-12,South Zone 2,14.95,51.6,12.04,7,103.19,True
D01549,2026-07-06,West Zone 1,11.44,47.2,4.58,9,92.76,True
D01550,2026-07-01,North Zone 2,8.85,25.2,9.81,10,82.61,True
D01551,2026-06-30,West Zone 1,10.84,43.4,3.9,6,79.94,True
D01552,2026-05-19,North Zone 1,4.99,15.4,1.61,6,51.87,True
D01553,2026-05-05,West Zone 1,14.5,65.9,8.84,4,108.8,True
D01554,2026-05-21,East Zone 1,7.64,15.9,1.68,3,71.69,True
D01555,2026-05-31,South Zone 2,11.41,38.7,8.24,4,93.41,True
D01556,2026-06-10,South Zone 1,5.87,10.3,6.79,8,71.14,True
D01557,2026-06-14,North Zone 1,0.97,4.0,0.27,4,45.5,True
D01558,2026-05-20,South Zone 1,2.69,4.0,4.46,6,60.25,True
D01559,2026-06-06,North Zone 2,10.04,18.4,2.48,3,80.46,True
D01560,2026-05-08,East Zone 1,9.66,17.2,3.85,7,90.32,False
D01561,2026-06-20,North Zone 2,11.69,23.6,1.46,8,93.42,True
D01562,2026-06-05,South Zone 1,4.38,11.1,2.42,8,68.7,True
D01563,2026-06-02,West Zone 1,18.16,89.4,3.73,5,99.87,False
D01564,2026-05-27,South Zone 1,4.98,4.0,2.72,8,68.11,True
D01565,2026-05-24,South Zone 2,12.4,45.8,11.07,6,111.22,True
D01566,2026-06-23,West Zone 1,11.98,52.1,1.45,6,75.32,True
D01567,2026-06-29,North Zone 2,9.55,23.4,9.02,8,87.5,True
D01568,2026-05-15,West Zone 1,16.39,60.3,4.42,6,111.3,True
D01569,2026-07-08,South Zone 2,7.96,34.0,7.96,5,88.47,True
D01570,2026-06-28,West Zone 1,12.99,48.7,2.73,5,86.79,True
D01571,2026-07-04,West Zone 1,16.23,62.0,1.8,7,92.06,True
D01572,2026-05-20,East Zone 1,7.94,15.2,12.13,5,88.16,True
D01573,2026-07-08,North Zone 1,10.16,28.3,2.15,3,74.58,True
D01574,2026-05-13,North Zone 1,5.33,23.0,5.12,5,59.38,True
D01575,2026-06-19,West Zone 1,15.11,50.3,3.74,1,102.3,True
D01576,2026-05-13,North Zone 2,6.96,28.0,2.88,6,69.15,True
D01577,2026-05-20,West Zone 1,10.21,48.6,3.06,8,78.46,True
D01578,2026-05-23,South Zone 1,6.88,13.6,2.59,9,67.57,True
D01579,2026-06-16,North Zone 1,5.12,9.7,1.86,11,66.25,False
D01580,2026-05-11,North Zone 1,5.79,7.0,3.03,8,70.85,True
D01581,2026-05-19,West Zone 1,13.24,66.1,0.9,9,91.03,True
D01582,2026-05-11,North Zone 2,11.15,26.9,10.14,7,95.46,True
D01583,2026-06-28,South Zone 2,10.71,38.6,4.08,11,86.02,False
D01584,2026-06-16,South Zone 1,8.44,6.3,3.3,8,70.27,True
D01585,2026-06-03,East Zone 1,3.87,11.7,1.39,9,60.88,True
D01586,2026-05-25,East Zone 1,8.93,27.1,7.28,8,93.77,True
D01587,2026-05-12,South Zone 1,4.88,6.5,5.34,9,61.02,False
D01588,2026-06-10,South Zone 1,4.77,6.7,6.29,9,77.98,True
D01589,2026-06-19,South Zone 2,12.27,37.7,3.51,11,94.3,True
D01590,2026-06-15,East Zone 1,6.01,12.6,2.61,13,62.86,True
D01591,2026-05-06,North Zone 1,5.73,15.4,1.63,6,57.07,False
D01592,2026-06-06,North Zone 1,5.93,16.3,5.32,7,77.32,True
D01593,2026-05-06,West Zone 1,13.78,63.5,2.51,9,94.32,True
D01594,2026-06-16,East Zone 1,10.2,35.8,4.73,3,87.77,True
D01595,2026-07-12,North Zone 1,6.92,17.8,6.38,5,78.03,True
D01596,2026-06-07,North Zone 2,6.42,9.3,3.8,9,75.49,True
D01597,2026-06-18,North Zone 1,8.17,17.5,2.6,7,72.27,True
D01598,2026-06-21,North Zone 1,5.19,9.4,0.25,7,70.36,True
D01599,2026-06-26,North Zone 2,13.32,33.8,4.39,9,88.05,False
D01600,2026-06-03,North Zone 2,11.87,34.0,1.23,8,79.04,False
D01601,2026-07-03,South Zone 1,5.54,13.3,3.77,7,67.74,True
D01602,2026-05-17,South Zone 2,12.41,37.8,1.82,9,75.64,True
D01603,2026-05-10,North Zone 2,6.55,27.2,4.02,3,82.84,True
D01604,2026-05-04,South Zone 1,5.66,9.2,3.47,7,71.83,True
D01605,2026-05-20,West Zone 1,18.35,81.1,3.55,10,112.92,True
D01606,2026-06-20,North Zone 2,10.08,20.0,3.3,8,68.78,True
D01607,2026-06-29,North Zone 2,9.56,24.6,1.22,6,84.94,True
D01608,2026-06-20,East Zone 1,7.55,25.4,3.74,9,59.83,True
D01609,2026-06-09,East Zone 1,7.71,23.7,2.76,8,75.71,True
D01610,2026-07-11,North Zone 1,9.82,18.5,5.99,7,79.81,True
D01611,2026-06-10,South Zone 2,15.95,58.3,12.21,7,118.07,False
D01612,2026-05-23,South Zone 2,11.09,33.3,4.18,8,79.27,True
D01613,2026-05-29,North Zone 2,8.99,24.2,2.21,11,77.97,False
D01614,2026-06-08,West Zone 1,18.07,75.2,12.5,3,113.08,False
D01615,2026-05-27,West Zone 1,14.6,75.3,3.48,7,104.57,True
D01616,2026-05-19,North Zone 1,5.29,7.0,5.11,11,67.14,True
D01617,2026-05-16,North Zone 2,5.99,17.3,9.97,8,84.65,True
D01618,2026-06-24,West Zone 1,14.22,63.3,4.53,2,100.38,True
D01619,2026-07-04,East Zone 1,6.01,16.3,5.43,9,73.39,True
D01620,2026-07-01,East Zone 1,8.15,18.6,6.52,6,81.52,True
D01621,2026-07-09,North Zone 2,7.25,18.5,5.33,8,69.09,True
D01622,2026-06-09,East Zone 1,9.79,22.8,2.05,7,72.34,True
D01623,2026-06-07,South Zone 1,4.74,14.3,5.48,8,71.58,True
D01624,2026-06-24,North Zone 2,11.38,37.8,2.0,8,89.51,True
D01625,2026-06-10,West Zone 1,17.08,77.8,5.14,6,108.75,False
D01626,2026-05-18,East Zone 1,6.8,19.1,5.12,13,74.14,False
D01627,2026-06-01,South Zone 1,6.56,15.8,1.95,4,66.98,True
D01628,2026-05-12,South Zone 1,6.27,11.7,2.05,2,67.03,True
D01629,2026-06-27,North Zone 2,13.0,32.5,3.53,7,92.53,False
D01630,2026-07-02,East Zone 1,4.72,19.5,3.25,5,57.65,True
D01631,2026-07-07,South Zone 1,6.18,13.7,1.38,6,65.87,True
D01632,2026-06-22,North Zone 2,9.46,18.5,1.85,7,83.07,True
D01633,2026-07-10,South Zone 2,11.65,41.4,1.52,9,84.65,True
D01634,2026-06-26,South Zone 1,0.5,4.0,5.45,8,55.05,False
D01635,2026-06-17,North Zone 2,10.59,37.0,4.9,9,91.97,False
D01636,2026-05-30,West Zone 1,13.19,51.2,3.37,5,95.12,True
D01637,2026-05-24,South Zone 2,10.81,31.5,4.15,5,82.27,False
D01638,2026-05-08,West Zone 1,12.94,41.3,7.31,6,107.53,True
D01639,2026-05-10,East Zone 1,13.32,24.8,1.25,9,93.31,True
D01640,2026-05-13,North Zone 2,9.04,31.5,2.61,6,75.6,True
D01641,2026-07-04,North Zone 1,7.25,19.0,3.86,6,70.39,True
D01642,2026-05-29,North Zone 1,5.54,10.5,10.52,7,79.17,True
D01643,2026-06-16,North Zone 1,8.06,24.2,1.29,7,69.09,True
D01644,2026-05-26,West Zone 1,16.08,69.6,6.28,8,103.87,True
D01645,2026-06-30,West Zone 1,12.76,51.6,2.59,9,88.83,False
D01646,2026-05-20,North Zone 1,6.19,17.2,4.36,6,80.02,True
D01647,2026-07-05,East Zone 1,8.65,22.5,3.99,10,73.56,True
D01648,2026-06-23,West Zone 1,10.72,57.6,10.9,6,97.23,True
D01649,2026-06-04,West Zone 1,12.46,52.2,6.57,9,97.16,True
D01650,2026-05-16,North Zone 2,6.52,17.6,2.65,6,69.91,True
D01651,2026-05-21,North Zone 1,9.49,15.3,9.7,5,98.62,True
D01652,2026-06-08,North Zone 2,10.7,34.0,1.63,7,82.3,False
D01653,2026-06-13,North Zone 1,5.74,11.0,0.9,7,72.48,True
D01654,2026-05-08,North Zone 1,5.72,13.0,7.43,5,70.75,True
D01655,2026-05-20,East Zone 1,5.57,15.7,6.07,6,77.56,True
D01656,2026-06-27,South Zone 1,6.16,14.6,5.24,4,81.55,True
D01657,2026-06-03,South Zone 1,5.66,10.3,0.53,6,57.66,False
D01658,2026-06-20,South Zone 2,8.44,21.8,1.02,3,75.78,True
D01659,2026-06-03,South Zone 2,10.41,40.3,2.87,5,91.51,True
D01660,2026-06-16,North Zone 2,9.91,26.2,2.85,4,80.57,True
D01661,2026-06-24,South Zone 1,1.94,4.5,4.73,4,55.06,True
D01662,2026-06-27,West Zone 1,11.82,43.7,2.84,4,81.06,True
D01663,2026-05-23,East Zone 1,4.38,6.6,3.6,7,68.94,True
D01664,2026-05-26,North Zone 2,5.89,16.1,2.08,11,66.46,True
D01665,2026-07-07,North Zone 1,5.73,19.3,6.46,8,78.0,True
D01666,2026-06-13,West Zone 1,10.08,34.5,5.2,4,79.98,True
D01667,2026-06-20,East Zone 1,9.56,15.8,3.55,10,76.66,False
D01668,2026-05-29,East Zone 1,8.38,13.2,12.71,10,96.4,True
D01669,2026-06-26,North Zone 2,8.8,22.3,4.73,12,87.09,True
D01670,2026-05-13,South Zone 2,13.85,48.6,9.81,4,109.89,True
D01671,2026-05-10,North Zone 1,7.27,14.1,3.28,7,61.89,True
D01672,2026-05-10,South Zone 1,7.26,11.7,3.68,3,69.44,True
D01673,2026-06-14,North Zone 1,2.11,6.3,7.57,5,59.23,True
D01674,2026-06-03,North Zone 2,6.16,21.0,5.77,8,74.5,True
D01675,2026-07-03,South Zone 1,0.83,4.0,3.22,6,51.43,False
D01676,2026-05-09,East Zone 1,11.79,24.9,3.65,9,99.81,True
D01677,2026-05-05,West Zone 1,9.83,45.4,9.19,2,98.66,True
D01678,2026-06-16,South Zone 2,12.72,45.6,5.03,7,93.64,True
D01679,2026-06-22,North Zone 1,3.33,5.8,7.9,8,74.33,False
D01680,2026-06-10,East Zone 1,7.95,22.8,2.59,9,81.82,True
D01681,2026-06-18,North Zone 2,14.76,39.5,3.3,5,102.09,True
D01682,2026-06-26,North Zone 2,10.41,20.9,3.37,5,85.16,True
D01683,2026-05-25,North Zone 1,4.97,12.5,4.7,3,63.17,True
D01684,2026-06-28,North Zone 1,7.84,17.3,2.63,3,82.97,True
D01685,2026-06-06,South Zone 1,5.72,9.5,3.9,7,76.67,True
D01686,2026-06-12,West Zone 1,12.46,43.6,4.05,7,90.17,True
D01687,2026-05-16,East Zone 1,6.03,4.0,2.41,2,70.28,True
D01688,2026-05-30,North Zone 2,11.23,28.0,5.35,6,94.86,False
D01689,2026-05-28,North Zone 2,8.28,28.3,5.37,5,87.03,True
D01690,2026-06-28,East Zone 1,8.13,21.9,0.8,4,69.17,True
D01691,2026-05-22,South Zone 2,13.29,43.4,0.87,6,100.16,False
D01692,2026-05-15,North Zone 1,7.15,21.4,5.33,5,78.14,True
D01693,2026-06-09,East Zone 1,7.57,22.9,3.96,3,63.81,True
D01694,2026-06-03,South Zone 1,4.78,10.8,8.1,9,71.02,True
D01695,2026-06-13,West Zone 1,13.18,46.2,13.15,9,107.43,True
D01696,2026-06-04,West Zone 1,10.03,47.1,6.39,9,83.74,False
D01697,2026-05-17,South Zone 2,8.19,27.4,2.18,12,76.82,True
D01698,2026-05-11,West Zone 1,11.47,46.7,4.77,13,85.11,True
D01699,2026-06-13,North Zone 2,6.23,14.0,3.37,4,85.36,False
D01700,2026-05-12,South Zone 1,5.6,15.4,2.48,7,75.26,True
D01701,2026-06-21,East Zone 1,5.18,8.0,2.97,8,68.7,True
D01702,2026-05-21,East Zone 1,5.02,17.5,1.32,11,74.54,True
D01703,2026-05-25,South Zone 2,9.73,32.5,3.89,4,89.66,True
D01704,2026-06-29,West Zone 1,17.6,67.2,0.59,8,101.49,True
D01705,2026-05-29,North Zone 1,6.98,16.5,9.83,8,88.06,True
D01706,2026-05-20,West Zone 1,19.0,92.1,2.83,5,110.93,True
D01707,2026-07-12,South Zone 1,7.27,6.8,0.82,2,75.76,True
D01708,2026-05-05,North Zone 2,12.34,38.1,4.86,4,104.67,True
D01709,2026-06-02,East Zone 1,4.36,11.1,1.61,8,55.35,True
D01710,2026-05-27,North Zone 2,9.46,25.8,3.07,11,77.89,True
D01711,2026-06-26,North Zone 2,8.09,26.0,16.14,3,93.97,True
D01712,2026-05-09,North Zone 1,6.8,18.3,5.74,6,76.15,True
D01713,2026-05-14,North Zone 1,10.83,26.7,3.45,5,82.66,True
D01714,2026-07-04,West Zone 1,14.02,55.8,5.35,8,87.44,True
D01715,2026-05-25,South Zone 2,12.09,33.2,7.47,5,94.96,True
D01716,2026-07-09,West Zone 1,16.57,72.2,4.24,5,103.01,True
D01717,2026-07-12,South Zone 1,4.66,11.2,2.15,7,62.02,True
D01718,2026-05-28,South Zone 2,11.48,41.1,4.29,3,94.65,True
D01719,2026-06-06,East Zone 1,4.75,10.8,8.19,7,71.01,False
D01720,2026-05-30,East Zone 1,6.06,12.4,3.66,8,66.02,False
D01721,2026-06-01,North Zone 1,5.95,11.5,1.04,7,74.29,True
D01722,2026-06-17,North Zone 2,7.83,27.4,0.83,9,73.12,True
D01723,2026-07-01,South Zone 1,4.32,7.0,11.16,7,85.74,True
D01724,2026-06-22,South Zone 2,15.25,45.3,0.28,5,92.47,True
D01725,2026-06-18,South Zone 1,5.61,10.6,1.57,7,60.55,True
D01726,2026-05-09,North Zone 1,10.35,20.7,1.83,12,74.86,True
D01727,2026-05-21,South Zone 1,3.96,4.0,2.42,6,72.07,True
D01728,2026-05-17,South Zone 1,6.14,8.7,5.56,8,88.73,True
D01729,2026-05-15,South Zone 1,7.29,12.5,4.01,9,74.22,False
D01730,2026-06-04,South Zone 1,8.46,13.5,1.4,5,82.68,True
D01731,2026-05-13,West Zone 1,16.13,74.7,4.48,6,105.76,False
D01732,2026-05-12,South Zone 1,5.62,24.2,2.61,4,67.74,True
D01733,2026-07-11,East Zone 1,7.6,14.2,0.57,3,60.83,True
D01734,2026-06-17,North Zone 1,6.22,15.5,3.14,12,64.46,True
D01735,2026-06-29,North Zone 2,11.0,31.9,3.02,5,81.33,True
D01736,2026-05-20,West Zone 1,15.36,68.0,1.34,16,90.22,False
D01737,2026-05-10,North Zone 1,7.24,11.6,4.48,11,72.67,True
D01738,2026-05-23,South Zone 1,3.0,4.0,9.26,6,71.83,True
D01739,2026-06-25,North Zone 1,1.27,4.0,3.03,12,52.85,True
D01740,2026-06-30,East Zone 1,5.87,19.5,2.05,9,65.46,True
D01741,2026-06-12,South Zone 1,4.31,4.0,4.84,7,74.18,True
D01742,2026-06-12,South Zone 2,13.06,38.9,4.31,5,78.79,True
D01743,2026-05-12,North Zone 1,4.96,8.5,3.2,6,64.02,True
D01744,2026-06-26,South Zone 1,5.11,8.1,2.31,4,61.11,True
D01745,2026-06-18,East Zone 1,7.87,14.9,0.79,4,65.93,True
D01746,2026-05-09,North Zone 2,11.68,26.5,1.18,7,73.06,True
D01747,2026-05-22,South Zone 2,13.43,41.1,4.7,4,113.29,True
D01748,2026-06-15,South Zone 1,4.64,6.3,7.85,5,68.0,True
D01749,2026-06-15,North Zone 1,5.29,5.5,1.68,7,67.41,True
D01750,2026-05-21,South Zone 1,4.59,13.0,7.97,12,77.69,True
D01751,2026-06-21,South Zone 1,7.37,10.0,0.65,9,70.79,True
D01752,2026-06-23,North Zone 2,8.08,21.3,11.4,10,75.55,False
D01753,2026-06-18,South Zone 1,5.4,4.9,4.32,7,71.77,True
D01754,2026-06-09,West Zone 1,12.04,52.7,5.92,9,101.75,True
D01755,2026-05-30,South Zone 1,8.75,10.1,7.74,8,86.52,True
D01756,2026-05-24,East Zone 1,9.32,22.9,1.72,5,80.0,True
D01757,2026-05-09,East Zone 1,5.32,5.1,5.81,5,78.72,False
D01758,2026-07-02,South Zone 2,14.87,53.7,3.25,5,95.61,True
D01759,2026-05-14,West Zone 1,12.76,50.6,2.29,8,87.49,True
D01760,2026-06-28,South Zone 2,13.92,40.1,2.0,5,91.57,True
D01761,2026-06-22,South Zone 1,10.68,18.2,4.76,5,83.31,True
D01762,2026-06-28,North Zone 1,5.88,19.5,9.25,8,83.09,True
D01763,2026-07-08,North Zone 1,4.1,9.3,6.29,3,75.61,True
D01764,2026-05-21,East Zone 1,5.29,11.8,4.34,8,66.72,True
D01765,2026-07-07,North Zone 2,11.68,45.4,3.55,8,87.14,True
D01766,2026-05-23,East Zone 1,12.57,22.0,1.58,9,83.03,True
D01767,2026-05-15,West Zone 1,12.72,47.8,9.3,7,96.12,True
D01768,2026-06-25,North Zone 2,9.43,20.5,5.39,6,91.13,True
D01769,2026-06-03,South Zone 1,8.02,12.0,1.76,4,71.24,True
D01770,2026-05-09,West Zone 1,19.71,68.0,3.74,2,103.09,True
D01771,2026-05-05,South Zone 1,7.7,18.0,5.4,7,72.74,True
D01772,2026-05-08,South Zone 2,14.07,37.0,1.54,9,88.48,True
D01773,2026-06-20,West Zone 1,13.56,50.9,5.82,10,98.25,True
D01774,2026-06-28,North Zone 2,6.49,16.8,3.4,6,64.23,True
D01775,2026-05-31,West Zone 1,13.42,49.1,3.66,10,89.11,True
D01776,2026-06-17,South Zone 1,10.06,21.9,0.94,5,80.78,True
D01777,2026-06-06,South Zone 2,12.73,42.4,5.55,6,98.72,True
D01778,2026-05-09,North Zone 1,3.88,15.6,11.44,1,78.35,True
D01779,2026-06-18,South Zone 1,0.5,7.0,7.39,7,60.39,True
D01780,2026-05-23,North Zone 1,8.65,17.5,2.78,6,80.71,True
D01781,2026-05-16,West Zone 1,13.31,50.2,3.97,7,94.09,True
D01782,2026-06-27,North Zone 2,10.02,25.0,4.28,4,82.4,True
D01783,2026-06-25,East Zone 1,7.82,28.6,4.89,6,83.85,True
D01784,2026-07-12,South Zone 1,6.31,4.4,4.11,7,67.01,True
D01785,2026-06-29,South Zone 2,11.42,41.7,7.23,7,100.46,True
D01786,2026-06-09,North Zone 1,6.24,10.8,1.8,8,58.4,True
D01787,2026-05-23,West Zone 1,14.45,43.8,5.33,3,98.49,True
D01788,2026-07-06,South Zone 2,12.32,38.6,1.22,6,87.89,True
D01789,2026-07-11,West Zone 1,16.11,61.9,1.85,5,102.97,True
D01790,2026-06-29,South Zone 1,6.51,9.9,7.11,3,83.44,True
D01791,2026-06-10,West Zone 1,17.1,81.7,4.43,7,104.11,True
D01792,2026-06-08,South Zone 1,8.27,10.7,2.3,2,72.32,True
D01793,2026-05-20,South Zone 2,13.32,54.0,1.92,7,85.81,True
D01794,2026-06-11,South Zone 2,9.43,29.0,3.01,7,79.34,True
D01795,2026-06-27,South Zone 2,11.2,26.2,4.87,6,90.49,True
D01796,2026-05-27,North Zone 1,4.28,6.1,5.4,11,82.52,True
D01797,2026-07-03,West Zone 1,13.18,54.5,2.05,6,91.76,True
D01798,2026-06-15,East Zone 1,6.67,17.7,0.77,4,75.74,True
D01799,2026-06-12,South Zone 1,2.93,5.7,3.76,8,61.76,True
D01800,2026-05-14,North Zone 1,6.96,16.2,1.18,8,66.94,True
D01801,2026-06-09,South Zone 1,2.07,8.3,0.48,7,41.81,True
D01802,2026-05-08,North Zone 2,7.85,21.7,1.15,5,83.73,True
D01803,2026-06-06,North Zone 1,6.11,16.1,5.82,10,70.83,True
D01804,2026-05-09,North Zone 1,9.24,12.8,4.82,5,79.43,True
D01805,2026-06-16,North Zone 2,4.96,18.0,12.94,8,86.31,True
D01806,2026-07-06,North Zone 1,8.37,13.3,0.38,15,81.0,True
D01807,2026-05-28,South Zone 2,11.48,39.7,3.79,4,90.9,True
D01808,2026-06-25,South Zone 2,5.87,30.3,4.53,3,64.88,True
D01809,2026-06-11,South Zone 2,11.88,47.3,2.94,3,93.96,True
D01810,2026-05-04,South Zone 2,13.68,50.3,4.22,6,98.23,True
D01811,2026-06-19,West Zone 1,16.12,56.7,4.59,5,102.49,True
D01812,2026-06-09,South Zone 1,5.49,11.2,3.78,4,64.91,True
D01813,2026-06-25,South Zone 1,5.73,18.5,2.88,4,72.43,True
D01814,2026-07-02,South Zone 2,11.02,38.6,2.15,10,84.16,True
D01815,2026-05-22,South Zone 2,13.89,47.9,3.58,3,93.78,True
D01816,2026-05-19,West Zone 1,12.12,50.4,1.21,8,89.29,True
D01817,2026-05-17,East Zone 1,4.14,7.4,2.63,3,71.21,True
D01818,2026-05-07,North Zone 2,9.11,29.1,5.08,4,86.36,True
D01819,2026-05-31,North Zone 1,6.8,14.3,1.95,6,65.69,True
D01820,2026-06-19,South Zone 2,15.48,46.9,0.89,5,96.02,True
D01821,2026-05-14,South Zone 1,2.71,8.6,1.19,8,54.73,True
D01822,2026-05-28,South Zone 1,6.2,7.3,1.93,12,73.13,True
D01823,2026-05-20,South Zone 1,2.96,7.2,3.96,4,60.7,True
D01824,2026-06-23,North Zone 1,5.93,13.4,10.3,8,75.94,True
D01825,2026-05-31,South Zone 2,11.69,40.6,2.04,4,85.16,True
D01826,2026-05-14,West Zone 1,14.8,58.6,5.72,8,107.36,True
D01827,2026-06-07,South Zone 2,11.17,34.9,7.54,4,103.5,True
D01828,2026-07-08,North Zone 2,11.13,33.4,1.0,10,79.51,True
D01829,2026-05-21,South Zone 1,4.67,13.9,2.73,8,56.95,True
D01830,2026-05-06,West Zone 1,13.85,65.8,6.52,8,99.44,True
D01831,2026-05-09,South Zone 1,7.96,9.7,2.01,3,81.31,True
D01832,2026-06-04,East Zone 1,7.16,16.4,0.75,4,62.04,True
D01833,2026-06-21,West Zone 1,11.46,40.4,7.19,6,97.18,True
D01834,2026-05-25,North Zone 1,1.8,4.0,1.17,6,61.45,True
D01835,2026-06-27,South Zone 2,11.67,36.4,5.26,8,88.91,True
D01836,2026-05-28,South Zone 2,20.01,60.2,4.18,8,113.05,True
D01837,2026-06-28,North Zone 2,10.91,27.1,3.85,7,87.61,False
D01838,2026-06-23,North Zone 2,8.06,19.6,4.18,8,78.7,True
D01839,2026-06-29,North Zone 2,12.73,32.8,6.05,9,96.78,False
D01840,2026-05-23,South Zone 2,12.86,37.1,1.16,9,87.27,True
D01841,2026-06-02,North Zone 2,7.87,21.5,10.42,7,80.21,True
D01842,2026-05-11,South Zone 1,6.37,9.1,1.1,9,78.82,True
D01843,2026-06-04,East Zone 1,8.71,20.7,8.83,8,86.62,True
D01844,2026-05-20,West Zone 1,17.47,78.1,1.82,5,103.87,True
D01845,2026-06-04,South Zone 2,13.18,48.1,3.9,8,99.24,True
D01846,2026-05-15,North Zone 1,9.33,21.0,3.25,6,83.47,True
D01847,2026-07-01,North Zone 2,7.31,22.5,1.13,7,68.34,True
D01848,2026-06-12,South Zone 1,2.07,4.0,1.77,11,54.16,True
D01849,2026-07-04,North Zone 2,9.56,21.8,2.37,6,80.49,True
D01850,2026-07-08,East Zone 1,4.13,12.6,5.59,9,73.46,True
D01851,2026-05-04,South Zone 2,13.49,43.8,5.86,3,106.29,True
D01852,2026-06-22,East Zone 1,8.13,25.9,4.13,8,74.7,False
D01853,2026-06-29,East Zone 1,2.72,14.0,1.54,4,54.7,True
D01854,2026-07-06,South Zone 1,0.5,4.0,0.93,6,56.57,True
D01855,2026-06-19,South Zone 2,12.95,37.8,2.01,5,91.55,True
D01856,2026-05-21,West Zone 1,17.45,74.2,3.57,6,107.75,True
D01857,2026-07-02,West Zone 1,15.2,68.8,1.46,7,103.92,True
D01858,2026-05-22,East Zone 1,10.8,25.2,3.28,10,82.7,True
D01859,2026-05-25,North Zone 1,6.35,10.8,6.48,8,72.16,False
D01860,2026-05-12,North Zone 2,11.77,35.0,2.41,6,85.08,True
D01861,2026-06-12,South Zone 1,5.27,10.5,2.4,11,69.1,True
D01862,2026-06-26,North Zone 2,11.32,34.6,0.9,7,83.03,True
D01863,2026-05-12,South Zone 1,4.12,7.4,6.52,8,65.63,True
D01864,2026-06-17,South Zone 2,15.51,62.6,0.28,9,99.52,True
D01865,2026-07-07,South Zone 1,3.38,4.0,1.86,6,50.35,True
D01866,2026-05-05,South Zone 1,4.07,13.3,2.96,10,59.53,True
D01867,2026-05-17,West Zone 1,14.18,61.3,3.16,5,88.09,True
D01868,2026-06-06,South Zone 1,5.59,4.0,5.49,12,72.84,True
D01869,2026-05-11,West Zone 1,10.78,43.3,1.54,4,91.1,True
D01870,2026-06-02,East Zone 1,8.68,22.8,3.51,5,69.38,False
D01871,2026-05-04,North Zone 2,12.26,32.1,4.77,6,92.15,True
D01872,2026-06-24,South Zone 1,7.31,6.8,8.09,7,97.18,True
D01873,2026-06-06,East Zone 1,9.56,24.5,2.57,13,84.07,True
D01874,2026-05-07,North Zone 1,8.82,14.8,6.85,9,90.28,True
D01875,2026-05-28,West Zone 1,17.23,64.0,4.44,2,103.03,True
D01876,2026-06-25,North Zone 2,11.34,38.6,3.67,16,83.96,True
D01877,2026-06-26,North Zone 2,9.08,23.4,2.14,10,77.62,True
D01878,2026-06-01,East Zone 1,6.36,16.0,2.44,5,80.77,True
D01879,2026-06-17,South Zone 1,6.72,12.4,1.72,7,71.56,False
D01880,2026-05-17,West Zone 1,13.28,55.1,0.98,9,84.81,True
D01881,2026-07-01,South Zone 2,10.79,44.8,2.74,8,87.33,False
D01882,2026-07-10,East Zone 1,10.45,19.3,3.42,9,99.07,True
D01883,2026-05-23,North Zone 1,5.87,13.5,0.54,11,63.22,True
D01884,2026-06-21,East Zone 1,7.0,8.6,1.08,7,60.72,True
D01885,2026-06-24,South Zone 1,8.25,17.8,2.25,7,63.13,True
D01886,2026-06-25,South Zone 2,12.2,41.7,2.03,8,94.32,True
D01887,2026-06-30,North Zone 1,7.24,17.6,10.0,9,88.99,True
D01888,2026-05-20,East Zone 1,5.36,21.2,1.89,3,70.78,True
D01889,2026-06-29,South Zone 1,6.3,5.3,0.89,4,68.6,True
D01890,2026-06-13,East Zone 1,7.58,15.6,3.06,11,70.99,False
D01891,2026-05-05,West Zone 1,13.39,55.5,1.77,5,87.5,True
D01892,2026-06-17,North Zone 1,8.82,26.3,1.19,7,65.65,True
D01893,2026-05-16,East Zone 1,4.8,10.2,1.08,9,50.84,True
D01894,2026-05-14,North Zone 2,8.82,23.7,3.99,11,82.62,True
D01895,2026-05-27,West Zone 1,12.48,53.6,2.67,8,93.16,True
D01896,2026-07-01,South Zone 1,9.39,17.9,3.86,8,81.53,True
D01897,2026-06-23,West Zone 1,12.64,53.2,2.46,5,94.17,True
D01898,2026-06-05,East Zone 1,7.49,19.1,0.9,7,71.84,True
D01899,2026-07-10,North Zone 2,8.04,21.2,2.35,8,62.24,True
D01900,2026-06-22,North Zone 2,6.17,12.8,14.74,3,94.55,True
D01901,2026-05-17,North Zone 2,9.79,23.7,6.83,9,78.49,True
D01902,2026-07-07,West Zone 1,14.13,52.7,5.41,8,94.52,True
D01903,2026-06-09,East Zone 1,10.08,28.3,6.54,6,81.84,True
D01904,2026-06-05,North Zone 2,1.75,4.0,5.55,4,60.5,True
D01905,2026-07-06,North Zone 1,7.08,15.1,3.85,4,77.47,True
D01906,2026-06-12,North Zone 1,6.33,10.7,3.91,5,74.6,True
D01907,2026-06-28,North Zone 1,8.46,17.5,6.53,5,86.25,True
D01908,2026-05-09,East Zone 1,10.97,30.4,8.43,7,103.51,True
D01909,2026-05-27,East Zone 1,6.24,13.7,8.07,4,74.92,True
D01910,2026-07-07,East Zone 1,11.29,29.7,4.98,8,90.1,True
D01911,2026-05-27,South Zone 2,9.57,36.7,1.08,10,77.79,True
D01912,2026-07-07,East Zone 1,7.86,21.9,3.65,5,83.85,True
D01913,2026-06-28,East Zone 1,5.84,15.3,10.87,8,77.65,True
D01914,2026-06-13,South Zone 2,10.15,33.5,5.9,2,90.08,True
D01915,2026-06-05,North Zone 2,11.55,33.9,1.45,8,86.77,True
D01916,2026-07-01,East Zone 1,8.45,25.8,4.83,6,78.72,True
D01917,2026-07-03,South Zone 1,6.77,15.3,5.06,6,71.33,True
D01918,2026-06-26,South Zone 2,8.3,23.3,7.29,4,82.58,True
D01919,2026-07-05,North Zone 2,10.37,30.2,2.78,10,79.84,True
D01920,2026-05-29,South Zone 1,5.59,9.8,1.56,7,68.76,True
D01921,2026-05-26,West Zone 1,9.82,43.1,7.84,13,100.34,True
D01922,2026-05-13,South Zone 2,8.6,28.7,1.61,10,71.61,True
D01923,2026-05-28,West Zone 1,10.36,41.7,2.85,11,86.06,True
D01924,2026-06-23,West Zone 1,14.73,70.5,8.26,7,100.92,True
D01925,2026-07-06,East Zone 1,8.24,18.2,0.65,10,72.97,True
D01926,2026-07-02,South Zone 1,6.38,7.3,1.08,10,61.22,True
D01927,2026-05-25,North Zone 2,3.92,16.4,1.82,7,43.53,True
D01928,2026-06-19,South Zone 2,15.96,46.7,2.51,9,113.43,True
D01929,2026-05-28,North Zone 1,4.23,6.8,1.43,7,66.08,True
D01930,2026-05-22,East Zone 1,10.8,22.4,0.65,4,95.96,False
D01931,2026-05-15,North Zone 2,10.51,26.8,3.45,9,78.6,True
D01932,2026-05-17,North Zone 2,9.06,22.0,0.59,8,78.14,True
D01933,2026-06-28,West Zone 1,11.92,47.4,5.27,8,89.05,True
D01934,2026-06-15,North Zone 2,9.78,30.8,2.36,4,89.71,True
D01935,2026-05-28,East Zone 1,10.38,32.4,2.73,6,77.4,True
D01936,2026-06-02,North Zone 2,12.29,34.3,4.47,11,81.64,True
D01937,2026-06-01,South Zone 2,8.65,30.9,4.57,6,76.5,True
D01938,2026-05-24,West Zone 1,12.77,46.6,5.55,7,94.22,True
D01939,2026-05-21,North Zone 2,10.47,28.1,1.68,7,86.16,True
D01940,2026-06-10,East Zone 1,7.78,24.3,4.86,6,79.63,True
D01941,2026-05-24,South Zone 2,15.45,43.3,8.92,9,107.17,True
D01942,2026-05-31,South Zone 1,6.12,6.5,2.93,13,63.61,True
D01943,2026-06-08,North Zone 2,8.19,21.8,0.79,12,80.76,True
D01944,2026-07-11,East Zone 1,5.75,14.7,12.22,11,83.71,True
D01945,2026-05-07,South Zone 2,18.17,60.6,2.59,8,111.25,True
D01946,2026-05-07,South Zone 2,9.25,34.6,5.69,8,74.38,True
D01947,2026-05-30,North Zone 1,8.06,13.6,4.35,10,81.05,True
D01948,2026-05-11,West Zone 1,16.53,60.6,2.43,5,106.69,True
D01949,2026-06-20,South Zone 2,13.09,36.8,2.24,7,77.28,True
D01950,2026-06-08,North Zone 1,3.67,11.6,2.62,6,54.04,True
D01951,2026-07-06,East Zone 1,8.67,21.4,3.56,9,83.33,True
D01952,2026-05-18,West Zone 1,13.38,50.1,10.81,9,104.92,True
D01953,2026-07-06,North Zone 2,10.09,29.7,3.89,7,71.99,True
D01954,2026-06-09,North Zone 2,12.62,37.5,9.92,3,101.74,True
D01955,2026-05-18,East Zone 1,7.94,20.8,8.22,7,79.9,True
D01956,2026-05-04,North Zone 2,9.62,27.7,1.78,6,83.77,True
D01957,2026-06-12,North Zone 1,7.8,14.3,3.61,7,72.38,True
D01958,2026-05-23,East Zone 1,2.71,4.0,8.29,7,75.86,True
D01959,2026-06-18,South Zone 2,19.01,58.5,1.7,10,100.65,True
D01960,2026-05-12,West Zone 1,14.61,69.6,6.95,5,107.44,True
D01961,2026-05-30,West Zone 1,11.94,42.3,4.97,7,98.5,True
D01962,2026-05-26,West Zone 1,12.77,61.9,0.2,15,90.69,True
D01963,2026-06-02,South Zone 1,6.9,16.4,4.53,10,67.04,True
D01964,2026-06-22,North Zone 1,7.05,15.5,1.66,3,70.64,True
D01965,2026-06-04,East Zone 1,9.49,24.2,4.98,9,85.9,True
D01966,2026-07-01,East Zone 1,11.86,33.5,0.76,11,80.35,True
D01967,2026-06-24,East Zone 1,8.44,21.0,2.54,4,69.03,True
D01968,2026-06-30,North Zone 1,4.51,6.6,9.05,10,82.02,True
D01969,2026-05-28,West Zone 1,16.49,68.4,5.83,6,116.92,True
D01970,2026-06-13,West Zone 1,16.97,53.9,6.01,7,108.81,False
D01971,2026-05-20,South Zone 2,11.37,38.6,8.75,6,95.55,True
D01972,2026-06-25,North Zone 1,6.58,16.7,4.48,8,79.77,True
D01973,2026-05-21,North Zone 1,6.03,7.0,1.5,10,64.0,True
D01974,2026-05-04,West Zone 1,13.9,51.3,3.74,7,89.0,True
D01975,2026-06-15,North Zone 2,8.59,19.8,5.69,11,64.99,True
D01976,2026-07-01,North Zone 2,8.19,18.2,4.63,6,79.88,True
D01977,2026-06-16,South Zone 2,10.17,45.1,6.21,7,96.85,True
D01978,2026-05-25,East Zone 1,8.59,19.3,1.68,5,74.14,True
D01979,2026-05-15,North Zone 1,4.98,5.8,3.44,8,70.7,True
D01980,2026-07-03,South Zone 1,2.83,8.0,4.24,10,52.45,False
D01981,2026-05-25,North Zone 2,8.82,21.1,3.51,4,76.67,True
D01982,2026-05-15,East Zone 1,5.72,15.3,3.6,6,71.87,True
D01983,2026-05-06,North Zone 1,5.36,8.7,0.59,8,53.73,True
D01984,2026-05-20,South Zone 1,7.03,14.4,1.19,3,68.77,True
D01985,2026-05-17,South Zone 2,13.23,44.4,6.16,11,87.59,True
D01986,2026-06-21,West Zone 1,12.57,54.7,2.83,5,86.94,True
D01987,2026-05-21,South Zone 1,7.63,13.3,4.98,10,75.43,True
D01988,2026-06-13,West Zone 1,15.5,53.4,2.73,3,91.05,True
D01989,2026-06-07,East Zone 1,10.36,23.5,15.29,5,96.51,True
D01990,2026-07-05,West Zone 1,16.08,61.5,1.35,6,94.64,True
D01991,2026-05-06,East Zone 1,9.54,29.1,4.8,7,87.73,True
D01992,2026-07-04,East Zone 1,10.87,19.3,3.47,8,79.21,True
D01993,2026-05-18,North Zone 2,8.82,26.6,5.2,8,80.06,True
D01994,2026-06-04,North Zone 2,8.49,27.5,7.52,6,78.42,True
D01995,2026-06-12,South Zone 2,14.33,38.8,2.83,4,94.49,True
D01996,2026-06-19,South Zone 1,6.39,23.1,6.75,8,76.79,True
D01997,2026-05-23,South Zone 1,5.19,7.1,1.0,4,62.07,True
D01998,2026-06-12,North Zone 1,12.52,24.8,1.05,7,90.98,True
D01999,2026-05-26,North Zone 2,6.79,22.5,1.31,5,80.2,True
